id,created_at,updated_at,user_identity,identity_detail,household_population,annual_income,annual_surplus,housing_area,initial_winter_cost,ended_at,ending_type,ending_summary,event_log,ai_analysis,ai_analysis_at,post_survey,post_survey_at,sq_q1_understanding_before,sq_q1_understanding_before_label,sq_q2_understanding_after,sq_q2_understanding_after_label,sq_q3_biggest_impact,sq_q3_biggest_impact_label,sq_q3_impact_other,sq_q4_strategy_change,sq_q4_strategy_change_label,sq_q_end1_recommend,sq_q_end1_recommend_label,sq_q_end_ai_helpfulness,sq_q_end_ai_helpfulness_label,sq_q_end_ai_feedback,sq_q_end2_suggestions,sq_s1_simulator_help,sq_s1_simulator_help_label,sq_s2_hardest_burden,sq_s2_hardest_burden_labels,sq_s3_reflection,sq_f1_heating_method,sq_f1_heating_method_label,sq_f1_method_other,sq_f2_annual_heating_cost,sq_f3_reduce_spending,sq_f3_reduce_spending_label,sq_f3_reduce_methods,sq_f4_cost_realism,sq_f4_cost_realism_label,sq_f5_subsidy_response,sq_f5_subsidy_response_labels,sq_f5_other,sq_f6_realistic_part,sq_f7_unrealistic_part,sq_f8_policy_suggestion,sq_n1_heating_method,sq_n1_heating_method_label,sq_n1_method_other,sq_n2_concerns,sq_n2_concerns_labels,sq_n3_attitude,sq_n3_attitude_label,sq_n4_preferred_path,sq_o1_perspective,sq_o1_perspective_label,sq_o2_policy_variance_help,sq_o2_policy_variance_help_label,sq_o3_policy_gaps,sq_o3_policy_gaps_labels,sq_o4_policy_conflict_detail,sq_o5_reflection,initial_energy_burden_pct,initial_co2_tons,choice_turn1_id,choice_turn1_label,choice_turn2_id,choice_turn2_label,choice_turn2_all_labels,choice_turn3_id,choice_turn3_label,choice_turn4_id,choice_turn4_label,choice_turn5_id,choice_turn5_label,final_energy_burden_pct,final_heating_cost,final_compliance,final_emission_score,final_co2_tons,sq_farmer_interview_willing,sq_farmer_interview_willing_label,sq_farmer_interview_contact,sq_f2_annual_heating_cost_label,sq_f3_reduce_methods_labels,sq_f6_realistic_part_label,sq_f7_unrealistic_part_label,sq_n4_preferred_path_label,session_duration_seconds,analysis_tag,备注
533d4bf7-fd4d-4d65-978e-6af277bc0f2a,2026-06-28T09:20:31.079925,2026-06-28T09:26:31.85,学生,高二,3,50000,20000,100,3000,2026-06-28T09:21:31.63,success,排放、合规、能耗负担率达标且年盈余不为负，成功实现绿色转型。,"[""初始化：身份=学生（高二），常住人口=3人，方式=散煤炉，收入=50000，年取暖费用=3000，CO₂=6.194 吨，排放达标度=59 分。"",""回合1：准备转型 -> 表达整改意愿，合规度升至 60 分；仍用散煤，排放达标度 59 分。"",""【当前年取暖碳排放】6.194 吨 CO₂（排放达标度 59 分）"",""回合3：天然气（改造3000元/100㎡，年取暖≈气量×2.98元/m³） -> 完成清洁取暖改造（天然气），合规度回满 100 分，排放达标度 90 分，CO₂ 1.500 吨；改造后年取暖费=2235 元（由初始散煤用量换算气量 × 2.98 元/m³），年盈余变化=-2235 元。"",""【当前年取暖碳排放】1.500 吨 CO₂（排放达标度 90 分）"",""回合4：提高收入 -> 提高收入：年收入提高 20%（+10000 元），年盈余同步增加 10000 元；排放分数不变（90 分）。"",""【当前年取暖碳排放】1.500 吨 CO₂（排放达标度 90 分）"",""回合5：补贴减少 -> 散煤 3.00 吨，等价天然气 750.0 立方米，取暖年花费 +450 元。"",""【当前年取暖碳排放】1.500 吨 CO₂（排放达标度 90 分）"",""【终局】排放、合规、能耗负担率达标且年盈余不为负，成功实现绿色转型。""]","## 一、农户形象解析

**一句话看懂：** 节俭但有底气的农村学生家庭，散煤过冬负担不重。

- **收入与盈余：** 年收入5万，年盈余2万，说明家庭日常开销不大，每年能存下两万块钱，经济上比很多纯种地户要宽裕。
- **住房与人口：** 3口人住100平米，不算挤，也不算大，是一个典型的小户型农户。
- **初始取暖方式与费用：** 用散煤炉，每年取暖费3000元，占年收入的6%（能耗负担率），在保定农村属于中等偏下水平——说明虽然烧煤有烟、有灰，但这一家对取暖费还不算太心疼。
- **碳排放与合规：** 初始排放6.2吨CO₂，合规度59分（刚及格）。环保分数不高，主要问题就是烧散煤，冬天可能冒黑烟。

## 二、转型建议

**一句话看懂：** 天然气是靠谱选择，但先想办法提高收入更稳当。

- **建议路径：** **推荐走天然气改造路线。** 理由：本案改造费3000元（一次性投入比热泵低得多），年取暖费从3000元降至2235元，不仅环保，还省了765元/年的现金，对年盈余2万的家庭完全负担得起。
- **本局已走路径：** 用户在回合3决定改天然气（改造成本3000元，年取暖费2235元），然后回合4又专门打工把年收入提高了1万元。这是合理的顺序——先求稳、再求发展，唯一小问题是：**其实应该先提高收入，再改造**，这样改造时现金更充裕，不用一次掏3000元之后手头紧。
- **可改进之处：** 回合5补贴退坡（取暖年花费涨了450元），用户没有做任何节能措施（比如换保温门窗、加厚墙体）。如果花一两千做简单保温，气量还能再省一些，对以后补贴越来越少的情况会更抗压。

## 三、政策与民生矛盾解读

**一句话看懂：** 最卡在「改得起但怕以后用不起」。

- **改得起 vs 用得起：** 改天然气一次性掏3000元不多（年盈余2万的家庭拿得出），但补贴退坡后，每年多花450元虽不多，长期累积对中低收入户是隐忧。**最想跟政策说的一句话：** 补贴不要一下子全退，分几年慢慢退，让农户有时间适应。
- **执法合规的焦虑：** 用户表达规意愿后合规度从59分跳到100分，说明政策只看你改没改清洁方式，并不看实际用得起用不起。被要求强制改造后，万一用不起天然气又烧回煤，就变成“合格数字下的黑烟户”了。
- **排放目标与家庭现金流矛盾：** 用户最终CO₂从6.2吨降到1.5吨，排放达标度到90分，环保成绩很好。但要注意，取暖费占收入比例虽然只有4.5%，可年盈余却从2万变成了2.78万——多出来的钱是靠额外打工换来的，**不是靠降本增效**。如果家里劳力不足，这个绿色转型就没那么“绿色”了。",2026-06-28T09:21:44.934,"{""end"":{""q_end1_recommend"":{""label"":""非常愿意"",""value"":5},""q_end_ai_feedback"":"""",""q_end2_suggestions"":"""",""q_end_ai_helpfulness"":{""label"":""帮助较大"",""value"":""C""}},""common"":{""q3_impact_other"":"""",""q3_biggest_impact"":{""label"":""B. 执法/合规压力"",""value"":""B""},""q4_strategy_change"":{""label"":""C. 不会，仍会走类似路径"",""value"":""C""},""q2_understanding_after"":{""label"":""比较理解"",""value"":4},""q1_understanding_before"":{""label"":""略有了解"",""value"":2}},""student"":{""s3_reflection"":""对于底层人民的生存困境有了新的认知（？）并且更加具体化了"",""s1_simulator_help"":{""label"":""比较有帮助"",""value"":4},""s2_hardest_burden"":[{""label"":""改造设备一次性费用"",""value"":""device_cost""},{""label"":""补贴减少后的气价/电价"",""value"":""subsidy_cut""},{""label"":""不敢开暖气、室温不够"",""value"":""cold_home""}]},""submitted_at"":""2026-06-28T09:26:31.850000"",""user_identity"":""学生""}",2026-06-28T09:26:31.85,2,略有了解,4,比较理解,B,B. 执法/合规压力,,C,C. 不会，仍会走类似路径,5,非常愿意,C,帮助较大,,,4,比较有帮助,device_cost | subsidy_cut | cold_home,改造设备一次性费用 | 补贴减少后的气价/电价 | 不敢开暖气、室温不够,对于底层人民的生存困境有了新的认知（？）并且更加具体化了,,,,,,,,,,,,,,,,,,,,,,,,,,,,,,,,6,6.194,B,准备转型,,,,A,天然气（改造3000元/100㎡，年取暖≈气量×2.98元/m³）,A,提高收入,SETTLE,结算回合5（补贴减少）,4.5,2685,100,90,1.5,,,,,,,,,360,A_全部完成,纳入分析样本（全部完成，n=20 之一）。学生/其他：已结束模拟、提交 post-survey，且 Q1/Q2 前后测齐全。
cfe18e28-b2c7-4a30-baea-7fb4c91e4853,2026-06-28T09:33:42.968612,2026-06-28T09:36:37.609,未煤改农户,Lawted 村,3,200000,50000,100,4000,2026-06-28T09:34:21.768,bankrupt,回合5发生补贴减少后，家庭未达到成功条件，判定为经济破产。,"[""初始化：身份=未煤改农户（Lawted 村），常住人口=3人，方式=散煤炉，收入=200000，年取暖费用=4000，CO₂=8.259 吨，排放达标度=45 分。"",""回合1：继续当前取暖方式 -> 继续散煤取暖，合规度维持底线 0 分，排放达标度 45 分，已进入重点监控名单。"",""【当前年取暖碳排放】8.259 吨 CO₂（排放达标度 45 分）"",""回合2：申请整改 -> 申请整改，合规度回升至 50 分；尚未完成技术替代，排放达标度 45 分。"",""【当前年取暖碳排放】8.259 吨 CO₂（排放达标度 45 分）"",""回合3：空气源热泵（改造7000元/100㎡，年取暖≈电量×0.5元/kWh） -> 完成清洁取暖改造（空气源热泵），合规度回满 100 分，排放达标度 63 分，CO₂ 5.569 吨；改造后年取暖费=4377 元（由初始散煤输入能量换算电量 × 0.5 元/kWh），年盈余变化=-7377 元。"",""【当前年取暖碳排放】5.569 吨 CO₂（排放达标度 63 分）"",""回合4：节约取暖 -> 节约取暖：年取暖费 4377 × 60% = 2626 元，年盈余增加 1751 元；排放达标度 78 分，CO₂ 3.341 吨。"",""【当前年取暖碳排放】3.341 吨 CO₂（排放达标度 78 分）"",""回合5：补贴减少 -> 散煤 4.00 吨，等价天然气 1000.0 立方米，取暖年花费 +600 元。"",""【当前年取暖碳排放】3.341 吨 CO₂（排放达标度 78 分）"",""【终局】回合5发生补贴减少后，家庭未达到成功条件，判定为经济破产。""]","## 一、农户形象解析

**一句话看懂：** 年入20万，盈余5万，用散煤取暖，污染重但省钱。

- **经济画像：** 年收入20万元，在村里算中等偏上；年盈余（闲钱）5万元，说明平常花销不小。取暖每年花4000元买散煤，占收入2%，负担不重。
- **住房与人口：** 100平米住房，3口人，面积不大，适合做技术改造。
- **转型起点：** 刚开始用散煤炉，虽然便宜，但烧煤产生8.259吨二氧化碳，环保打分才45分（满分100），而且用散煤属于不合规。政策上，散煤已被重点监控，迟早要改。

## 二、转型建议

**一句话看懂：** 推荐先做保温，再上空气源热泵，省钱又达标。

- **建议路径：** 先花几千块做房屋保温（比如封窗户、加厚墙），再上空气源热泵。理由：100平米不大，保温做好了，热泵工作少、电费更省，比直接装热泵更划算。
- **本局已走路径：** 用户选的是直接上空气源热泵（改造花7000元），然后靠“节约取暖”（少开暖气）省电费，最后还碰上了补贴减少，导致“经济破产”。
- **可改进之处：** 缺点明显——没做保温就上热泵，冬天得加电辅助，电费反而可能比烧煤贵。如果先花2000-3000元做好保温，热泵年取暖费能从4377元降到3000元以下，再碰上补贴调整，也不至于破产。

## 三、政策与民生矛盾解读

**一句话看懂：** 改得起用不起，补贴一退就破产。

- **改得起 vs 用得起：** 改造费7000元，农户年盈余5万，改得起。但热泵年用费4377元，比烧煤的4000元还贵了377元。关键矛盾是：改造后取暖费不降反升，农户“用得起”吗？
- **补贴退坡的致命一击：** 最后回合补贴减少（取暖年花费+600元），加上节约取暖后总花费3226元，但农户年盈余从5万跌到4.35万，生生被判定“经济破产”。这说明：**最卡在哪？** 补贴一旦退坡，手头宽裕的农户也会被挤破产，普通农户更扛不住。
- **排放目标 vs 家庭现金流：** 政策要降二氧化碳（从8.26吨降到3.34吨），农户却要保现金流。本局中，虽然排放达标度从45分升到78分，但家庭年盈余锐减，等于拿农户积蓄换了环保分。
- **最想跟政策说的一句话：** 改煤可以，但别一上来就减补贴——得让农户冬天不挨冻、不破产，才算真成功。",2026-06-28T09:34:31.014,"{""end"":{""q_end1_recommend"":{""label"":""比较愿意"",""value"":4},""q_end_ai_feedback"":"""",""q_end2_suggestions"":""希望能够更加游戏化的展现状态."",""q_end_ai_helpfulness"":{""label"":""帮助较大"",""value"":""C""}},""common"":{""q3_impact_other"":"""",""q3_biggest_impact"":{""label"":""A. 取暖费用突然上涨（如补贴退坡）"",""value"":""A""},""q4_strategy_change"":{""label"":""A. 会，开局就会选不同路线"",""value"":""A""},""q2_understanding_after"":{""label"":""比较理解"",""value"":4},""q1_understanding_before"":{""label"":""一般"",""value"":3}},""submitted_at"":""2026-06-28T09:36:37.609000"",""user_identity"":""未煤改农户"",""unconverted_farmer"":{""n2_concerns"":[{""label"":""房子保温差，改了也不暖和"",""value"":""insulation""}],""n3_attitude"":{""label"":""B. 仍想改，但必须补贴到位"",""value"":""B""},""n1_method_other"":"""",""n1_heating_method"":{""label"":""B. 电暖/小太阳等"",""value"":""B""},""n4_preferred_path"":""我会优先使用 保温改造, 因为家里面积不大""}}",2026-06-28T09:36:37.609,3,一般,4,比较理解,A,A. 取暖费用突然上涨（如补贴退坡）,,A,A. 会，开局就会选不同路线,4,比较愿意,C,帮助较大,,希望能够更加游戏化的展现状态.,,,,,,,,,,,,,,,,,,,,,B,B. 电暖/小太阳等,,insulation,房子保温差，改了也不暖和,B,B. 仍想改，但必须补贴到位,"我会优先使用 保温改造, 因为家里面积不大",,,,,,,,,2,8.259,A,继续当前取暖方式,2,申请整改,申请整改,C,空气源热泵（改造7000元/100㎡，年取暖≈电量×0.5元/kWh）,B,节约取暖,SETTLE,结算回合5（补贴减少）,1.6,3226,100,78,3.341,,,,,,,,,174,A_全部完成,纳入分析样本（全部完成，n=20 之一）。农户流程：已结束模拟并提交 post-survey（不要求 Q1/Q2）。
3d942945-b56a-40ed-86f8-1dfce5cc133e,2026-06-28T09:33:59.252462,2026-06-28T09:35:53.567,学生,初三,3,100000,60000,120,2000,2026-06-28T09:34:33.258,success,排放、合规、能耗负担率达标且年盈余不为负，成功实现绿色转型。,"[""初始化：身份=学生（初三），常住人口=3人，方式=散煤炉，收入=100000，年取暖费用=2000，CO₂=4.130 吨，排放达标度=72 分。"",""回合1：准备转型 -> 表达整改意愿，合规度升至 60 分；仍用散煤，排放达标度 72 分。"",""【当前年取暖碳排放】4.130 吨 CO₂（排放达标度 72 分）"",""回合3：天然气（改造3000元/100㎡，年取暖≈气量×2.98元/m³） -> 完成清洁取暖改造（天然气），合规度回满 100 分，排放达标度 93 分，CO₂ 1.000 吨；改造后年取暖费=1490 元（由初始散煤用量换算气量 × 2.98 元/m³），年盈余变化=-3090 元。"",""【当前年取暖碳排放】1.000 吨 CO₂（排放达标度 93 分）"",""回合4：保暖修缮 -> 保暖修缮：一次性投入 1200 元（1000×120/100），年取暖费 1490 × 62.5% = 931 元；排放达标度 96 分，CO₂ 0.625 吨。"",""【当前年取暖碳排放】0.625 吨 CO₂（排放达标度 96 分）"",""回合5：补贴减少 -> 散煤 2.00 吨，等价天然气 500.0 立方米，取暖年花费 +300 元。"",""【当前年取暖碳排放】0.625 吨 CO₂（排放达标度 96 分）"",""【终局】排放、合规、能耗负担率达标且年盈余不为负，成功实现绿色转型。""]","## 一、农户形象解析

**一句话看懂：** 家庭收入不错，以前烧散煤很便宜，现在花了点钱换天然气。

- **经济画像：** 年收入10万元，年盈余6万元，属于保定农村中等偏上的家庭。收入来源可能以打工或小生意为主，生活压力不大，手里有余钱。
- **住房与取暖起点：** 住房面积120平米（三到四间房），常住3口人（学生+父母）。原来烧散煤炉过冬，一年取暖费才2000元，折合每平米取暖费约16.7元，算很便宜了。
- **转型前的环境账：** 烧散煤一年排放4.13吨二氧化碳，排放达标度只有72分（满分100），说明不环保，而且政府来查可能被罚，合规度很低（初始为0）。

## 二、转型建议

**一句话看懂：** 你家最适合先掏钱做保暖，再换天然气，能省更多钱。

- **建议路径：** 先做外墙保暖修缮（花1200元），再安装天然气取暖。理由：保暖能减少一半以上的用气量，后续取暖费从1490元降到931元，长期省的钱比改造费多。
- **已走路径分析：** 本局是先装天然气（花3000元），再补做保暖（花1200元），顺序没问题。但注意——保暖是装修中“见效最快、补贴最易申请”的一步，如果条件允许，建议优先做保暖。
- **可改进之处：** 你只做了天然气加保暖，没有考虑装节能门窗或调整室内温度设置。如果再把门窗密闭性做好，年取暖费还能降100-200元，碳排放还能再降一点。
- **经济账算清：** 改造总投入=天然气3000元+保暖1200元+补贴减少多花300元=4500元，家庭年盈余6万元，完全负担得起，且每年取暖费从2000元降到1231元，省了769元，大概6年回本。

## 三、政策与民生矛盾解读

**一句话看懂：** 政策逼你改，钱能掏得起，但最怕补贴说没就没。

- **改得起 vs 用得起：** 你家年收入10万、盈余6万，改天然气（3000元）+保暖（1200元）毫无压力，属于“改得起”。但如果是低保户或年收入只有3万的农户，同样的改造费可能就要借债，用气费更是掏不起的矛盾就不一样了。
- **补贴退坡最卡：** 操作日志第5回合提示“补贴减少”——散煤补贴取消，天然气补贴从每立方米降价变成了多交300元。最想跟政策说的一句话是：“补贴别一刀切退坡，至少再撑3年，让普通家庭用习惯了再慢慢减。”
- **合规执法与家庭现金流：** 本局为了“合规度”从0冲到100分，提前付了改造费3000元+保暖1200元=4200元，相当于一个初三学生半年零花钱。付完这个年盈余从6万降到5.57万，对正常生活没影响，但如果是贷款家庭，这4200元就是“压死骆驼的最后一根稻草”。
- **排放目标与取暖实惠的冲突：** 散煤炉一年只花2000元、排4.13吨碳，天然气一年花1231元、排0.625吨碳，环境好了，取暖费也确实省了。但问题在于——如果之前烧散煤违规成本太低（被抓罚款也可能比改造费少），那“合法取暖”就是靠政策强制+真金白银砸出来的，不违反就没人改。",2026-06-28T09:34:44.02,"{""end"":{""q_end1_recommend"":{""label"":""比较愿意"",""value"":4},""q_end_ai_feedback"":"""",""q_end2_suggestions"":"""",""q_end_ai_helpfulness"":{""label"":""帮助较大"",""value"":""C""}},""common"":{""q3_impact_other"":"""",""q3_biggest_impact"":{""label"":""A. 取暖费用突然上涨（如补贴退坡）"",""value"":""A""},""q4_strategy_change"":{""label"":""B. 会，但只在中间某回合改变选择"",""value"":""B""},""q2_understanding_after"":{""label"":""比较理解"",""value"":4},""q1_understanding_before"":{""label"":""比较了解"",""value"":4}},""student"":{""s3_reflection"":"""",""s1_simulator_help"":{""label"":""比较有帮助"",""value"":4},""s2_hardest_burden"":[{""label"":""每年取暖运行费"",""value"":""annual_heating""},{""label"":""补贴减少后的气价/电价"",""value"":""subsidy_cut""},{""label"":""房屋保温差导致用能高"",""value"":""poor_insulation""}]},""submitted_at"":""2026-06-28T09:35:53.567000"",""user_identity"":""学生""}",2026-06-28T09:35:53.567,4,比较了解,4,比较理解,A,A. 取暖费用突然上涨（如补贴退坡）,,B,B. 会，但只在中间某回合改变选择,4,比较愿意,C,帮助较大,,,4,比较有帮助,annual_heating | subsidy_cut | poor_insulation,每年取暖运行费 | 补贴减少后的气价/电价 | 房屋保温差导致用能高,,,,,,,,,,,,,,,,,,,,,,,,,,,,,,,,,2,4.13,B,准备转型,,,,A,天然气（改造3000元/100㎡，年取暖≈气量×2.98元/m³）,C,保暖修缮,SETTLE,结算回合5（补贴减少）,1.2,1231,100,96,0.625,,,,,,,,,114,A_全部完成,纳入分析样本（全部完成，n=20 之一）。学生/其他：已结束模拟、提交 post-survey，且 Q1/Q2 前后测齐全。
b6d01202-88d7-4b51-a5ef-ae31e92c87b0,2026-06-28T09:34:33.331938,2026-06-28T09:34:33.331938,学生,高二,3,10,4,100,3000,,,,"[""初始化：身份=学生（高二），常住人口=3人，方式=散煤炉，收入=10，年取暖费用=3000，CO₂=6.194 吨，排放达标度=59 分。"",""回合1：准备转型 -> 表达整改意愿，合规度升至 60 分；仍用散煤，排放达标度 59 分。"",""【当前年取暖碳排放】6.194 吨 CO₂（排放达标度 59 分）""]",,,,,,,,,,,,,,,,,,,,,,,,,,,,,,,,,,,,,,,,,,,,,,,,,,,,,,,,30000,6.194,,,,,,,,,,,,,,,,,,,,,,,,,0,C_需清洗,建议清洗或排除出主分析：会话时长不足30秒（0s），难以视为有效体验；模拟未结束（无 ended_at），行为与结局数据不完整
042c680f-b29a-4735-8706-2409a00a7667,2026-06-28T09:36:20.05193,2026-06-28T09:36:20.05193,学生,高二,3,10,4,100,4000,,,,"[""初始化：身份=学生（高二），常住人口=3人，方式=散煤炉，收入=10，年取暖费用=4000，CO₂=8.259 吨，排放达标度=45 分。"",""回合1：继续当前取暖方式 -> 继续散煤取暖，合规度维持底线 0 分，排放达标度 45 分，已进入重点监控名单。"",""【当前年取暖碳排放】8.259 吨 CO₂（排放达标度 45 分）"",""回合2：申请整改 -> 申请整改，合规度回升至 50 分；尚未完成技术替代，排放达标度 45 分。"",""【当前年取暖碳排放】8.259 吨 CO₂（排放达标度 45 分）""]",,,,,,,,,,,,,,,,,,,,,,,,,,,,,,,,,,,,,,,,,,,,,,,,,,,,,,,,40000,8.259,,,,,,,,,,,,,,,,,,,,,,,,,0,C_需清洗,建议清洗或排除出主分析：会话时长不足30秒（0s），难以视为有效体验；模拟未结束（无 ended_at），行为与结局数据不完整
634ec7a3-ce39-4094-a23b-554acd6387a0,2026-06-29T18:42:48.014867,2026-06-29T18:44:21.705,学生,高一,4,100000,8000,100,3000,2026-06-29T18:43:10.125,success,排放、合规、能耗负担率达标且年盈余不为负，成功实现绿色转型。,"[""初始化：身份=学生（高一），常住人口=4人，方式=散煤炉，收入=100000，年取暖费用=3000，CO₂=6.194 吨，排放达标度=69 分。"",""回合1：准备转型 -> 表达整改意愿，合规度升至 60 分；仍用散煤，排放达标度 69 分。"",""【当前年取暖碳排放】6.194 吨 CO₂（排放达标度 69 分）"",""回合3：空气源热泵（改造7000元/100㎡，年取暖≈电量×0.5元/kWh） -> 完成清洁取暖改造（空气源热泵），合规度回满 100 分，排放达标度 79 分，CO₂ 4.177 吨；改造后年取暖费=3283 元（由初始散煤输入能量换算电量 × 0.5 元/kWh），年盈余变化=-7283 元。"",""【当前年取暖碳排放】4.177 吨 CO₂（排放达标度 79 分）"",""回合4：节约取暖 -> 节约取暖：年取暖费 3283 × 60% = 1970 元，年盈余增加 1313 元；排放达标度 87 分，CO₂ 2.506 吨。"",""【当前年取暖碳排放】2.506 吨 CO₂（排放达标度 87 分）"",""回合5：补贴减少 -> 散煤 3.00 吨，等价天然气 750.0 立方米，取暖年花费 +450 元。"",""【当前年取暖碳排放】2.506 吨 CO₂（排放达标度 87 分）"",""【终局】排放、合规、能耗负担率达标且年盈余不为负，成功实现绿色转型。""]","## 一、农户形象解析

**一句话看懂：** 收入不高、攒钱很少，烧煤取暖刚够用，转型得算细账。

- **经济画像：** 年收入10万，但年盈余只有8000元，说明日常开销大、存钱少。家里常住4口人（学生+家长），100平米房子，靠散煤取暖年花3000元，费用不算高。
- **转型起点：** 取暖方式是最原始的散煤炉，虽然只花了3000元，但排放二氧化碳6.194吨，环保得分只有69分（满分100），属于“又脏又不合规”的情况。
- **风险点：** 转型前每挣100元只能存下8元，说明家庭抗风险能力弱。如果改造费超过8000元（年盈余），就得借钱或压缩其他开支。

## 二、转型建议

**一句话看懂：** 空气源热泵+节约取暖是当前最稳妥的路子。

- **建议路径：** 先装空气源热泵，再通过节约取暖（降低室温、少开窗）省钱。理由：热泵比天然气更省电、寿命长，适合河北农村常见的老房子，且维修简单。
- **已走路径分析：** 本户实际选了“空气源热泵（改造7000元）→节约取暖（年费减少1313元）”，最终年取暖费2420元，比原散煤的3000元还省了580元，年盈余回到2030元。这是一条“先投入再省回来”的正确路子。
- **可改进之处：** 改造前没先做墙体保温（比如贴保温板），否则年取暖费能降到1500元以下。另外，模拟里补贴减少导致每年多花450元，这点没提前预备——建议平时留一笔“补贴波动备用金”，比如1000元。

## 三、政策与民生矛盾解读

**一句话看懂：** 改得起装不起，补贴一降就难受，政策与存钱难是最大矛盾。

- **最卡在哪：** 尽管改造费7000元能咬咬牙掏，但年盈余只有8000元，改造后只剩2030元——家里万一有人看病、孩子交学费，立马就紧张。政策让“改得起”，但“用不起”和“存不下”是真实痛点。
- **补贴退坡的尴尬：** 模拟中补贴减少让取暖费每年多花450元，对年盈余只有2030元的家庭来说，相当于一个季度的买菜钱没了。政策说“补”但没说“补几年”，农户会担心：会不会明年补贴再降50%？这让人不敢安心用热泵。
- **执法合规与家庭现金流冲突：** 散煤不让烧、热泵必须装，但改造是先花钱（7000元），再通过省电费慢慢回本。对存钱少的家庭，这笔钱可能要靠借钱或卖粮凑，等于“用明天的低碳成果换今天的现金流压力”。
- **最想跟政策说的一句话：** “先别急着停补贴！至少再管3年，让我家把这7000元改造费省回来再停，行不行？”",2026-06-29T18:43:20.325,"{""end"":{""q_end1_recommend"":{""label"":""比较愿意"",""value"":4},""q_end_ai_feedback"":"""",""q_end2_suggestions"":"""",""q_end_ai_helpfulness"":{""label"":""帮助较大"",""value"":""C""}},""common"":{""q3_impact_other"":"""",""q3_biggest_impact"":{""label"":""D. 年盈余变负、家庭现金流紧张"",""value"":""D""},""q4_strategy_change"":{""label"":""C. 不会，仍会走类似路径"",""value"":""C""},""q2_understanding_after"":{""label"":""比较理解"",""value"":4},""q1_understanding_before"":{""label"":""略有了解"",""value"":2}},""student"":{""s3_reflection"":"""",""s1_simulator_help"":{""label"":""比较有帮助"",""value"":4},""s2_hardest_burden"":[{""label"":""每年取暖运行费"",""value"":""annual_heating""},{""label"":""补贴减少后的气价/电价"",""value"":""subsidy_cut""},{""label"":""房屋保温差导致用能高"",""value"":""poor_insulation""}]},""submitted_at"":""2026-06-29T18:44:21.705000"",""user_identity"":""学生""}",2026-06-29T18:44:21.705,2,略有了解,4,比较理解,D,D. 年盈余变负、家庭现金流紧张,,C,C. 不会，仍会走类似路径,4,比较愿意,C,帮助较大,,,4,比较有帮助,annual_heating | subsidy_cut | poor_insulation,每年取暖运行费 | 补贴减少后的气价/电价 | 房屋保温差导致用能高,,,,,,,,,,,,,,,,,,,,,,,,,,,,,,,,,3,6.194,B,准备转型,,,,C,空气源热泵（改造7000元/100㎡，年取暖≈电量×0.5元/kWh）,B,节约取暖,SETTLE,结算回合5（补贴减少）,2.4,2420,100,87,2.506,,,,,,,,,93,A_全部完成,纳入分析样本（全部完成，n=20 之一）。学生/其他：已结束模拟、提交 post-survey，且 Q1/Q2 前后测齐全。
3c6fc851-ad73-4679-b8be-926d8d77d066,2026-06-29T21:13:41.209814,2026-06-29T21:22:39.66,未煤改农户,张家口塞尔台,2,22000,8000,80,1000,2026-06-29T21:14:49.967,seized,网格化执法与无人机巡检累计命中：你在合规压力回合持续拒绝整改，最终被处罚。,"[""初始化：身份=未煤改农户（张家口塞尔台），常住人口=2人，方式=散煤炉，收入=22000，年取暖费用=1000，CO₂=2.065 吨，排放达标度=79 分。"",""回合1：继续当前取暖方式 -> 继续散煤取暖，合规度维持底线 0 分，排放达标度 79 分，已进入重点监控名单。"",""【当前年取暖碳排放】2.065 吨 CO₂（排放达标度 79 分）"",""回合2：夜间继续违规取暖 -> 继续违规取暖，合规度锁死 0 分，排放达标度 79 分（连续 2 次拒绝整改）。"",""【当前年取暖碳排放】2.065 吨 CO₂（排放达标度 79 分）"",""【执法模型】BP=52.0，单次逃脱率 p=0.48，连续 2 次违规后累计处罚概率 P_seized=77.0%，掷骰=0.80。"",""本次巡查暂未命中，但重点监控仍未解除。"",""回合2：夜间继续违规取暖 -> 继续违规取暖，合规度锁死 0 分，排放达标度 79 分（连续 3 次拒绝整改）。"",""【当前年取暖碳排放】2.065 吨 CO₂（排放达标度 79 分）"",""【执法模型】BP=52.0，单次逃脱率 p=0.48，连续 3 次违规后累计处罚概率 P_seized=88.9%，掷骰=0.08。"",""【终局】网格化执法与无人机巡检累计命中：你在合规压力回合持续拒绝整改，最终被处罚。""]","## 一、农户形象解析

**一句话看懂：** 年收入低、取暖费少，但“省钱”的路快走不通了。

- **收入与盈余：** 年收入22000元，一年能攒下8000元，是典型的“紧巴过日子”家庭。取暖费1000元占年收入的4.5%，不算高，但多花一分钱都要从紧巴巴的储蓄里挤。
- **住房条件：** 80平米住房，张家口冬天很冷。房子没做过保温改造（不是节能建筑），用散煤炉子得一直添煤，暖和但费事，屋里空气也差。
- **转型起点：** 目前烧散煤，每年二氧化碳排2.065吨，排放达标度79分（接近不达标）。这家人最怕的就是“换个新炉子要花大价钱，以后每年取暖费变贵”。

## 二、转型建议

**一句话看懂：** 最佳选择是先做保温，再换热泵；硬扛散煤已经罚了。

- **建议路径：** 先花小钱把门窗密封、加厚窗帘，再申请政府补贴装“空气源热泵”。理由：热泵比电暖省钱，比烧气便宜，只要能保住保温这步，冬天电费能压到跟烧煤差不多的1500块左右。
- **本局已走的路：** 选择了“继续烧散煤”，甚至在夜间偷偷违规烧。结果被盯上了重点监控，最终被巡逻逮住处罚，家里不仅没省钱还亏了。
- **哪里可改进：** 别硬扛！如果实在没钱买新设备，可以先找村里问“清洁煤”过渡，或是申请政府的“以电代煤”试点补贴。比被罚钱、被没收煤炉强。

## 三、政策与民生矛盾解读

**一句话看懂：** 最卡在“改得起用不起”，补贴一退就垮。

- **“改得起”与“用不起”：** 装空气源热泵政府补贴后可能也要掏几千块，但这家人一年只能攒8000块。更怕的是：万一补贴退了（比如三年后停掉补贴），取暖费翻倍到三四千块，一年攒的钱就烧掉一半。
- **补贴退坡的焦虑：** 政策目标要“保蓝天”，但农村老人和打工户怕的就是“今年装得起，明年烧不起”。很多家庭装了电暖舍不得开，又回头偷烧散煤，这是现实。
- **执法合规与生存底线的撕裂：** 村里要求“散煤清零”，但这家年年只能挤1000块取暖费。政策要求合规（达到排放标准），但他们最实在的问题不是排了多少碳，而是“怎么撑过冬天、还不欠债”。想跟政策说的一句话：**“别光盯着我们扔煤炉子，先让我们买得起省钱的设备。”**",2026-06-29T21:15:01.122,"{""end"":{""q_end1_recommend"":{""label"":""比较愿意"",""value"":4},""q_end_ai_feedback"":""不解决问题，主要是没钱"",""q_end2_suggestions"":"""",""q_end_ai_helpfulness"":{""label"":""完全没帮助"",""value"":""A""}},""common"":{""q3_impact_other"":"""",""q3_biggest_impact"":{""label"":""B. 执法/合规压力"",""value"":""B""},""q4_strategy_change"":{""label"":""C. 不会，仍会走类似路径"",""value"":""C""},""q2_understanding_after"":{""label"":""非常理解"",""value"":5},""q1_understanding_before"":{""label"":""略有了解"",""value"":2}},""submitted_at"":""2026-06-29T21:22:39.660000"",""user_identity"":""未煤改农户"",""unconverted_farmer"":{""n2_concerns"":[{""label"":""改造要掏太多钱"",""value"":""upfront_cost""},{""label"":""以后每年取暖费太高"",""value"":""annual_cost""},{""label"":""设备坏了没人修"",""value"":""repair""}],""n3_attitude"":{""label"":""A. 更愿意尽快改造"",""value"":""A""},""n1_method_other"":"""",""n1_heating_method"":{""label"":""A. 散煤"",""value"":""A""},""n4_preferred_path"":""先观望""}}",2026-06-29T21:22:39.66,2,略有了解,5,非常理解,B,B. 执法/合规压力,,C,C. 不会，仍会走类似路径,4,比较愿意,A,完全没帮助,不解决问题，主要是没钱,,,,,,,,,,,,,,,,,,,,,,A,A. 散煤,,upfront_cost | annual_cost | repair,改造要掏太多钱 | 以后每年取暖费太高 | 设备坏了没人修,A,A. 更愿意尽快改造,先观望,,,,,,,,,4.5,2.065,A,继续当前取暖方式,1,夜间继续违规取暖,夜间继续违规取暖 | 夜间继续违规取暖,,,,,,,4.5,1000,0,79,2.065,,,,,,,,,538,A_全部完成,纳入分析样本（全部完成，n=20 之一）。农户流程：已结束模拟并提交 post-survey（不要求 Q1/Q2）。
46271c8f-58b8-4027-85f7-24e51d7fd2ce,2026-06-29T21:29:11.582808,2026-06-29T21:36:00.205,学生,初三,3,100000,9000,120,2000,2026-06-29T21:30:49.335,success,排放、合规、能耗负担率达标且年盈余不为负，成功实现绿色转型。,"[""初始化：身份=学生（初三），常住人口=3人，方式=散煤炉，收入=100000，煤改前取暖费=2000，二氧化碳=4.130 吨，排放达标度=72 分。"",""回合1：准备转型 -> 表达整改意愿，合规度升至 60 分；仍用散煤，排放达标度 72 分。"",""【当前年取暖碳排放】4.130 吨二氧化碳（排放达标度 72 分）"",""回合3：天然气（改造3000元/百平方米，年取暖约气量×2.98元/立方米） -> 完成清洁取暖改造（天然气），合规度回满 100 分，排放达标度 93 分，二氧化碳 1.000 吨；改造后年取暖费=1490 元（由初始散煤用量换算气量 × 2.98 元/立方米），年盈余变化=-3090 元。"",""【当前年取暖碳排放】1.000 吨二氧化碳（排放达标度 93 分）"",""回合4：节约取暖 -> 节约取暖：年取暖费 1490 × 60% = 894 元，年盈余增加 596 元；排放达标度 96 分，二氧化碳 0.600 吨。"",""【当前年取暖碳排放】0.600 吨二氧化碳（排放达标度 96 分）"",""回合5：补贴减少 -> 散煤 2.00 吨，等价天然气 500.0 立方米，取暖年花费 +300 元。"",""【当前年取暖碳排放】0.600 吨二氧化碳（排放达标度 96 分）"",""【终局】排放、合规、能耗负担率达标且年盈余不为负，成功实现绿色转型。""]","## 一、农户形象解析

**一句话看懂：** 一个收入不错、花销不小的农村学生家庭，靠省着过日子。

- **收入画像：** 家庭年收入10万元，但年盈余只有9000元，说明日常开销很大，能存下的钱很少。
- **住房与取暖：** 房子120平米，住3个人，原来冬天烧散煤炉子，一年取暖费2000元。
- **转型起点：** 烧散煤不仅花钱，还污染大（二氧化碳排了4.13吨），而且政策上不合规（合规分才72分），属于“随时可能被查”的状态。
- **经济压力：** 能耗负担率（取暖费占收入比例）原来只有2%，看似不高，但家里本来就存不下钱，任何额外开支都像在“割肉”。

## 二、转型建议

**一句话看懂：** 用天然气最稳妥，但别忘了省钱招儿。

- **建议路径：** 推荐走**天然气**路线。理由：你家里收入还行，但盈余少，天然气改造费不高（3000元/百平米），运行费还能比散煤省一点（从2000元降到1490元），省下的钱能让日子更宽裕。
- **已走路径：** 本局选择了天然气改造，改造后取暖费降到1490元，又通过“节约取暖”（少开几小时）降到894元，很会过日子。
- **可改进之处：** 补贴退坡后，每年额外多花了300元（从1490元又回到1194元）。如果能再做一个简单的房屋保温（比如封窗户、加门帘），还能进一步省钱，不用光靠“少开暖气”受冻。
- **注意：** 不要因为补贴退坡就心疼，现在你既合规（100分）又环保（排放达标96分），长期看，天然气比散煤更省心、更安全。

## 三、政策与民生矛盾解读

**一句话看懂：** 改得起，用得起，但怕补贴说没就没。

- **“改得起”但“怕涨价”：** 天然气改造花3000元，你家年盈余9000元，咬咬牙能出。但政策让煤改气，气价不固定，补贴一退坡（多花300元），对盈余少的人来说就是额外负担。
- **最卡在哪：** 就是“补贴退坡”那一关。你家年盈余本来就只剩9000元，改造花了3000元，加上补贴减少，一下子多支出3090元，虽然最后靠节俭缓过来了，但对很多家庭来说，这3000元可能是半年的生活费。
- **排放达标与家庭现金流：** 用天然气排放从4.13吨降到0.6吨，环境好了，可家庭现金流（能自由花的钱）被压缩了。政策要求环保，但农民最怕的是“环保达标了，日子过紧了”。
- **执法合规的烦恼：** 烧散煤随时可能被查、被罚款，所以不得不改。但改了之后，日常用气开支比想象中高，相当于“为了不被罚，只能多花钱”，让人心里别扭。
- **最想跟政策说的一句话：** “补贴能不能说撤就撤？我们刚掏钱改了，还没缓过劲呢。”",2026-06-29T21:32:27.65,"{""end"":{""q_end1_recommend"":{""label"":""非常愿意"",""value"":5},""q_end_ai_feedback"":"""",""q_end2_suggestions"":""增加一些互动的小表情，小图标等等"",""q_end_ai_helpfulness"":{""label"":""帮助较大"",""value"":""C""}},""common"":{""q3_impact_other"":"""",""q3_biggest_impact"":{""label"":""A. 取暖费用突然上涨（如补贴退坡）"",""value"":""A""},""q4_strategy_change"":{""label"":""C. 不会，仍会走类似路径"",""value"":""C""},""q2_understanding_after"":{""label"":""比较理解"",""value"":4},""q1_understanding_before"":{""label"":""完全没感觉"",""value"":1}},""student"":{""s3_reflection"":""如何平衡收入和排放"",""s1_simulator_help"":{""label"":""非常有帮助"",""value"":5},""s2_hardest_burden"":[{""label"":""每年取暖运行费"",""value"":""annual_heating""},{""label"":""补贴减少后的气价/电价"",""value"":""subsidy_cut""},{""label"":""不敢开暖气、室温不够"",""value"":""cold_home""}]},""submitted_at"":""2026-06-29T21:36:00.205000"",""user_identity"":""学生""}",2026-06-29T21:36:00.205,1,完全没感觉,4,比较理解,A,A. 取暖费用突然上涨（如补贴退坡）,,C,C. 不会，仍会走类似路径,5,非常愿意,C,帮助较大,,增加一些互动的小表情，小图标等等,5,非常有帮助,annual_heating | subsidy_cut | cold_home,每年取暖运行费 | 补贴减少后的气价/电价 | 不敢开暖气、室温不够,如何平衡收入和排放,,,,,,,,,,,,,,,,,,,,,,,,,,,,,,,,2,4.13,B,准备转型,,,,A,天然气（改造3000元/百平方米，年取暖约气量×2.98元/立方米）,B,节约取暖,SETTLE,结算回合5（补贴减少）,1.2,1194,100,96,0.6,,,,,,,,,408,A_全部完成,纳入分析样本（全部完成，n=20 之一）。学生/其他：已结束模拟、提交 post-survey，且 Q1/Q2 前后测齐全。
75d7e676-ab04-49b8-af64-80d8fed0cb8a,2026-06-30T21:32:59.915942,2026-06-30T21:33:17.322,未煤改农户,奶龙村,3,50000,5000,60,300,2026-06-30T21:33:17.322,success,排放、合规、能耗负担率达标且年盈余不为负，成功实现绿色转型。,"[""初始化：身份=未煤改农户（奶龙村），常住人口=3人，方式=散煤炉，收入=50000，煤改前取暖费=300，二氧化碳=0.619 吨，排放达标度=96 分。"",""回合1：继续当前取暖方式 -> 继续散煤取暖，合规度维持底线 0 分，排放达标度 96 分；当地开始关注你家取暖方式，建议尽早了解清洁取暖选项。"",""【当前年取暖碳排放】0.619 吨二氧化碳（排放达标度 96 分）"",""回合2：了解并开始准备改造 -> 了解并开始准备改造，合规度回升至 50 分；尚未完成技术替代，排放达标度 96 分。"",""【当前年取暖碳排放】0.619 吨二氧化碳（排放达标度 96 分）"",""回合3：天然气（改造3000元/百平方米，年取暖约气量×2.98元/立方米） -> 完成清洁取暖改造（天然气），合规度回满 100 分，排放达标度 99 分，二氧化碳 0.150 吨；改造后年取暖费=224 元（由初始散煤用量换算气量 × 2.98 元/立方米），年盈余变化=-1724 元。"",""【当前年取暖碳排放】0.150 吨二氧化碳（排放达标度 99 分）"",""回合4：节约取暖 -> 节约取暖：年取暖费 224 × 60% = 134 元，年盈余增加 90 元；排放达标度 99 分，二氧化碳 0.090 吨。"",""【当前年取暖碳排放】0.090 吨二氧化碳（排放达标度 99 分）"",""回合5：补贴减少 -> 散煤 0.30 吨，等价天然气 75.0 立方米，取暖年花费 +45 元。"",""【当前年取暖碳排放】0.090 吨二氧化碳（排放达标度 99 分）"",""【终局】排放、合规、能耗负担率达标且年盈余不为负，成功实现绿色转型。""]",,,,,1,完全没感觉,,,,,,,,,,,,,,,,,,,,,,,,,,,,,,,,,,,,,,,,,,,,,,,,,,0.6,0.619,A,继续当前取暖方式,2,了解并开始准备改造,了解并开始准备改造,A,天然气（改造3000元/百平方米，年取暖约气量×2.98元/立方米）,B,节约取暖,SETTLE,结算回合5（补贴减少）,0.4,179,100,99,0.09,,,,,,,,,17,C_需清洗,建议清洗或排除出主分析：会话时长不足30秒（17s），难以视为有效体验
6acbc1f2-554d-4834-bbc0-c49a56398267,2026-06-30T21:33:58.857885,2026-06-30T21:34:13.62,学生,高一,3,1,0,2,1,2026-06-30T21:34:02.036,bankrupt,能耗负担率过高且可支配资金不足，家庭取暖开支已难以为继。,"[""初始化：身份=学生（高一），常住人口=3人，方式=散煤炉，收入=1，煤改前取暖费=1，二氧化碳=0.002 吨，排放达标度=100 分。"",""回合1：继续当前取暖方式 -> 继续散煤取暖，合规度维持底线 0 分，排放达标度 100 分；当地开始关注你家取暖方式，建议尽早了解清洁取暖选项。"",""【当前年取暖碳排放】0.002 吨二氧化碳（排放达标度 100 分）"",""【终局】能耗负担率过高且可支配资金不足，家庭取暖开支已难以为继。""]","## 一、农户形象解析

**一句话看懂：** 收入少、住房小、取暖全花光，散煤烧不起也难持续。

- **经济很紧巴：** 年收入1万元（大致算一亩地或打零工收入），扣除必要开销后年盈余0元，一分钱都攒不下来。
- **取暖是重担：** 住房面积2间（约50-60平米），每年散煤取暖就要花1万元，相当于全部收入都用来烧煤，负担率（取暖费占收入比例）100%，这在农村是非常罕见的沉重负担。
- **现状无奈：** 家里3口人，靠散煤炉过冬。这种炉子烧煤成本不便宜，而且满屋子烟灰、每天要添煤倒灰，屋里温度还不稳，晚上容易冷。

## 二、转型建议

**一句话看懂：** 先搞定房屋保温，再考虑清洁取暖，别硬扛。

- **建议路径：** 先做房屋保温改造（门窗加密封条、吊顶、墙贴保温板）。理由：你家房子小、热量跑得快，花几百元做保温，能减少一半散煤用量，比直接换设备更省钱管用。
- **本局已走：** 选择了继续用散煤炉，没有尝试任何改造。结果是取暖费占全部收入，而且社区开始关注，建议尽早了解清洁取暖。**可改进之处：** 不要等冬天过完再想办法，现在就可以打听村支书、邻居用的保温改造或清洁取暖设备（如空气源热泵、生物质颗粒炉），很多地方有补贴，安装价格能降下来。
- **补贴别错过：** 河北农村清洁取暖常用的电代煤、气代煤设备，国家+省里都有补贴，首付可能只需一两千，但你家收入低，优先申请“低收入农户取暖补贴”，先解燃眉之急。

## 三、生活改善与路径解读

**一句话看懂：** 最该先改善的是把散煤换成干净的取暖方式，能省钱又省心。

- **更省钱:** 你现在的取暖费是1万元，如果换成空气源热泵（用电取暖），加上电价补贴，一年可能降到3000-4000元。每年能剩下6000-7000元，够全家买菜、给孩子交学费了。
- **更暖和:** 散煤炉烧起来屋里冷热不均，角落还是凉飕飕的。换个清洁设备（比如燃气壁挂炉或空气源热泵），能调温度、全天恒温，晚上起夜不用再钻冷被窝。
- **更干净:** 散煤烧起来满屋灰、呛嗓子，每天扫地、倒煤渣、生炉子，又脏又累。清洁取暖按开关就行，屋里没有烟灰，空气好，老人孩子呼吸道少生病。
- **下一步可以怎么做:** 先去村委会问“清洁取暖补贴申请流程”和“保温改造补贴”，很多县有免费或者低息贷款。也可以看看邻居家装了哪种，上门问问效果和账单，心里就有数了。别等到严冬再着急，现在行动，下个冬天就能轻松。",2026-06-30T21:34:13.62,,,1,完全没感觉,,,,,,,,,,,,,,,,,,,,,,,,,,,,,,,,,,,,,,,,,,,,,,,,,,100,0.002,A,继续当前取暖方式,,,,,,,,,,100,1,0,100,0.002,,,,,,,,,14,C_需清洗,建议清洗或排除出主分析：会话时长不足30秒（14s），难以视为有效体验
a65761f9-d6ac-489f-9bae-93814dd9a994,2026-06-30T21:35:23.119113,2026-06-30T21:35:43.423,学生,高一,1000000000,10000000000,10000000000,100000000000000,1000000,2026-06-30T21:35:31.412,seized,村里多次入户了解后，你家仍使用散煤取暖。长期如此，屋里烟尘多、炉火不安全、周边空气也受影响；按当地要求，需尽快选定并完成清洁取暖改造。,"[""初始化：身份=学生（高一），常住人口=1000000000人，方式=散煤炉，收入=10000000000，煤改前取暖费=1000000，二氧化碳=2064.800 吨，排放达标度=100 分。"",""回合1：继续当前取暖方式 -> 继续散煤取暖，合规度维持底线 0 分，排放达标度 100 分；当地开始关注你家取暖方式，建议尽早了解清洁取暖选项。"",""【当前年取暖碳排放】2064.800 吨二氧化碳（排放达标度 100 分）"",""回合2：暂时继续用散煤 -> 继续用散煤取暖，合规度锁死 0 分，排放达标度 100 分（已连续 2 次暂缓了解改造方案）。"",""【当前年取暖碳排放】2064.800 吨二氧化碳（排放达标度 100 分）"",""【入户了解】住房面积权重=15000000000040.0，单次暂不改造概率=-149999999999.40，连续 2 次暂缓了解后累计需改造提醒概率 -2.2499999999819996e+24%，随机值=0.67。"",""这次入户了解暂未要求立即改造，但村里仍会关注你家取暖方式，建议尽早了解清洁方案。"",""回合2：暂时继续用散煤 -> 继续用散煤取暖，合规度锁死 0 分，排放达标度 100 分（已连续 3 次暂缓了解改造方案）。"",""【当前年取暖碳排放】2064.800 吨二氧化碳（排放达标度 100 分）"",""【入户了解】住房面积权重=15000000000040.0，单次暂不改造概率=-149999999999.40，连续 3 次暂缓了解后累计需改造提醒概率 3.3749999999595e+35%，随机值=0.57。"",""【终局】村里多次入户了解后，你家仍使用散煤取暖。长期如此，屋里烟尘多、炉火不安全、周边空气也受影响；按当地要求，需尽快选定并完成清洁取暖改造。""]","## 一、农户形象解析

**一句话看懂：** 收入超高但住房面积极大，散煤取暖负担极低但改造压力巨大。

- **经济画像：** 你家年收入100亿元，年盈余100亿元，取暖费仅100万元，占收入比例几乎为零（能耗负担率极低）。这样的经济条件完全可以轻松承担任何清洁取暖改造费用。
- **住房挑战：** 住房面积达到100万亿平方米（数据量级异常，可能是输入错误），但按常理推算，你家房子非常大。如果是这样，保温性能是决定取暖效果和费用的关键，面积越大，散热越厉害，改造越要注重整体规划。
- **初始状态：** 目前用散煤炉取暖，每年取暖费100万元。虽然花得起，但散煤带来的烟尘、倒炉灰、不安全等问题，在大面积住房里会更突出，长期下来既有卫生问题也有安全风险。

## 二、转型建议

**一句话看懂：** 你家最适合先做房屋保温，再选空气源热泵或天然气。

- **建议路径：** 推荐“先做房屋保温改造，再选用空气源热泵或天然气供暖”。你家的经济条件完全能一次性投入，花大钱做好房子保温（比如加装外墙保温层、换密封窗户），能从根本上减少热量流失，让后续任何取暖方式都更节能。
- **已走路径：** 本局中你连续2次选择暂缓改造、继续用散煤。虽然合规度卡在0分、没被强制罚款，但村里已多次上门了解情况，长期这样下去，屋里烟尘会积得更厚，炉子看火不小心容易出事，而且你家的超大住房面积会持续排放大量二氧化碳（每年2064.8吨），对周边空气影响很明显。
- **可改进之处：** 你家不差钱，最该改进的是“从等着变成主动了解”。与其等村里反复提醒，不如早一步请专业人士上门估算：先给房子做保温需要多少钱、用空气源热泵装好需要多少配机，算清楚后一次搞定，以后冬天再也不用掏灰、生火、闻煤烟。

## 三、生活改善与路径解读

**一句话看懂：** 最该先改善的是“屋里干净、不用生火、冬天更暖和”。

- **更省钱更长线：** 你家年收入极高，但散煤每年的100万取暖费里，有一半可能是因房子保温差、热散得快而多花的。优先花几百万做全房保温，能把暖气费砍掉三到五成，哪怕换成天然气取暖，每冬成本也能降到几十万。
- **更干净更省心：** 散煤炉每天要添煤、掏灰、担心煤气。改造成天然气或空气源热泵后，家里没有黑烟和灰尘，不用半夜起来看火炉，房间干净卫生，尤其对家里有学生（比如你正在上高一）的学习环境也有好处。
- **更暖和更环保：** 空气源热泵可以24小时恒温，屋里不再忽冷忽热，同时二氧化碳排放降到很低（甚至为零）。你家面积大，散煤一年排2000多吨碳，换清洁取暖后对村里空气质量贡献很大，也会受到邻居称赞。
- **下一步可以怎么做：** 第一先请装修公司或热力公司来评测房屋保温状况；第二问问当地清洁取暖政策是否还有补贴（因你经济条件富裕，可能要全价承担）；第三选择一家靠谱安装商，先做保温、再换设备，就能彻底告别“生火取暖”的麻烦日子。",2026-06-30T21:35:43.423,,,1,完全没感觉,,,,,,,,,,,,,,,,,,,,,,,,,,,,,,,,,,,,,,,,,,,,,,,,,,0,2064.8,A,继续当前取暖方式,1,暂时继续用散煤,暂时继续用散煤 | 暂时继续用散煤,,,,,,,0,1000000,0,100,2064.8,,,,,,,,,20,C_需清洗,建议清洗或排除出主分析：会话时长不足30秒（20s），难以视为有效体验
7320224d-390b-4924-bd0c-1f9546de0366,2026-06-30T21:40:49.203772,2026-06-30T21:40:49.203772,其他,沃尔玛购物袋,25,1,-10,1,1,,,,"[""初始化：身份=其他（沃尔玛购物袋），常住人口=25人，方式=散煤炉，收入=1，煤改前取暖费=1，二氧化碳=0.002 吨，排放达标度=100 分。""]",,,,,5,非常了解,,,,,,,,,,,,,,,,,,,,,,,,,,,,,,,,,,,,,,,,,,,,,,,,,,100,0.002,,,,,,,,,,,,,,,,,,,,,,,,,0,C_需清洗,建议清洗或排除出主分析：会话时长不足30秒（0s），难以视为有效体验；模拟未结束（无 ended_at），行为与结局数据不完整
86ec70ea-2ac0-4b9e-b0e0-4de05e1ecfb4,2026-06-30T21:48:05.259258,2026-06-30T21:50:07.807,未煤改农户,保定市某村,4,23319,5000,80,2500,2026-06-30T21:49:07.365,bankrupt,能耗负担率过高且可支配资金不足，家庭取暖开支已难以为继。,"[""初始化：身份=未煤改农户（保定市某村），常住人口=4人，方式=散煤炉，收入=23319，煤改前取暖费=2500，二氧化碳=5.162 吨，排放达标度=74 分。"",""回合1：准备转型 -> 表示愿意了解改造，合规度升至 60 分；仍用散煤，排放达标度 74 分。"",""【当前年取暖碳排放】5.162 吨二氧化碳（排放达标度 74 分）"",""回合3：空气源热泵（改造7000元/百平方米，年取暖约电量×0.5元/千瓦时） -> 完成清洁取暖改造（空气源热泵），合规度回满 100 分，排放达标度 83 分，二氧化碳 3.481 吨；改造后年取暖费=2736 元（由初始散煤输入能量换算电量 × 0.5 元/千瓦时），年盈余变化=-5836 元。"",""【当前年取暖碳排放】3.481 吨二氧化碳（排放达标度 83 分）"",""【终局】能耗负担率过高且可支配资金不足，家庭取暖开支已难以为继。""]","## 一、农户形象解析

**一句话看懂：** 收入不高、存钱少，散煤炉取暖负担已经比较重。

- **经济画像：** 您家年收入约2.3万元，一年能存下5000元，属于“钱紧”的家庭。住房80平米，冬天烧散煤炉取暖花费2500元，光是取暖费就占了年收入的10.7%，已经不算便宜了。
- **转型起点：** 家里目前用“散煤炉”，烧煤便宜但烟尘多、要常添火、倒灰，屋里温度也不稳定。二氧化碳排放约5.16吨，环保得分74分（80分以上算合格），还有8分的提升空间。
- **特殊背景：** 您住在保定市某村，冬天气温低、取暖时间长，散煤炉虽然取暖费看着比清洁取暖低，但算上人工添煤、通风、安全操心，实际“隐性成本”不低。

## 二、转型建议

**一句话看懂：** 直接上空气源热泵有点“撑不住”，可先做保温。

- **建议路径：** 先花少量钱给房屋做保温（如加厚门窗、吊顶密封、墙体加保温层），这是最省钱、见效快的“底子”。保温做好了，即使继续用散煤炉，也能把每年2500元的取暖费降到1600元左右，屋里还更暖和。之后资金宽裕时再考虑换空气源热泵。
- **已走路径：** 您选择了“空气源热泵”，这是很好的清洁取暖方式，干净、控温好、环保得分高。但改造花了7000元，加上当年的取暖费（2736元），总共花了将近1万元。您一年才存5000块，这一下就超出了很大范围，导致最终家庭账户变成“欠账”状态（年盈余-836元）。
- **可改进之处：** 最好不过早把全部积蓄押在一套贵设备上。空气源热泵长期用起来电费确实会省一些（年取暖费2736元，只比原来多236元），但加上改造费7000元，头一两年负担太重。建议要么缓一步，要么把改造分两步走：先保温，再分期买设备。

## 三、生活改善与路径解读

**一句话看懂：** 更暖、更干净、更省心，关键是别一下花太多。

- **最该先改善的一点：** **【保温度】先做房屋保温**。这招不仅能让屋里冬天更暖和、少跑热气，还能直接砍掉不少散煤用量，减少添煤、倒灰的麻烦，不怕突然没火灭了；而且花几千块就能搞定，比换设备划算得多。
- **取暖花费对比：** 当前烧散煤炉每年2500元，改空气源热泵后2736元，只多了200多块，这个差距不大。但改造时一次性花7000元确实“伤筋动骨”。如果先保温（花千元左右），散煤炉取暖费能降到1800-2000元，负担一下轻了。
- **干净与安全：** 散煤炉夏天不用，冬天一烧起来满屋是煤灰、烟味，要天天擦家具；炉火还容易一氧化碳中毒，老人孩子在家比较操心。空气源热泵像空调一样吹热风，无灰无烟，能自己调温，省力又安全。
- **环保与长远：** 散煤排放得74分（刚过线），而空气源热泵能到83分，减排近三分之一（从5.16吨降到3.48吨）。如果当地以后严控散煤，早改善也不吃亏。但千万别把家底掏空去换设备，**下一步可以这样**：先在村里打听有没有集中保温补贴或低息贷款，然后买些保温材料，保好屋子再慢慢考虑设备升级。",2026-06-30T21:50:07.807,,,1,完全没感觉,,,,,,,,,,,,,,,,,,,,,,,,,,,,,,,,,,,,,,,,,,,,,,,,,,10.7,5.162,B,准备转型,,,,C,空气源热泵（改造7000元/百平方米，年取暖约电量×0.5元/千瓦时）,,,,,11.7,2736,100,83,3.481,,,,,,,,,122,B_有效未完成,纳入有效样本池（≥30s 且模拟已结束），但未达「全部完成」标准。 缺少 post-survey 提交（post_survey_at 为空）。 可用于 dropout/流程分析，主分析建议排除或单独报告。
5eab21d8-29bd-4fe8-8791-4c678e98c94f,2026-06-30T21:56:04.176639,2026-06-30T22:02:25.879,学生,高一,3,100000,10000,100,3000,2026-06-30T21:57:35.555,success,排放、合规、能耗负担率达标且年盈余不为负，成功实现绿色转型。,"[""初始化：身份=学生（高一），常住人口=3人，方式=散煤炉，收入=100000，煤改前取暖费=3000，二氧化碳=6.194 吨，排放达标度=59 分。"",""回合1：准备转型 -> 表示愿意了解改造，合规度升至 60 分；仍用散煤，排放达标度 59 分。"",""【当前年取暖碳排放】6.194 吨二氧化碳（排放达标度 59 分）"",""回合3：空气源热泵（改造7000元/百平方米，年取暖约电量×0.5元/千瓦时） -> 完成清洁取暖改造（空气源热泵），合规度回满 100 分，排放达标度 72 分，二氧化碳 4.177 吨；改造后年取暖费=3283 元（由初始散煤输入能量换算电量 × 0.5 元/千瓦时），年盈余变化=-7283 元。"",""【当前年取暖碳排放】4.177 吨二氧化碳（排放达标度 72 分）"",""回合4：保暖修缮 -> 保暖修缮：一次性投入 1000 元（1000×100/100），年取暖费 3283 × 62.5% = 2052 元；排放达标度 83 分，二氧化碳 2.610 吨。"",""【当前年取暖碳排放】2.610 吨二氧化碳（排放达标度 83 分）"",""回合5：补贴减少 -> 散煤 3.00 吨，等价天然气 750.0 立方米，取暖年花费 +450 元。"",""【当前年取暖碳排放】2.610 吨二氧化碳（排放达标度 83 分）"",""【终局】排放、合规、能耗负担率达标且年盈余不为负，成功实现绿色转型。""]","## 一、农户形象解析

**一句话看懂：** 一家三口年存1万，住100平米平房，冬天烧散煤花3000元。

- **经济画像：** 您家年收入10万元，能存下1万元，属于过日子比较紧巴但不算太差的农村家庭。每年冬天烧散煤取暖要花3000元，占收入的3%，负担不大不小。
- **住房情况：** 100平米房子，一家三口住，不算挤。但房屋保暖性一般（没做保温），烧散煤时热量容易跑掉，费煤又费钱。
- **转型起点：** 原来用散煤炉，每年产生约6.2吨二氧化碳，排放达标度只有59分（刚及格线附近）。说明煤炉子热效率低，既不环保，屋里也容易落灰、呛人，还得天天添煤倒灰。

## 二、转型建议

**一句话看懂：** 先改空气源热泵，再做保暖修缮，最划算。

- **建议路径：** 空气源热泵+保暖修缮。理由：相比改天然气，空气源热泵是用电的，农村电价有优惠，改造费7000元两年就能回本（省下的煤钱和补贴），加上1000元做保温，后续每年取暖费降到2052元，比原来省近1000块。
- **已走路径：** 您先改了空气源热泵（花7000元），当年取暖费到3283元，比散煤贵了283元。这步走对了，但因为没用保温，第一年电费还是偏高。
- **可改进之处：** 主要是步骤顺序。如果先花点钱做保温（比如封阳台、加厚门窗），再装热泵，电费能直接降三分之二。您后来补做了保暖修缮（花1000元），取暖费降到2502元，比散煤还便宜500元，这是最关键的省钱动作。

## 三、生活改善与路径解读

**一句话看懂：** 改造后每年省500元，屋里干净暖和，还不用半夜添煤。

- **更省钱：** 改造加保温总共投入8000元，之后每年取暖费2502元，比原来散煤的3000元省了498元。加上政府补贴（日志显示补贴减少后年花费+450元，但实际补了450元），净省近500元，相当于白赚半个月生活费。
- **更暖和：** 空气源热泵能恒温供暖，不像炉子烧旺就热、烧完就冷。保暖修缮后，屋里温度能稳定在18-20℃，不用再裹棉袄看电视。
- **更干净省心：** 烧散煤满屋灰、半夜得起床添煤、还要担心煤气（一氧化碳）中毒。改热泵后，像用空调一样省事，按几下遥控器就行，屋里地也不用天天擦。
- **最该先改善的一点：** 如果担心改造费，可以先拿1000元做保暖（封窗户、加棉门帘），把热量留住。这招见效最快，能让旧煤炉子省煤20%以上，烧得少了屋里也更干净。
- **下一步可以怎么做：** 您家已经成功转型，年盈余还剩1717元。建议用这笔钱再检查下门窗密封条、给屋顶加个保温层，这样来年取暖费还能再省点。换句话讲，改造不是一次性花钱，而是一点点把家变得更暖和、更省钱。",2026-06-30T21:57:47.861,"{""end"":{""q_end1_recommend"":{""label"":""非常愿意"",""value"":5},""q_end_ai_feedback"":"""",""q_end2_suggestions"":""做好合理性及宣传活动"",""q_end_ai_helpfulness"":{""label"":""帮助较大"",""value"":""C""}},""common"":{""q3_impact_other"":"""",""q3_biggest_impact"":{""label"":""C. 不同技术路线的一次性投入差异"",""value"":""C""},""q4_strategy_change"":{""label"":""C. 不会，仍会走类似路径"",""value"":""C""},""q2_understanding_after"":{""label"":""非常理解"",""value"":5},""q1_understanding_before"":{""label"":""完全没感觉"",""value"":1}},""student"":{""s3_reflection"":"""",""s1_simulator_help"":{""label"":""非常有帮助"",""value"":5},""s2_hardest_burden"":[{""label"":""改造设备一次性费用"",""value"":""device_cost""},{""label"":""补贴减少后的气价/电价"",""value"":""subsidy_cut""},{""label"":""不敢开暖气、室温不够"",""value"":""cold_home""}]},""submitted_at"":""2026-06-30T22:02:25.879000"",""user_identity"":""学生""}",2026-06-30T22:02:25.879,1,完全没感觉,5,非常理解,C,C. 不同技术路线的一次性投入差异,,C,C. 不会，仍会走类似路径,5,非常愿意,C,帮助较大,,做好合理性及宣传活动,5,非常有帮助,device_cost | subsidy_cut | cold_home,改造设备一次性费用 | 补贴减少后的气价/电价 | 不敢开暖气、室温不够,,,,,,,,,,,,,,,,,,,,,,,,,,,,,,,,,3,6.194,B,准备转型,,,,C,空气源热泵（改造7000元/百平方米，年取暖约电量×0.5元/千瓦时）,C,保暖修缮,SETTLE,结算回合5（补贴减少）,2.5,2502,100,83,2.61,,,,,,,,,381,A_全部完成,纳入分析样本（全部完成，n=20 之一）。学生/其他：已结束模拟、提交 post-survey，且 Q1/Q2 前后测齐全。
e8f5b87f-681f-4f3d-98a1-dbfeabbf0f56,2026-07-01T06:27:45.820839,2026-07-01T06:30:52.901326,学生,高一,5,90000,8000,80,3000,2026-07-01T06:28:01.327,success,排放、合规、能耗负担率达标且年盈余不为负，成功实现绿色转型。,"[""初始化：身份=学生（高一），常住人口=5人，方式=散煤炉，收入=90000，煤改前取暖费=3000，二氧化碳=6.194 吨，排放达标度=75 分。"",""回合1：准备转型 -> 表示愿意了解改造，合规度升至 60 分；仍用散煤，排放达标度 75 分。"",""【当前年取暖碳排放】6.194 吨二氧化碳（排放达标度 75 分）"",""回合3：天然气（改造3000元/百平方米，年取暖约气量×2.98元/立方米） -> 完成清洁取暖改造（天然气），合规度回满 100 分，排放达标度 94 分，二氧化碳 1.500 吨；改造后年取暖费=2235 元（由初始散煤用量换算气量 × 2.98 元/立方米），年盈余变化=-1635 元。"",""【当前年取暖碳排放】1.500 吨二氧化碳（排放达标度 94 分）"",""回合4：节约取暖 -> 节约取暖：年取暖费 2235 × 60% = 1341 元，年盈余增加 894 元；排放达标度 96 分，二氧化碳 0.900 吨。"",""【当前年取暖碳排放】0.900 吨二氧化碳（排放达标度 96 分）"",""回合5：补贴减少 -> 散煤 3.00 吨，等价天然气 750.0 立方米，取暖年花费 +450 元。"",""【当前年取暖碳排放】0.900 吨二氧化碳（排放达标度 96 分）"",""【终局】排放、合规、能耗负担率达标且年盈余不为负，成功实现绿色转型。""]","## 一、农户形象解析

**一句话看懂：** 这户人家收入稳定，改造前烧散煤花费高、不干净。

- **经济条件尚可：** 家庭年收入9万元，年结余（年盈余）8千元，说明日常开销后还能存下一些钱，不算特别宽裕但有一定余力。
- **住房面积适中：** 80平米的住宅，5口人住，不算拥挤，改造面积也不会太大，适合清洁取暖设备安装。
- **初始取暖负担不轻：** 原先靠散煤取暖，每年要花3000元，能耗负担率（取暖费占收入的比例）约3.3%，这个支出对农村家庭来说不算少。
- **改造成前提条件：** 柴火和煤燃烧时烟尘多、需要频繁添火、清理炉渣，尤其家里有高一学生，更需要一个干净的、不用总担心煤气中毒的学习环境。

## 二、转型建议

**一句话看懂：** 这条路走得不错，建议以后继续用好补贴，别开太大窗户。

- **建议路径：** 天然气取暖。因为你们家面积不大、年收入稳定，天然气初装费只要3000元（改造3000元/百平方米），后续还能享受取暖用气补贴，很适合你们。
- **已走路径回顾：** 你们从散煤炉直接改成了天然气，改造后年取暖费从3000元降到了2235元，通过节约取暖（少开点、出门调低温度）又砍到1341元，省了不少钱。
- **可改进之处：** 取暖成本从2235降到1341是喜人的，但要留心补贴变化——最终补贴减少后每年多花了450元（总取暖费回到约1791元）。建议下个冬天留意当地补贴政策，提前调整用气计划，别等到补贴少了才心疼。
- **一点提醒：** 家里有5口人，开窗通风和室内保温要平衡。天然气炉子没有烟尘，可以适当关小窗户保暖，但也要留个小缝，防止一氧化碳悄悄积累。

## 三、生活改善与路径解读

**一句话看懂：** 改天然气后家里更暖和、更省钱、更省心，该趁早改。

- **最该先改善的一点：更暖和！** 散煤炉要不断添煤、半夜可能熄灭，屋里白天热晚上冷。天然气壁挂炉自带恒温器，设定好温度（比如18-20度）就能自动维持，不用半夜爬起来加煤。
- **省钱对比：** 初始散煤取暖费3000元，改造后气费只用2235元，节省了765元。如果再养成节约习惯（出门调低5度、睡前调低3度），可以省到1341元，比原先省一半还多。
- **更干净卫生，省心省力：** 散煤产生大量烟灰和煤渣，家里人容易咳嗽、衣服发黑。改用天然气后没有灰尘，擦桌子、扫地次数少一半，学生回家写作业空气质量也好。
- **环保也是为自己好：** 改造前二氧化碳排放6.194吨，改造后用气只排0.9吨，达标分数从75分升到96分，意味着对村里空气好，自己也不闻煤烟味。
- **下一步可以怎么做：** 年结余从8000元变成7259元（因为改造花了3000元补贴后净增），手里还剩7000多，但取暖费用已经降到1791，比原来省了1209元。未来可以再为房子做个局部保温（如加厚窗帘、窗户贴密封条），保温一好，气费还能再降一点。",2026-07-01T06:28:12.968,"{""end"":{""q_end1_recommend"":{""label"":""非常愿意"",""value"":5},""q_end_ai_feedback"":"""",""q_end2_suggestions"":""可以稍微少写点字，要不我这种文化水平不高的人会看得比较吃力（）或者用大小颜色区分重点和非重点\n支持郭院士，最懂能源之人，整个🇰🇵为你闪亮🤓"",""q_end_ai_helpfulness"":{""label"":""帮助较大"",""value"":""C""}},""common"":{""q3_impact_other"":"""",""q3_biggest_impact"":{""label"":""A. 取暖费用突然上涨（如补贴退坡）"",""value"":""A""},""q4_strategy_change"":{""label"":""B. 会，但只在中间某回合改变选择"",""value"":""B""},""q2_understanding_after"":{""label"":""比较理解"",""value"":4},""q1_understanding_before"":{""label"":""完全没感觉"",""value"":1}},""student"":{""s3_reflection"":"""",""s1_simulator_help"":{""label"":""比较有帮助"",""value"":4},""s2_hardest_burden"":[{""label"":""改造设备一次性费用"",""value"":""device_cost""},{""label"":""每年取暖运行费"",""value"":""annual_heating""},{""label"":""房屋保温差导致用能高"",""value"":""poor_insulation""}]},""submitted_at"":""2026-07-01T06:30:52.239"",""user_identity"":""学生""}",2026-07-01T06:30:52.239,1,完全没感觉,4,比较理解,A,A. 取暖费用突然上涨（如补贴退坡）,,B,B. 会，但只在中间某回合改变选择,5,非常愿意,C,帮助较大,,"可以稍微少写点字，要不我这种文化水平不高的人会看得比较吃力（）或者用大小颜色区分重点和非重点
支持郭院士，最懂能源之人，整个🇰🇵为你闪亮🤓",4,比较有帮助,device_cost | annual_heating | poor_insulation,改造设备一次性费用 | 每年取暖运行费 | 房屋保温差导致用能高,,,,,,,,,,,,,,,,,,,,,,,,,,,,,,,,,3.3,6.194,B,准备转型,,,,A,天然气（改造3000元/百平方米，年取暖约气量×2.98元/立方米）,B,节约取暖,SETTLE,结算回合5（补贴减少）,2,1791,100,96,0.9,,,,,,,,,187,A_全部完成,纳入分析样本（全部完成，n=20 之一）。学生/其他：已结束模拟、提交 post-survey，且 Q1/Q2 前后测齐全。
6c95ed8d-02ff-4c2b-b93b-34d5186d3de3,2026-07-01T12:56:20.473196,2026-07-01T12:56:28.688076,学生,高一,3,9,8,100,3000,,,,"[""初始化：身份=学生（高一），常住人口=3人，方式=散煤炉，收入=9，煤改前取暖费=3000，二氧化碳=6.194 吨，排放达标度=59 分。"",""回合1：准备转型 -> 表示愿意了解改造，合规度升至 60 分；仍用散煤，排放达标度 59 分。"",""【当前年取暖碳排放】6.194 吨二氧化碳（排放达标度 59 分）""]",,,,,3,一般,,,,,,,,,,,,,,,,,,,,,,,,,,,,,,,,,,,,,,,,,,,,,,,,,,33333.3,6.194,,,,,,,,,,,,,,,,,,,,,,,,,8,C_需清洗,建议清洗或排除出主分析：会话时长不足30秒（8s），难以视为有效体验；模拟未结束（无 ended_at），行为与结局数据不完整
8219c016-9322-4d03-a8e7-15132f6511c6,2026-07-01T12:57:08.501899,2026-07-01T12:57:13.65331,学生,高一,3,9,8,100,3000,,,,"[""初始化：身份=学生（高一），常住人口=3人，方式=散煤炉，收入=9，煤改前取暖费=3000，二氧化碳=6.194 吨，排放达标度=59 分。"",""回合1：继续当前取暖方式 -> 继续散煤取暖，合规度维持底线 0 分，排放达标度 59 分；当地开始关注你家取暖方式，建议尽早了解清洁取暖选项。"",""【当前年取暖碳排放】6.194 吨二氧化碳（排放达标度 59 分）"",""回合2：了解并开始准备改造 -> 了解并开始准备改造，合规度回升至 50 分；尚未完成技术替代，排放达标度 59 分。"",""【当前年取暖碳排放】6.194 吨二氧化碳（排放达标度 59 分）""]",,,,,3,一般,,,,,,,,,,,,,,,,,,,,,,,,,,,,,,,,,,,,,,,,,,,,,,,,,,33333.3,6.194,,,,,,,,,,,,,,,,,,,,,,,,,5,C_需清洗,建议清洗或排除出主分析：会话时长不足30秒（5s），难以视为有效体验；模拟未结束（无 ended_at），行为与结局数据不完整
1a767639-c056-4fa0-b113-410ab5ab28c5,2026-07-01T12:57:26.304546,2026-07-01T12:57:28.340919,学生,高一,3,20,8,100,3000,,,,"[""初始化：身份=学生（高一），常住人口=3人，方式=散煤炉，收入=20，煤改前取暖费=3000，二氧化碳=6.194 吨，排放达标度=59 分。"",""回合1：准备转型 -> 表示愿意了解改造，合规度升至 60 分；仍用散煤，排放达标度 59 分。"",""【当前年取暖碳排放】6.194 吨二氧化碳（排放达标度 59 分）""]",,,,,3,一般,,,,,,,,,,,,,,,,,,,,,,,,,,,,,,,,,,,,,,,,,,,,,,,,,,15000,6.194,,,,,,,,,,,,,,,,,,,,,,,,,2,C_需清洗,建议清洗或排除出主分析：会话时长不足30秒（2s），难以视为有效体验；模拟未结束（无 ended_at），行为与结局数据不完整
fcc4c453-0d0d-4e06-853e-fa9c624a0ac2,2026-07-01T12:57:42.650106,2026-07-01T12:57:45.486063,学生,高一,3,100,8,100,3000,,,,"[""初始化：身份=学生（高一），常住人口=3人，方式=散煤炉，收入=100，煤改前取暖费=3000，二氧化碳=6.194 吨，排放达标度=59 分。"",""回合1：准备转型 -> 表示愿意了解改造，合规度升至 60 分；仍用散煤，排放达标度 59 分。"",""【当前年取暖碳排放】6.194 吨二氧化碳（排放达标度 59 分）""]",,,,,3,一般,,,,,,,,,,,,,,,,,,,,,,,,,,,,,,,,,,,,,,,,,,,,,,,,,,3000,6.194,,,,,,,,,,,,,,,,,,,,,,,,,2,C_需清洗,建议清洗或排除出主分析：会话时长不足30秒（2s），难以视为有效体验；模拟未结束（无 ended_at），行为与结局数据不完整
68c89c05-70d9-4b7c-a408-3b3dec44688f,2026-07-01T12:58:02.776251,2026-07-01T12:58:10.581133,学生,高一,3,10000000000,8,100,3000,2026-07-01T12:58:10.175,success,排放、合规、能耗负担率达标且年盈余不为负，成功实现绿色转型。,"[""初始化：身份=学生（高一），常住人口=3人，方式=散煤炉，收入=10000000000，煤改前取暖费=3000，二氧化碳=6.194 吨，排放达标度=59 分。"",""回合1：继续当前取暖方式 -> 继续散煤取暖，合规度维持底线 0 分，排放达标度 59 分；当地开始关注你家取暖方式，建议尽早了解清洁取暖选项。"",""【当前年取暖碳排放】6.194 吨二氧化碳（排放达标度 59 分）"",""回合2：了解并开始准备改造 -> 了解并开始准备改造，合规度回升至 50 分；尚未完成技术替代，排放达标度 59 分。"",""【当前年取暖碳排放】6.194 吨二氧化碳（排放达标度 59 分）"",""回合3：地源热泵（改造10000元/百平方米，年取暖约电量×0.5元/千瓦时） -> 完成清洁取暖改造（地源热泵），合规度回满 100 分，排放达标度 80 分，二氧化碳 3.074 吨；改造后年取暖费=2417 元（由初始散煤输入能量换算电量 × 0.5 元/千瓦时），年盈余变化=-9417 元。"",""【当前年取暖碳排放】3.074 吨二氧化碳（排放达标度 80 分）"",""回合4：提高收入 -> 提高收入：年收入提高 20%（+2000000000 元），年盈余同步增加 2000000000 元；排放分数不变（80 分）。"",""【当前年取暖碳排放】3.074 吨二氧化碳（排放达标度 80 分）"",""回合5：补贴减少 -> 散煤 3.00 吨，等价天然气 750.0 立方米，取暖年花费 +450 元。"",""【当前年取暖碳排放】3.074 吨二氧化碳（排放达标度 80 分）"",""【终局】排放、合规、能耗负担率达标且年盈余不为负，成功实现绿色转型。""]",,,,,3,一般,,,,,,,,,,,,,,,,,,,,,,,,,,,,,,,,,,,,,,,,,,,,,,,,,,0,6.194,A,继续当前取暖方式,2,了解并开始准备改造,了解并开始准备改造,B,地源热泵（改造10000元/百平方米，年取暖约电量×0.5元/千瓦时）,A,提高收入,SETTLE,结算回合5（补贴减少）,0,2867,100,80,3.074,,,,,,,,,7,C_需清洗,建议清洗或排除出主分析：会话时长不足30秒（7s），难以视为有效体验
fd50dc89-7b61-4afa-a88c-cfe485f9ac03,2026-07-01T22:05:05.695442,2026-07-01T22:05:24.747159,学生,测试,4,10000,1000,10,200,2026-07-01T22:05:12.68,seized,村里多次入户了解后，你家仍使用散煤取暖。长期如此，屋里烟尘多、炉火不安全、周边空气也受影响；按当地要求，需尽快选定并完成清洁取暖改造。,"[""初始化：身份=学生（测试），常住人口=4人，方式=散煤炉，收入=10000，煤改前取暖费=200，二氧化碳=0.413 吨，排放达标度=98 分。"",""回合1：继续当前取暖方式 -> 继续散煤取暖，合规度维持底线 0 分，排放达标度 98 分；当地开始关注你家取暖方式，建议尽早了解清洁取暖选项。"",""【当前年取暖碳排放】0.413 吨二氧化碳（排放达标度 98 分）"",""回合2：暂时继续用散煤 -> 继续用散煤取暖，合规度锁死 0 分，排放达标度 98 分（已连续 2 次暂缓了解改造方案）。"",""【当前年取暖碳排放】0.413 吨二氧化碳（排放达标度 98 分）"",""【入户了解】住房面积权重=41.5，单次暂不改造概率=0.58，连续 2 次暂缓了解后累计需改造提醒概率 65.8%，随机值=0.84。"",""这次入户了解暂未要求立即改造，但村里仍会关注你家取暖方式，建议尽早了解清洁方案。"",""回合2：暂时继续用散煤 -> 继续用散煤取暖，合规度锁死 0 分，排放达标度 98 分（已连续 3 次暂缓了解改造方案）。"",""【当前年取暖碳排放】0.413 吨二氧化碳（排放达标度 98 分）"",""【入户了解】住房面积权重=41.5，单次暂不改造概率=0.58，连续 3 次暂缓了解后累计需改造提醒概率 80.0%，随机值=0.71。"",""【终局】村里多次入户了解后，你家仍使用散煤取暖。长期如此，屋里烟尘多、炉火不安全、周边空气也受影响；按当地要求，需尽快选定并完成清洁取暖改造。""]","## 一、农户形象解析

**一句话看懂：** 年收入低、盈余少，取暖费虽不多，但散煤烟尘大、不方便。

- **经济底子薄：** 您家年收入1万元，年盈余仅1000元，属于收入不高、存钱困难的农村家庭。住房面积10平方米，取暖费花200元，看似不多，但盈余只够交5次取暖费，经不起折腾。
- **取暖现状老：** 一开始用散煤炉，取暖费低，但屋里烟尘多、炉火得随时看着，既脏又不安全。碳排放0.413吨，排放达标度98分，说明散煤对空气影响不小。
- **形象总结：** 您家是典型的“赚得少、花得省”的农户，想省钱但只能靠散煤硬扛，可实际过冬体验并不好——烟呛、灰大、还得半夜添火。

## 二、转型建议

**一句话看懂：** 先改生物质炉或申请空气源热泵，别硬撑散煤了。

- **建议路径：** 推荐先做“生物质颗粒炉”（烧秸秆压块或木屑颗粒），理由：购买成本低（约2000-3000元），运行费比散煤只多几百块，补贴后负担更轻，屋里干净、没烟，还能用本地秸秆。如果村里有电网补贴，再考虑空气源热泵（运行电费约合每月200元，比散煤多但更省心）。
- **已走路径：** 您操作中一直坚持用散煤（回合1、2都继续散煤），连续3次没了解改造方案。合规度为0分（说明不符合当地环保要求），村里已多次提醒。
- **可改进：** 现在就主动联系村委，问清当地补贴政策。散煤虽然省了眼前钱，但长期来看——烟尘熏墙、一氧化碳中毒风险、添火费时间——这些隐性成本更贵。

## 三、生活改善与路径解读

**一句话看懂：** 改生物质炉最划算：又暖又干净，还能拿补贴。

- **更暖和、更省心：** 散煤炉得半夜添煤、清灰；生物质炉自动进料，温度稳，屋里不用再穿棉袄。**最该先改善的一点**：告别烟尘，改善全家呼吸健康（尤其家里有老人孩子）。
- **更卫生、更安全：** 散煤烧完灰满地，炉子烫手容易烫伤孩子；改清洁取暖后，屋地下暖气或壁挂炉，地面干净，也没有一氧化碳中毒风险。
- **钱上不亏：** 您现在散煤费一年200元，改生物质颗粒炉每年大概花600-800元（多400-600元），可申请改造补贴（最高补贴安装费一半）、运行补贴（每吨颗粒补100元）。算总账：少病少操心，省下的药钱和精力，比那几百块多。
- **下一步怎么做：**
  1. 找村委问“清洁取暖改造补贴清单”，看生物质炉能拿多少钱。
  2. 如果村里统一推行空气源热泵，确认电补标准（河北一般补到0.2元/度），先装一两个房间过渡。
  3. 千万别再拖——拖久了可能拿不到全补贴，还影响邻居过冬。",2026-07-01T22:05:24.165,,,1,完全没感觉,,,,,,,,,,,,,,,,,,,,,,,,,,,,,,,,,,,,,,,,,,,,,,,,,,2,0.413,A,继续当前取暖方式,1,暂时继续用散煤,暂时继续用散煤 | 暂时继续用散煤,,,,,,,2,200,0,98,0.413,,,,,,,,,19,C_需清洗,建议清洗或排除出主分析：会话时长不足30秒（19s），难以视为有效体验；身份备注疑似测试记录（identity_detail='测试'）
375fa45f-f89f-43fe-b739-222d2214b3dd,2026-07-02T21:38:36.997069,2026-07-02T21:47:18.623174,已煤改农户,珠窝,33,150000,8000,150,3000,2026-07-02T21:39:17.871,success,排放、合规、能耗负担率达标且年盈余不为负，成功实现绿色转型。,"[""初始化：身份=已煤改农户（珠窝），常住人口=33人，方式=散煤炉，收入=150000，煤改前取暖费=3000，二氧化碳=6.194 吨，排放达标度=96 分。"",""回合1：准备转型 -> 表示愿意了解改造，合规度升至 60 分；仍用散煤，排放达标度 96 分。"",""【当前年取暖碳排放】6.194 吨二氧化碳（排放达标度 96 分）"",""回合3：地源热泵（改造10000元/百平方米，年取暖约电量×0.5元/千瓦时） -> 完成清洁取暖改造（地源热泵），合规度回满 100 分，排放达标度 98 分，二氧化碳 3.074 吨；改造后年取暖费=2417 元（由初始散煤输入能量换算电量 × 0.5 元/千瓦时），年盈余变化=-14417 元。"",""【当前年取暖碳排放】3.074 吨二氧化碳（排放达标度 98 分）"",""回合4：提高收入 -> 提高收入：年收入提高 20%（+30000 元），年盈余同步增加 30000 元；排放分数不变（98 分）。"",""【当前年取暖碳排放】3.074 吨二氧化碳（排放达标度 98 分）"",""回合5：补贴减少 -> 散煤 3.00 吨，等价天然气 750.0 立方米，取暖年花费 +450 元。"",""【当前年取暖碳排放】3.074 吨二氧化碳（排放达标度 98 分）"",""【终局】排放、合规、能耗负担率达标且年盈余不为负，成功实现绿色转型。""]","## 一、农户形象解析

**一句话看懂：** 年收入不错但存钱少，以前烧煤取暖费三千元。

- **收入与盈余：** 年收入有15万，在村里算中上，但一年到头只能存下8000元，说明家里日常支出比较大，能用于改善生活条件的多余钱不多。
- **住房条件：** 房子150平方米，算是大户型，平时住的人也多（33口人，可能是个大家庭），采暖面积大，用散煤炉要烧不少煤、花不少功夫。
- **初始取暖费与排放：** 冬天烧散煤花费3000元，烧煤排放二氧化碳6.194吨，排放达标度96分（接近及格上限），说明散煤虽然花钱不多，但污染不小，冬天屋里烟尘多、不卫生。

## 二、转型建议

**一句话看懂：** 推荐地源热泵，本户已经走对路了。

- **建议路径：** 地源热泵。理由：本户收入中等偏上但盈余有限，地源热泵前期一次性改造花1万元（约67元/平米），比空气源热泵更省电，长远来看每年取暖费（2867元）比烧煤还省，是「一劳永逸」的好方案。
- **本局已走路径：** 直接选了地源热泵改造，完成得很干脆。改造后年取暖费从3000元降到2417元（不考虑补贴变化），之后又提高了收入（增收3万元），家庭经济更宽裕。主要亮点：打好了经济基础——先改造，再增收，压力小。
- **可改进之处：** 后续遇到补贴减少时（年取暖费涨到了2867元），没有再去了解其他省电技巧（比如夜间调低温度、做墙体保温），如果能给大房子外墙加层保温，取暖费还能再降一截。

## 三、生活改善与路径解读

**一句话看懂：** 地源热泵花钱少、无烟尘，冬天更暖和干净。

- **更省钱：** 改造后年取暖费2417元，比原来烧煤的3000元省了将近600元。即使补贴减少（涨到2867元），依然比烧煤省钱。最该先改善的一点就是换掉散煤炉——既省力气又省钱。
- **更暖和、更干净：** 地源热泵靠地下恒温供暖，屋里没有烟灰、不用半夜添煤，也不用担心一氧化碳中毒。二氧化碳排放从6.194吨降到3.074吨，排放达标度从96分升到98分，屋里空气好得多。
- **后续省心小提示：** 这次转型后，年盈余从8000元涨到23583元，生活压力明显小了。下一步可以给大房子（150平）的窗户加密封条、给屋顶加保温层，这样冬天更保温，取暖费还能再降几百块，更省心。",2026-07-02T21:39:58.276,"{""end"":{""q_end1_recommend"":{""label"":""比较愿意"",""value"":4},""q_end_ai_feedback"":""因为每个地方建设的费用会有区别。个人无法选择改造方式，取决于集体的整体的决策"",""q_end2_suggestions"":""需要更加详细的给出一些案例，供参考"",""q_end_ai_helpfulness"":{""label"":""帮助较小"",""value"":""B""}},""common"":{""q3_impact_other"":"""",""q3_biggest_impact"":{""label"":""B. 入户了解与改造提醒"",""value"":""B""},""q4_strategy_change"":{""label"":""C. 不会，仍会走类似路径"",""value"":""C""},""q2_understanding_after"":{""label"":""非常理解"",""value"":5},""q1_understanding_before"":{""label"":""比较了解"",""value"":4}},""submitted_at"":""2026-07-02T21:47:05.447"",""user_identity"":""已煤改农户"",""converted_farmer"":{""f5_other"":"""",""f1_method_other"":"""",""f4_cost_realism"":{""label"":""B. 大体接近，但细节有差别"",""value"":""B""},""f1_heating_method"":{""label"":""B. 电采暖/空气源热泵"",""value"":""B""},""f3_reduce_methods"":"""",""f6_realistic_part"":""改造的费用"",""f3_reduce_spending"":{""label"":""没有"",""value"":""no""},""f5_subsidy_response"":[{""label"":""正常用，费用可承受"",""value"":""normal_use""}],""f7_unrealistic_part"":""没有"",""f8_policy_suggestion"":""因地制宜，广泛调研"",""f2_annual_heating_cost"":""4000"",""farmer_interview_contact"":""15801636955"",""farmer_interview_willing"":{""label"":""愿意"",""value"":""yes""}}}",2026-07-02T21:47:05.447,4,比较了解,5,非常理解,B,B. 入户了解与改造提醒,,C,C. 不会，仍会走类似路径,4,比较愿意,B,帮助较小,因为每个地方建设的费用会有区别。个人无法选择改造方式，取决于集体的整体的决策,需要更加详细的给出一些案例，供参考,,,,,,B,B. 电采暖/空气源热泵,,4000,no,没有,,B,B. 大体接近，但细节有差别,normal_use,正常用，费用可承受,,改造的费用,没有,因地制宜，广泛调研,,,,,,,,,,,,,,,,,2,6.194,B,准备转型,,,,B,地源热泵（改造10000元/百平方米，年取暖约电量×0.5元/千瓦时）,A,提高收入,SETTLE,结算回合5（补贴减少）,1.6,2867,100,98,3.074,yes,愿意,15801636955,,,,,,521,A_全部完成,纳入分析样本（全部完成，n=20 之一）。农户流程：已结束模拟并提交 post-survey（不要求 Q1/Q2）。
97952000-c634-45f3-8c5a-4a36d3e4a755,2026-07-03T07:57:57.002191,2026-07-03T07:58:33.067174,未煤改农户,任意,4,120000,20000,160,4000,2026-07-03T07:58:16.193,seized,村里多次入户了解后，你家仍使用散煤取暖。长期如此，屋里烟尘多、炉火不安全、周边空气也受影响；按当地要求，需尽快选定并完成清洁取暖改造。,"[""初始化：身份=未煤改农户（任意），常住人口=4人，方式=散煤炉，收入=120000，煤改前取暖费=4000，二氧化碳=8.259 吨，排放达标度=59 分。"",""回合1：继续当前取暖方式 -> 继续散煤取暖，合规度维持底线 0 分，排放达标度 59 分；当地开始关注你家取暖方式，建议尽早了解清洁取暖选项。"",""【当前年取暖碳排放】8.259 吨二氧化碳（排放达标度 59 分）"",""回合2：暂时继续用散煤 -> 继续用散煤取暖，合规度锁死 0 分，排放达标度 59 分（已连续 2 次暂缓了解改造方案）。"",""【当前年取暖碳排放】8.259 吨二氧化碳（排放达标度 59 分）"",""【入户了解】住房面积权重=64.0，单次暂不改造概率=0.36，连续 2 次暂缓了解后累计需改造提醒概率 87.0%，随机值=0.58。"",""【终局】村里多次入户了解后，你家仍使用散煤取暖。长期如此，屋里烟尘多、炉火不安全、周边空气也受影响；按当地要求，需尽快选定并完成清洁取暖改造。""]","好的，老乡，咱一起来看看您家这个情况，分析分析怎么让冬天过得更暖和、更省心、更干净。

## 一、农户形象解析

**形象描述：** 收入不错、能存下钱、房子不小、习惯烧煤、怕费事、担心多花钱

- **- 收入尚可但开支清晰：** 您家一年收入12万，能攒下2万块，在村里算是有余力的家庭，不是那种手头特别紧的户。
- **- 住房面积大，取暖负担高：** 160平米的大房子，住着宽敞，但冬天取暖花钱也多。现在一年散煤要花4000块，这笔钱不是小数目。
- **- 散煤费用具体，但能耗不小：** 4000块的取暖费只占您家收入的3.3%，听起来不重，但一年烧煤会排放8.2吨的二氧化碳，对屋内外空气都有影响。
- **- 对改造有点犹豫，还在观望：** 模拟中您连续两次选择继续用散煤，没有去了解清洁取暖方案，说明心里还在打鼓，主要是怕改造麻烦或者多花钱。

## 二、转型建议

**一句话看懂：** 您家最适合先做天然气改造，再想办法保温。

- **- 建议路径：** 首选改成天然气壁挂炉取暖。理由：您家收入稳定（12万），能接受一次性改造投入；天然气干净、省事，能恒温控制，对160平米的大房子来说，比煤炉舒服得多。一次性设备补贴后，您每年取暖费可能稍微涨一点（比如到5000-6000元），但省下的掏灰、添煤、提心吊胆的功夫，这笔钱花得值。
- **- 已走路径：** 您选择了两次继续用散煤，结果就是被村里重点关注，最后按政策要求还是得尽快改。这说明“再等等看”这条路走不通，反而拖久了可能失去一些补贴机会。
- **- 可改进之处：** 第一步不是直接换炉子，而是先做房屋保温。您家房子大，门窗、墙体如果没保温，热量都跑了。花几千块钱给窗户加个密封条、贴个保温膜，或者给外墙做保温层，用天然气时能省下至少20%的燃气费，一年就能回本一部分。
- **- 其他可选方案：** 如果您特别看重长期省钱，可以了解一下空气源热泵。虽然前期投入比燃气高（大约1.5-2万），但用电取暖比烧气更省用费，尤其适合您家这种不特别怕冷的区域。需要考察冬天最冷那几天（比如-10℃以下）效果是否够用。

## 三、生活改善与路径解读

**一句话看懂：** 改造后，屋里更干净暖和，花钱更透明，还能拿补贴。

- **- 最该先改善的一点：** **先解决屋里又脏又冷的问题。** 您现在用的散煤炉，最让人头疼的不是钱，是烟尘多、灰大，每天倒炉灰、半夜加煤的麻烦，而且炉子一旦封不好就是一氧化碳中毒的大隐患。改成天然气或热泵，这些烦恼全没了，一键调温，小孩老人都能操作。
- **- 取暖花费更可控：** 现在烧煤一个冬天4000块，但煤价不稳，还可能有买不到好煤的情况。改成清洁取暖，天然气费或电费是相对固定的，政府还有“峰谷电价”或“气价补贴”（比如每立方米补1元），您能提前算清楚花多少钱，心里有底。
- **- 补贴能减轻不少负担：** 河北对清洁取暖改造有设备补贴（比如天然气炉子补几千块）和运行补贴（用气用电每一年度补贴几百到上千元）。您家年盈余2万，承担得起一次性的改造费，之后每年用气，实际花费可能比您现在烧煤的4000元多不了太多，甚至更少（如果做保温）。
- **- 室内舒适度天差地别：** 散煤炉是“烧着一会儿烫、停了又冷”，晚上还不敢开大窗户透气。天然气壁挂炉或热泵可以设定20℃恒温，全天房间里都是暖和的，老人半夜起夜不挨冻，小孩写作业也不缩手缩脚。
- **- 环保和健康是长远账：** 烧散煤排出的烟灰尘里有大量PM2.5（细颗粒物）和二氧化硫，不仅让村里空气变差，也直接伤您和家人的肺。改成清洁取暖，您就是为自家和邻居的空气做贡献，孩子们在院子里玩也更安心。
- **- 下一步可以怎么做：** 马上联系村委会或当地镇政府，问清楚今年有没有天然气改造名额和设备补贴政策。关键是先报个名，了解清楚前期需要自己掏多少钱，以及气价补贴具体怎么补。千万别再等，越早改越主动。",2026-07-03T07:58:32.88,,,2,略有了解,,,,,,,,,,,,,,,,,,,,,,,,,,,,,,,,,,,,,,,,,,,,,,,,,,3.3,8.259,A,继续当前取暖方式,1,暂时继续用散煤,暂时继续用散煤,,,,,,,3.3,4000,0,59,8.259,,,,,,,,,36,B_有效未完成,纳入有效样本池（≥30s 且模拟已结束），但未达「全部完成」标准。 缺少 post-survey 提交（post_survey_at 为空）。 可用于 dropout/流程分析，主分析建议排除或单独报告。
88676957-d6be-4e62-b3f4-dda23c63c998,2026-07-03T08:30:06.638146,2026-07-03T08:33:11.509756,其他,农民,7,100000,7000,120,3000,2026-07-03T08:30:22.624,seized,村里多次入户了解后，你家仍使用散煤取暖。长期如此，屋里烟尘多、炉火不安全、周边空气也受影响；按当地要求，需尽快选定并完成清洁取暖改造。,"[""初始化：身份=其他（农民），常住人口=7人，方式=散煤炉，收入=100000，煤改前取暖费=3000，二氧化碳=6.194 吨，排放达标度=82 分。"",""回合1：继续当前取暖方式 -> 继续散煤取暖，合规度维持底线 0 分，排放达标度 82 分；当地开始关注你家取暖方式，建议尽早了解清洁取暖选项。"",""【当前年取暖碳排放】6.194 吨二氧化碳（排放达标度 82 分）"",""回合2：暂时继续用散煤 -> 继续用散煤取暖，合规度锁死 0 分，排放达标度 82 分（已连续 2 次暂缓了解改造方案）。"",""【当前年取暖碳排放】6.194 吨二氧化碳（排放达标度 82 分）"",""【入户了解】住房面积权重=58.0，单次暂不改造概率=0.42，连续 2 次暂缓了解后累计需改造提醒概率 82.4%，随机值=0.64。"",""【终局】村里多次入户了解后，你家仍使用散煤取暖。长期如此，屋里烟尘多、炉火不安全、周边空气也受影响；按当地要求，需尽快选定并完成清洁取暖改造。""]","## 一、农户形象解析

**形象描述：** 收入中等、盈余紧、散煤户、人多房大、怕多花钱

- **收入中等但盈余少：** 年收入10万，在村里算中等偏上，但一年忙到头只能存下7千块，日子过得不算宽裕，多花一分钱都得掂量掂量。
- **住房面积不小：** 120平方米的房子，住着7口人，冬天要是都暖和起来，需要的热量不少，这也是取暖费容易往上蹿的原因。
- **散煤取暖老路子：** 还在用散煤炉子，每年取暖花3千块，不算特别贵，但屋里烟尘、炉子安全、添煤倒灰这些杂事肯定少不了。
- **能耗负担不高：** 取暖费只占年收入的3%，说明按当前烧法，开支上没什么压力，这也是为啥不太想换新方式——怕改完之后反倒多花钱。

## 二、转型建议

**一句话看懂：** 先保温再选路，补贴能帮省钱，别光顾着怕。

- **建议路径：** 先做房屋保温改造（比如封窗缝、加门帘、吊顶加保温层），再看剩余预算选空气源热泵。理由是：120平7口人，热量需求大，不做保温直接换设备，电费或气费容易冲高；做好保温后，热泵一年取暖费能压到2500元以下，比散煤省还干净安全。
- **本局走了啥路：** 你选择了“继续用散煤”两次，没去了解任何改造方案。结果合规度（村里对取暖方式的认可程度）锁死为0分，村里多次上门了解后，最后还是要求必须改造。
- **哪里可以改进：** 关键一步是别硬扛着“回头再改”，早了解早主动。村里会上门不是找麻烦，是帮忙出主意。建议下次村里来人时，主动问问“有没有保温补贴”“热泵装下来自己掏多少”，这样既能听懂划算不划算，也不至于被最后期限催着改。

## 三、生活改善与路径解读

**一句话看懂：** 改完不怕冷、不呛烟、省力气，长远比散煤划算。

- **最该先改善的是：更暖和、更清静。** 散煤炉子看着便宜，但一年到头要添煤、倒灰、生火、封火，半夜还得想着别灭；屋里烟尘大，窗户上总有黑灰，老人孩子吸进去不好。换成清洁取暖（比如空气源热泵），电钮一开就能暖，屋里干干净净，舒服程度不是一个档次。
- **每年花销未必大涨：** 现在散煤3千块，如果选空气源热泵，算上电价补贴（河北有峰谷电优惠和取暖季专项补贴），加上保温后省下的热量，年费用有可能降到2500-2800元，比散煤省一点；要是天然气炉，补贴后大概在3000-3500元，也多不了太多，但省了半夜添煤的麻烦。
- **补贴能顶不少事：** 河北对清洁取暖改造通常有设备补贴（热泵可能补几千块）和运行补贴（每立米气或每度电有优惠）。你家每年盈余才7千，自己全掏改造费确实难，但补贴下来可能自己只出1-2万，摊到几年里，比年年烧散煤加吃药看病的账要划算。
- **下一步可以这样做：** 先找村委或乡镇的清洁取暖联络人，问清楚本村推的是气还是电、保温改造有没有额外补贴；再做个简单预算，心里有数了再做决定。别怕问、别拖，早一天换，早一天过不用扒灰的冬天。",2026-07-03T08:30:37.504,"{""end"":{""q_end1_recommend"":{""label"":""非常愿意"",""value"":5},""q_end_ai_feedback"":"""",""q_end2_suggestions"":"""",""q_end_ai_helpfulness"":{""label"":""帮助较大"",""value"":""C""}},""common"":{""q3_impact_other"":"""",""q3_biggest_impact"":{""label"":""A. 取暖费用突然上涨（如补贴退坡）"",""value"":""A""},""q4_strategy_change"":{""label"":""B. 会，但只在中间某回合改变选择"",""value"":""B""},""q2_understanding_after"":{""label"":""略有了解"",""value"":2},""q1_understanding_before"":{""label"":""略有了解"",""value"":2}},""submitted_at"":""2026-07-03T08:33:08.884"",""user_identity"":""其他"",""other_audience"":{""o5_reflection"":"""",""o1_perspective"":{""label"":""C. 新闻报道/公共传播"",""value"":""C""},""o3_policy_gaps"":[{""label"":""运行补贴可持续"",""value"":""subsidy""},{""label"":""差异化技术路线（不一刀切煤改气）"",""value"":""tech_mix""}],""o2_policy_variance_help"":{""label"":""比较有帮助"",""value"":4},""o4_policy_conflict_detail"":""农村靠天吃饭，收入取决于收成""}}",2026-07-03T08:33:08.884,2,略有了解,2,略有了解,A,A. 取暖费用突然上涨（如补贴退坡）,,B,B. 会，但只在中间某回合改变选择,5,非常愿意,C,帮助较大,,,,,,,,,,,,,,,,,,,,,,,,,,,,,,,C,C. 新闻报道/公共传播,4,比较有帮助,subsidy | tech_mix,运行补贴可持续 | 差异化技术路线（不一刀切煤改气）,农村靠天吃饭，收入取决于收成,,3,6.194,A,继续当前取暖方式,1,暂时继续用散煤,暂时继续用散煤,,,,,,,3,3000,0,82,6.194,,,,,,,,,184,A_全部完成,纳入分析样本（全部完成，n=20 之一）。学生/其他：已结束模拟、提交 post-survey，且 Q1/Q2 前后测齐全。
5629faf6-8046-44a9-91b2-5fbffb5a3000,2026-07-03T08:30:40.563847,2026-07-03T08:34:50.651409,未煤改农户,高丰村,1,20000,5000,120,4000,2026-07-03T08:31:34.235,bankrupt,能耗负担率过高且可支配资金不足，家庭取暖开支已难以为继。,"[""初始化：身份=未煤改农户（高丰村），常住人口=1人，方式=散煤炉，收入=20000，煤改前取暖费=4000，二氧化碳=8.259 吨，排放达标度=0 分。"",""回合1：准备转型 -> 表示愿意了解改造，合规度升至 60 分；仍用散煤，排放达标度 0 分。"",""【当前年取暖碳排放】8.259 吨二氧化碳（排放达标度 0 分）"",""回合3：空气源热泵（改造7000元/百平方米，年取暖约电量×0.5元/千瓦时） -> 完成清洁取暖改造（空气源热泵），合规度回满 100 分，排放达标度 0 分，二氧化碳 5.569 吨；改造后年取暖费=4377 元（由初始散煤输入能量换算电量 × 0.5 元/千瓦时），年盈余变化=-8777 元。"",""【当前年取暖碳排放】5.569 吨二氧化碳（排放达标度 0 分）"",""【终局】能耗负担率过高且可支配资金不足，家庭取暖开支已难以为继。""]","## 一、农户形象解析

**形象描述：** 收入紧、手头紧、独居老人、散煤户、怕多花钱

- **年收入不高，盈余很少：** 您一年收入两万元，除了吃穿用度只剩五千元可支配，钱袋子不算宽裕。
- **取暖费占比高，负担不轻：** 烧散煤一冬要花四千元，占收入两成，这笔开销对您家来说挺大。
- **住房面积敞亮但老人独居：** 房子有120平米，但只有一人常住，取暖覆盖面积大，容易产生浪费。
- **从散煤起步，环境待改善：** 初始用的是散煤炉，虽能取暖，但烟尘多、灰大、半夜还得添煤，影响了居家卫生和空气质量。

## 二、转型建议

**一句话看懂：** 直接装空气源热泵太费钱，应先做局部保温再考虑。

- **建议路径：** 优先做「部分房屋保温改造」（比如给常住的房间加厚门窗、贴保温膜），再考虑空气源热泵。因为您房子大、人口少，先给常用区域保温，能大幅降低取暖能耗，热泵费用也会省下来。
- **已走路径：** 您选择了直接装空气源热泵，改造后一年的取暖费变成了4377元，比烧散煤时略高，但年盈余从5000元变成了负3777元，家里积蓄被掏空了，负担太重，走不通。
- **可改进之处：** 如果当初先花一两千元把卧室、客厅的密封做好，再装一台小功率热泵，取暖费能控制在两千到三千元，生活就不会这么紧巴。另外，也可以先观望一下本地有没有「保温改造补贴」政策，别急着把家底全投进去。

## 三、生活改善与路径解读

**一句话看懂：** 先保温后改造，才能真正少花钱、过干净暖和的冬。

- **更省钱的做法：** **最该先改善的一点是让房子不「漏」暖气。** 比如把窗户缝隙堵住、加厚门帘，只对住的房间供暖，这样即使烧散煤也能省一两百元。如果将来改空气源热泵，保温好的房子一年取暖能降到3000元以内，比烧煤划算许多。
- **暖和与干净兼顾：** 散煤炉的缺点是半夜要爬起来加煤、早晨起来脸上有灰，屋里总有煤烟味。空气源热泵能恒温供暖，还不用清理煤灰，一冬天家里都清清爽爽。但前提是房子保温好、机器功率匹配，否则电费高得受不了。
- **别让「补贴」变成陷阱：** 改造时不能只盯着政府补贴，要看自己家庭能承担多少年取暖费。像您一人住120平米，改热泵后一个冬天4377元，占收入两成多，日子就容易「气紧」。建议先打听本地有没有「分房间供暖」的节能补贴，只给常住房间装设备。
- **下一步可以怎么做：** 先别急着把散煤炉拆掉，今年冬天先花几百元做简单保温（比如贴门窗密封条、挂厚窗帘），看看取暖费是否下降。如果明年政策有「分散式电暖器+保温补贴」，可以优先考虑，投入小、风险低。",2026-07-03T08:31:45.001,"{""end"":{""q_end1_recommend"":{""label"":""非常愿意"",""value"":5},""q_end_ai_feedback"":"""",""q_end2_suggestions"":"""",""q_end_ai_helpfulness"":{""label"":""帮助较大"",""value"":""C""}},""common"":{""q3_impact_other"":"""",""q3_biggest_impact"":{""label"":""B. 入户了解与改造提醒"",""value"":""B""},""q4_strategy_change"":{""label"":""B. 会，但只在中间某回合改变选择"",""value"":""B""},""q2_understanding_after"":{""label"":""略有了解"",""value"":2},""q1_understanding_before"":{""label"":""一般"",""value"":3}},""submitted_at"":""2026-07-03T08:34:43.529"",""user_identity"":""未煤改农户"",""unconverted_farmer"":{""n2_concerns"":[{""label"":""改造要掏太多钱"",""value"":""upfront_cost""},{""label"":""以后每年取暖费太高"",""value"":""annual_cost""}],""n3_attitude"":{""label"":""A. 更愿意尽快改造"",""value"":""A""},""n1_method_other"":"""",""n1_heating_method"":{""label"":""A. 散煤"",""value"":""A""},""n4_preferred_path"":""先观望，听建议做保暖"",""farmer_interview_contact"":"""",""farmer_interview_willing"":{""label"":""不愿意"",""value"":""no""}}}",2026-07-03T08:34:43.529,3,一般,2,略有了解,B,B. 入户了解与改造提醒,,B,B. 会，但只在中间某回合改变选择,5,非常愿意,C,帮助较大,,,,,,,,,,,,,,,,,,,,,,,A,A. 散煤,,upfront_cost | annual_cost,改造要掏太多钱 | 以后每年取暖费太高,A,A. 更愿意尽快改造,先观望，听建议做保暖,,,,,,,,,20,8.259,B,准备转型,,,,C,空气源热泵（改造7000元/百平方米，年取暖约电量×0.5元/千瓦时）,,,,,21.9,4377,100,0,5.569,no,不愿意,,,,,,,250,A_全部完成,纳入分析样本（全部完成，n=20 之一）。农户流程：已结束模拟并提交 post-survey（不要求 Q1/Q2）。
fe932a11-ddf3-419e-bda8-26fd0ef91a97,2026-07-03T08:39:17.580965,2026-07-03T08:41:00.419831,已煤改农户,石家庄,2,50000,5000,50,2600,2026-07-03T08:39:26.002,seized,村里多次入户了解后，你家仍使用散煤取暖。长期如此，屋里烟尘多、炉火不安全、周边空气也受影响；按当地要求，需尽快选定并完成清洁取暖改造。,"[""初始化：身份=已煤改农户（石家庄），常住人口=2人，方式=散煤炉，收入=50000，煤改前取暖费=2600，二氧化碳=5.368 吨，排放达标度=46 分。"",""回合1：继续当前取暖方式 -> 继续散煤取暖，合规度维持底线 0 分，排放达标度 46 分；当地开始关注你家取暖方式，建议尽早了解清洁取暖选项。"",""【当前年取暖碳排放】5.368 吨二氧化碳（排放达标度 46 分）"",""回合2：暂时继续用散煤 -> 继续用散煤取暖，合规度锁死 0 分，排放达标度 46 分（已连续 2 次暂缓了解改造方案）。"",""【当前年取暖碳排放】5.368 吨二氧化碳（排放达标度 46 分）"",""【入户了解】住房面积权重=47.5，单次暂不改造概率=0.53，连续 2 次暂缓了解后累计需改造提醒概率 72.4%，随机值=0.55。"",""【终局】村里多次入户了解后，你家仍使用散煤取暖。长期如此，屋里烟尘多、炉火不安全、周边空气也受影响；按当地要求，需尽快选定并完成清洁取暖改造。""]","## 一、农户形象解析

**形象描述：** 收入不高、积蓄少、小户型、散煤老户、想暖和又怕多花

- **经济画像：** 年收入5万元，年盈余仅5000元，属于农村中偏低收入家庭；取暖费2600元，占盈余的52%——冬天过完后，节余剩不了多少。
- **住房条件：** 面积只有50平米，1-2人住，虽然面积小理论上取暖费不会太高，但散煤炉热效低导致花费并不省。
- **初始方式：** 仍用散煤炉，年排放二氧化碳5.368吨，排放达标度只有46分（刚及格线以下），说明取暖既不清洁也不高效。
- **转型起点：** 手里余钱少，怕改了新设备后电费或气费比烧煤更贵，所以迟迟不敢动。但每年光取暖就花了收入的一多半节余，说明老方式其实也不便宜。

## 二、转型建议

**一句话看懂：** 趁早改成空气源热泵，算下来比烧散煤更划算。

- **建议路径：** 优先考虑空气源热泵（小户型专用机型）。理由是：你家50平米，热泵年电费约1200-1500元，比散煤的2600元省近一半；且设备有补贴，能用上清洁电，屋里干净又安全。
- **已走路径分析：** 操作中你连续两次选择“暂缓了解改造方案”，直到村里多次入户提醒。这说明你害怕改变、怕花钱、怕麻烦，但老办法碳排放高、合规得分0分，长期看会越来越被动。
- **可改进之处：** 如果现在就打听一下村里或县里的清洁取暖补贴政策（比如设备补贴一半、运行电费有峰谷优惠），你会发现实际负担可能比烧煤还低。可以先申请免费入户评估，不用马上掏钱。

## 三、生活改善与路径解读

**一句话看懂：** 改热泵，冬天更暖和、家里更干净、花钱还更少。

- **取暖花费：** 改成热泵后，年取暖费约可降到1300元左右，比现在的2600元省1300元，相当于白捡一个月的收入。如果做一下外墙保温（局部贴板），还能再省200-300元。
- **补贴变化：** 河北很多地方改造时补贴设备款的60%-80%，运行期每度电补0.2元左右，实际用电价不到0.3元/度；而散煤炉往往不享受任何补贴。
- **住房与舒适度：** 热泵能24小时稳定供热，温度可调，不会再出现散煤炉半夜熄灭、早晨冷醒的情况；50平米空间升温快，冬天屋里不会冻手冻脚。
- **卫生与安全：** 散煤炉最让人头疼的是烟尘大、倒灰麻烦、怕一氧化碳中毒。而热泵无明火、无烟无灰，屋里衣服、墙面不再落灰，也不用半夜起来添煤。
- **最该先改善的一点：** **换掉散煤炉、改用电取暖**——这是你今年冬天改善生活成本的第一步。下一步可以先去村里或乡里打听一下“空气源热泵有没有样板户”，现场看看用过的邻居怎么说，实地了解后再决定。",2026-07-03T08:39:36.041,"{""end"":{""q_end1_recommend"":{""label"":""非常愿意"",""value"":5},""q_end_ai_feedback"":"""",""q_end2_suggestions"":""无"",""q_end_ai_helpfulness"":{""label"":""帮助较大"",""value"":""C""}},""common"":{""q3_impact_other"":"""",""q3_biggest_impact"":{""label"":""A. 取暖费用突然上涨（如补贴退坡）"",""value"":""A""},""q4_strategy_change"":{""label"":""D. 不确定"",""value"":""D""},""q2_understanding_after"":{""label"":""完全没感觉"",""value"":1},""q1_understanding_before"":{""label"":""完全没感觉"",""value"":1}},""submitted_at"":""2026-07-03T08:41:00.201"",""user_identity"":""已煤改农户"",""converted_farmer"":{""f5_other"":"""",""f1_method_other"":"""",""f4_cost_realism"":{""label"":""C. 偏差较大"",""value"":""C""},""f1_heating_method"":{""label"":""A. 天然气"",""value"":""A""},""f3_reduce_methods"":""冻着"",""f6_realistic_part"":""无"",""f3_reduce_spending"":{""label"":""有"",""value"":""yes""},""f5_subsidy_response"":[{""label"":""少开暖气、降低室温"",""value"":""less_heating""}],""f7_unrealistic_part"":""无"",""f8_policy_suggestion"":""冻着"",""f2_annual_heating_cost"":""2600"",""farmer_interview_contact"":"""",""farmer_interview_willing"":{""label"":""不愿意"",""value"":""no""}}}",2026-07-03T08:41:00.201,1,完全没感觉,1,完全没感觉,A,A. 取暖费用突然上涨（如补贴退坡）,,D,D. 不确定,5,非常愿意,C,帮助较大,,无,,,,,,A,A. 天然气,,2600,yes,有,冻着,C,C. 偏差较大,less_heating,少开暖气、降低室温,,无,无,冻着,,,,,,,,,,,,,,,,,5.2,5.368,A,继续当前取暖方式,1,暂时继续用散煤,暂时继续用散煤,,,,,,,5.2,2600,0,46,5.368,no,不愿意,,,,,,,102,A_全部完成,纳入分析样本（全部完成，n=20 之一）。农户流程：已结束模拟并提交 post-survey（不要求 Q1/Q2）。
ad35197a-52e8-43c5-a2a3-4641be85c945,2026-07-03T12:40:45.555827,2026-07-03T12:41:37.223774,已煤改农户,苏阳,4,40000,9000,140,3800,2026-07-03T12:41:27.513,success,排放、合规、能耗负担率达标且年盈余不为负，成功实现绿色转型。,"[""初始化：身份=已煤改农户（苏阳），常住人口=4人，方式=散煤炉，收入=40000，煤改前取暖费=3800，二氧化碳=7.846 吨，排放达标度=61 分。"",""回合1：准备转型 -> 表示愿意了解改造，合规度升至 60 分；仍用散煤，排放达标度 61 分。"",""【当前年取暖碳排放】7.846 吨二氧化碳（排放达标度 61 分）"",""回合3：天然气（改造3000元/百平方米，年取暖约气量×2.98元/立方米） -> 完成清洁取暖改造（天然气），合规度回满 100 分，排放达标度 91 分，二氧化碳 1.899 吨；改造后年取暖费=2831 元（由初始散煤用量换算气量 × 2.98 元/立方米），年盈余变化=-3231 元。"",""【当前年取暖碳排放】1.899 吨二氧化碳（排放达标度 91 分）"",""回合4：提高收入 -> 提高收入：年收入提高 20%（+8000 元），年盈余同步增加 8000 元；排放分数不变（91 分）。"",""【当前年取暖碳排放】1.899 吨二氧化碳（排放达标度 91 分）"",""回合5：补贴减少 -> 散煤 3.80 吨，等价天然气 950.0 立方米，取暖年花费 +570 元。"",""【当前年取暖碳排放】1.899 吨二氧化碳（排放达标度 91 分）"",""【终局】排放、合规、能耗负担率达标且年盈余不为负，成功实现绿色转型。""]","## 一、农户形象解析

**形象描述：** 收入紧、盈余少、散煤户、怕多花钱、有改造意愿

- **经济画像：** 年收入4万元，属于农村中偏低水平，年盈余仅9000元，说明平时过日子精打细算，能存下的钱不多。
- **住房条件：** 140平方米的住房，在农村算中等以上，冬天烧散煤取暖一年花3800元，占收入接近一成，负担不算轻。
- **转型起点：** 目前用的是散煤炉，虽然烧了几年习惯了，但每年7.8吨的碳排放（差不多等于开汽油车跑三四万公里），环保分数只有61分，属于需要改善的范围。
- **意愿与顾虑：** 操作日志显示，一开始就愿意了解改造，说明心里也知道散煤不好，但担心的是花了钱能不能真受益、会不会更贵。

## 二、转型建议

**一句话看懂：** 本户适合天然气，已走对路，补贴少了也不用慌。

- **建议路径：** 天然气（已完成改造）。理由：140平米住房用天然气，初始改造费约4200元，年取暖费约2831元，比烧散煤3800元省了近千元，能耗负担率（取暖费占收入比例）从9.5%降到7.1%，更轻松。
- **已走路径：** 用户主动选择了天然气改造，合规度满格（100分），排放达标度从61分提到91分，碳排放从7.8吨降到1.9吨，改造效果很明显。
- **可改进之处：** 改进步骤是先改造、后提高收入、再应对补贴减少，顺序没问题。但要是能早一步了解补贴政策（比如先打听当地有没有额外补贴或设备优惠），初始改造负担会更轻。
- **收入提升：** 操作中在改造后提高了年收入20%（+8000元），年盈余从负3231元变正13769元，说明让收入跟上改造很重要，不然头几年可能手头紧。

## 三、生活改善与路径解读

**一句话看懂：** 改天然气后，更省钱、更暖、更干净，补贴少了也不怕。

- **更暖和、更方便：** 天然气取暖可以调温、全天开着，不用半夜往炉子里加煤，家里大人小孩都省心。140平米整屋都能暖透，比散煤炉只烧一两间强。
- **更省钱：** 改造后年取暖费2831元，比原来散煤3800元省约970元；就算后来补贴减少（模拟中取暖年花费增加570元），总花费也只有3401元，还是比散煤便宜。每年省下的钱够买几件厚棉袄或改善伙食。
- **最该先改善的一点：** 最该先做的是「换成清洁取暖」——天然气改造一次投入，换来更干净、更暖和、更省心的冬天。原来烧散煤，烟灰多、要频繁添煤、还有煤气中毒风险，现在这些麻烦都没了。
- **卫生与环保：** 改用天然气后，屋里没有煤灰和煤烟味，墙面地板不再发黑，扫地拖地都轻松。碳排放减少近八成，对村子里的空气好，也符合上头政策，不用再担心被检查。
- **下一步可以怎么做：** 如果将来补贴再减少，可以给房子做点简单保温（比如封好窗户缝、加厚窗帘），让热量少跑一点，天然气用量还能再降，花更少钱过暖冬。",2026-07-03T12:41:37.354,,,1,完全没感觉,,,,,,,,,,,,,,,,,,,,,,,,,,,,,,,,,,,,,,,,,,,,,,,,,,9.5,7.846,B,准备转型,,,,A,天然气（改造3000元/百平方米，年取暖约气量×2.98元/立方米）,A,提高收入,SETTLE,结算回合5（补贴减少）,7.1,3401,100,91,1.899,,,,,,,,,51,B_有效未完成,纳入有效样本池（≥30s 且模拟已结束），但未达「全部完成」标准。 缺少 post-survey 提交（post_survey_at 为空）。 可用于 dropout/流程分析，主分析建议排除或单独报告。
6b2cf680-e5f6-4fb4-8816-7832d12885f6,2026-07-03T13:38:46.483921,2026-07-03T13:44:15.676352,已煤改农户,河北省保定清苑区张登店,1,10000,500,40,1000,2026-07-03T13:40:00.818,seized,村里多次入户了解后，你家仍使用散煤取暖。长期如此，屋里烟尘多、炉火不安全、周边空气也受影响；按当地要求，需尽快选定并完成清洁取暖改造。,"[""初始化：身份=已煤改农户（河北省保定清苑区张登店），常住人口=1人，方式=散煤炉，收入=10000，煤改前取暖费=1000，二氧化碳=2.065 吨，排放达标度=59 分。"",""回合1：继续当前取暖方式 -> 继续散煤取暖，合规度维持底线 0 分，排放达标度 59 分；当地开始关注你家取暖方式，建议尽早了解清洁取暖选项。"",""【当前年取暖碳排放】2.065 吨二氧化碳（排放达标度 59 分）"",""回合2：暂时继续用散煤 -> 继续用散煤取暖，合规度锁死 0 分，排放达标度 59 分（已连续 2 次暂缓了解改造方案）。"",""【当前年取暖碳排放】2.065 吨二氧化碳（排放达标度 59 分）"",""【入户了解】住房面积权重=46.0，单次暂不改造概率=0.54，连续 2 次暂缓了解后累计需改造提醒概率 70.8%，随机值=0.02。"",""【终局】村里多次入户了解后，你家仍使用散煤取暖。长期如此，屋里烟尘多、炉火不安全、周边空气也受影响；按当地要求，需尽快选定并完成清洁取暖改造。""]","## 一、农户形象解析

**形象描述：** 收入紧、花销省、独居户、散煤老、想暖和、怕多花

- **收入与盈余：** 年收入只有1万元，一年才攒下500块钱，手头非常紧。取暖花掉1000块，已经占了年收入的十分之一，再多花一分钱都心疼。
- **住房与人口：** 房子面积40平米，就一个人住。房子不大，如果改造得当，取暖其实花不了太多钱。
- **取暖现状：** 一直在烧散煤（老式煤炉子），每年烧煤花1000块。屋里暖和，但烟尘大、夜里还得起来添煤，不安全又脏。
- **潜在压力：** 散煤排放的二氧化碳有2.065吨，排放达标度只有59分（刚及格）。村里已经注意到你家，长期不改，影响的不光是屋里空气，邻居和周边环境也受牵连。

## 二、转型建议

**一句话看懂：** 建议先做保温，再选空气源热泵，省心省钱更干净。

- **建议路径：** 最推荐的路线是 **“先做门窗密封+墙体保温（花销小但效果好），再安装空气源热泵（用电取暖）”**。理由：你家房子小（40平米），保温做好了，热泵取暖比烧煤还省钱，而且全屋干净、不用掏灰。
- **本局已走路径：** 你连续两次选了“继续烧散煤、暂缓了解改造”。结果合规度降到了0分（等于“不配合”），村里两次入户提醒，最后给出“需尽快完成改造”的要求。说实话，这条路越走越被动。
- **可改进之处：** 
  - 散煤炉子每年花1000块，表面看着便宜，但算上买煤、倒灰、清理烟囱的工夫，以及空气变差、火险隐患，其实“隐性成本”很高。
  - 下次遇到入户了解，最好先问清楚“做保温能补贴多少钱”“用电取暖一度电给几毛钱补贴”，心里有底了再做决定，比硬扛着强。

## 三、生活改善与路径解读

**一句话看懂：** 改得越早，屋里越暖，花钱越少，人也越省心。

- **最该先改善的一点：** 不用开窗散烟、不用早起掏炉灰。散煤炉子最大的麻烦是 **屋里烟尘呛人、炉火烧着时人不放心**。改成空气源热泵或天然气壁挂炉，屋里清爽得像住楼房，晚上也不用惦记添煤。
- **省钱账本：** 你家40平米，做好保温后，用空气源热泵（一种用电的暖气设备）一冬天可能花800-900块，比1000块的煤钱还少。另外，当地如果给“电费补贴”或“改气补贴”，实际花销还能再降。
- **环保与后顾之忧：** 烧散煤一年排2吨多二氧化碳，达标分才59。改完后达标分能涨到80-90，村里、县里不会再上门催，自己也安心。
- **下一步可以怎么走：** 先主动去村委会或乡里问一问“今年清洁取暖改造的补贴政策”，特别是“电代煤”和“气代煤”哪个补贴多，再决定。一块砖头一块砖头地来，哪怕先花几百块封个窗户、补个门缝，都能省下不少电费或气费。",2026-07-03T13:40:13.906,"{""end"":{""q_end1_recommend"":{""label"":""比较愿意"",""value"":4},""q_end_ai_feedback"":"""",""q_end2_suggestions"":"""",""q_end_ai_helpfulness"":{""label"":""帮助较大"",""value"":""C""}},""common"":{""q3_impact_other"":"""",""q3_biggest_impact"":{""label"":""A. 取暖费用突然上涨（如补贴退坡）"",""value"":""A""},""q4_strategy_change"":{""label"":""B. 会，但只在中间某回合改变选择"",""value"":""B""},""q2_understanding_after"":{""label"":""比较理解"",""value"":4},""q1_understanding_before"":{""label"":""比较了解"",""value"":4}},""submitted_at"":""2026-07-03T13:44:14.729"",""user_identity"":""已煤改农户"",""converted_farmer"":{""f5_other"":"""",""f1_method_other"":"""",""f4_cost_realism"":{""label"":""B. 大体接近，但细节有差别"",""value"":""B""},""f1_heating_method"":{""label"":""A. 天然气"",""value"":""A""},""f3_reduce_methods"":""减少供暖时间"",""f6_realistic_part"":""费用增加"",""f3_reduce_spending"":{""label"":""有"",""value"":""yes""},""f5_subsidy_response"":[{""label"":""少开暖气、降低室温"",""value"":""less_heating""},{""label"":""申请/等待政策补贴或救济"",""value"":""seek_subsidy""}],""f7_unrealistic_part"":""无"",""f8_policy_suggestion"":""提高补贴力度"",""f2_annual_heating_cost"":""3000"",""farmer_interview_contact"":"""",""farmer_interview_willing"":{""label"":""不愿意"",""value"":""no""}}}",2026-07-03T13:44:14.729,4,比较了解,4,比较理解,A,A. 取暖费用突然上涨（如补贴退坡）,,B,B. 会，但只在中间某回合改变选择,4,比较愿意,C,帮助较大,,,,,,,,A,A. 天然气,,3000,yes,有,减少供暖时间,B,B. 大体接近，但细节有差别,less_heating | seek_subsidy,少开暖气、降低室温 | 申请/等待政策补贴或救济,,费用增加,无,提高补贴力度,,,,,,,,,,,,,,,,,10,2.065,A,继续当前取暖方式,1,暂时继续用散煤,暂时继续用散煤,,,,,,,10,1000,0,59,2.065,no,不愿意,,,,,,,329,A_全部完成,纳入分析样本（全部完成，n=20 之一）。农户流程：已结束模拟并提交 post-survey（不要求 Q1/Q2）。
a662a67c-fdef-4534-b194-c5b2bae59751,2026-07-03T14:25:06.886491,2026-07-03T14:25:41.656435,已煤改农户,娄营村,2,2,1,45,2000,,,,"[""初始化：身份=已煤改农户（娄营村），常住人口=2人，方式=散煤炉，收入=2，煤改前取暖费=2000，二氧化碳=4.130 吨，排放达标度=59 分。"",""回合1：准备转型 -> 表示愿意了解改造，合规度升至 60 分；仍用散煤，排放达标度 59 分。"",""【当前年取暖碳排放】4.130 吨二氧化碳（排放达标度 59 分）""]",,,,,2,略有了解,,,,,,,,,,,,,,,,,,,,,,,,,,,,,,,,,,,,,,,,,,,,,,,,,,100000,4.13,,,,,,,,,,,,,,,,,,,,,,,,,34,C_需清洗,建议清洗或排除出主分析：模拟未结束（无 ended_at），行为与结局数据不完整
37e9bcc1-f423-4357-adb6-d4b6ec1f771c,2026-07-03T16:25:09.992806,2026-07-03T08:25:09.992806,已煤改农户,中国百强村,3,100000,10000,100,4000,,,,[],,,,,1,完全没感觉,,,,,,,,,,,,,,,,,,,,,,,,,,,,,,,,,,,,,,,,,,,,,,,,,,4,8.259,,,,,,,,,,,,,,,,,,,,,,,,,0,C_需清洗,建议清洗或排除出主分析：会话时长不足30秒（0s），难以视为有效体验；模拟未结束（无 ended_at），行为与结局数据不完整
70fec51e-483c-4e5c-9718-495fa94c7987,2026-07-03T16:27:25.783931,2026-07-03T08:27:25.783931,已煤改农户,中国百强村,3,100000,10000,100,4000,,,,[],,,,,1,完全没感觉,,,,,,,,,,,,,,,,,,,,,,,,,,,,,,,,,,,,,,,,,,,,,,,,,,4,8.259,,,,,,,,,,,,,,,,,,,,,,,,,0,C_需清洗,建议清洗或排除出主分析：会话时长不足30秒（0s），难以视为有效体验；模拟未结束（无 ended_at），行为与结局数据不完整
e27f2313-3a9e-4c8a-8cb6-706e43aa51cf,2026-07-03T16:27:34.960786,2026-07-03T16:29:25.873874,已煤改农户,中国百强村,3,100000,10000,100,4000,2026-07-03T16:29:22.3,success,排放、合规、能耗负担率达标且年盈余不为负，成功实现绿色转型。,"[""初始化：身份=已煤改农户（中国百强村），常住人口=3人，方式=散煤炉，收入=100000，煤改前取暖费=4000，二氧化碳=8.259 吨，排放达标度=45 分。"",""初始化：身份=已煤改农户（中国百强村），常住人口=3人，方式=散煤炉，收入=100000，煤改前取暖费=4000，二氧化碳=8.259 吨，排放达标度=45 分。"",""初始化：身份=已煤改农户（中国百强村），常住人口=3人，方式=散煤炉，收入=100000，煤改前取暖费=4000，二氧化碳=8.259 吨，排放达标度=45 分。"",""回合1：准备转型 -> 表示愿意了解改造，合规度升至 60 分；仍用散煤，排放达标度 45 分。"",""【当前年取暖碳排放】8.259 吨二氧化碳（排放达标度 45 分）"",""回合3：天然气（改造3000元/百平方米，年取暖约气量×2.98元/立方米） -> 完成清洁取暖改造（天然气），合规度回满 100 分，排放达标度 87 分，二氧化碳 1.999 吨；改造后年取暖费=2980 元（由初始散煤用量换算气量 × 2.98 元/立方米），年盈余变化=-1980 元。"",""【当前年取暖碳排放】1.999 吨二氧化碳（排放达标度 87 分）"",""回合4：节约取暖 -> 节约取暖：年取暖费 2980 × 60% = 1788 元，年盈余增加 1192 元；排放达标度 92 分，二氧化碳 1.200 吨。"",""【当前年取暖碳排放】1.200 吨二氧化碳（排放达标度 92 分）"",""回合5：补贴减少 -> 散煤 4.00 吨，等价天然气 1000.0 立方米，取暖年花费 +600 元。"",""【当前年取暖碳排放】1.200 吨二氧化碳（排放达标度 92 分）"",""【终局】排放、合规、能耗负担率达标且年盈余不为负，成功实现绿色转型。""]","## 一、农户形象解析

**形象描述：** 收入不错、盈余不高、散煤户、怕多花钱、想暖和又怕贵

- **年收入 10 万，但年终只落 1 万：** 家里收入在当地算中等偏上，不过一年下来能存下的钱只有 1 万元，说明平时吃穿用度花销也不少，如果取暖费一下涨太多，就会手紧。
- **住房 100 平米，属于常见户型：** 面积不大不小，保温情况要看房子新旧。如果窗户漏风、墙体薄，烧再多的煤也暖和不起来。
- **烧散煤花了 4000 元：** 这个费用不算低，而且散煤烟尘大、倒炉渣麻烦、半夜添火操心，还得担心一氧化碳（没味但能要人命）。
- **环保分数才 45 分：** 烧散煤排的二氧化碳超标将近一半，说明这种取暖方式既不省心也不环保，早晚得换。

## 二、转型建议

**一句话看懂：** 改天然气最合适，能省一千多，干净又暖和。

- **建议路径：** 天然气取暖。理由：这家能拿出 3000 元改造费，改造后每年取暖费从 4000 元降到 1788～2400 元左右（看节不节约用气），省下的钱一年就能把改造费赚回来。
- **已走路径：** 用户全程正确。先了解政策（合规从 45 升到 60 分），再果断改成天然气（改造费 3000 元），接着养成节约习惯（取暖费降到 1788 元），最后应对补贴减少（每年多掏 600 元，总共才 2388 元）。
- **可改进之处：** 这次做得已经很顺了，唯一能提醒的是：如果房子本身保温差，先花一两千元把窗户缝堵严、加个门帘，还能再省 10%～20% 的气钱。

## 三、生活改善与路径解读

**一句话看懂：** 改天然气后，每年省一千五，屋里干净暖和，再也不用半夜掏灰。

- **最优先改善：** 更干净更省心。散煤炉一天要添几次煤、倒几次灰，满屋烟味、墙壁熏黑；天然气一开就热、一关就停，屋里没灰没味，老人小孩也不怕煤烟中毒。
- **省钱更明显：** 原来每年取暖花 4000 元，改气后节约用气只要 1788 元（省了 2200 多元），就算补贴减少也只花 2388 元，仍然省了 1600 元。对比：每顿饭省几块钱，一个冬天就能省出全家过年买肉的钱。
- **冬天更暖和：** 散煤炉只能烧一个炉子，暖气管够到的地方有限，客厅热卧室冷。天然气可以分屋调节温度，愿意的话还能连上暖气片或者地暖，到处热乎乎。
- **环保加分（不用操心）：** 排放达标从 45 分升到 92 分，二氧化碳从 8 吨降到 1.2 吨，国家对百强村支持力度大，以后补贴更稳，不会突然被叫停。
- **下一步能怎么干：** 明年如果手里宽裕，可以留 2000 元做房子保温（比如加个保温窗帘、贴窗缝条），这样用气量还能再降 200～300 个立方，每年再省五六百元。",2026-07-03T16:29:25.455,,,2,略有了解,,,,,,,,,,,,,,,,,,,,,,,,,,,,,,,,,,,,,,,,,,,,,,,,,,4,8.259,B,准备转型,,,,A,天然气（改造3000元/百平方米，年取暖约气量×2.98元/立方米）,B,节约取暖,SETTLE,结算回合5（补贴减少）,2.4,2388,100,92,1.2,,,,,,,,,110,B_有效未完成,纳入有效样本池（≥30s 且模拟已结束），但未达「全部完成」标准。 缺少 post-survey 提交（post_survey_at 为空）。 可用于 dropout/流程分析，主分析建议排除或单独报告。
f4b31336-92d2-4e91-94ad-ba79fa3fc063,2026-07-03T16:35:46.096416,2026-07-03T16:36:13.265575,学生,高三,3,100000,10000,120,4000,2026-07-03T16:36:12.871,seized,村里多次入户了解后，你家仍使用散煤取暖。长期如此，屋里烟尘多、炉火不安全、周边空气也受影响；按当地要求，需尽快选定并完成清洁取暖改造。,"[""初始化：身份=学生（高三），常住人口=3人，方式=散煤炉，收入=100000，煤改前取暖费=4000，二氧化碳=8.259 吨，排放达标度=45 分。"",""回合1：继续当前取暖方式 -> 继续散煤取暖，合规度维持底线 0 分，排放达标度 45 分；当地开始关注你家取暖方式，建议尽早了解清洁取暖选项。"",""【当前年取暖碳排放】8.259 吨二氧化碳（排放达标度 45 分）"",""回合2：暂时继续用散煤 -> 继续用散煤取暖，合规度锁死 0 分，排放达标度 45 分（已连续 2 次暂缓了解改造方案）。"",""【当前年取暖碳排放】8.259 吨二氧化碳（排放达标度 45 分）"",""【入户了解】住房面积权重=58.0，单次暂不改造概率=0.42，连续 2 次暂缓了解后累计需改造提醒概率 82.4%，随机值=0.20。"",""【终局】村里多次入户了解后，你家仍使用散煤取暖。长期如此，屋里烟尘多、炉火不安全、周边空气也受影响；按当地要求，需尽快选定并完成清洁取暖改造。""]",,,,,1,完全没感觉,,,,,,,,,,,,,,,,,,,,,,,,,,,,,,,,,,,,,,,,,,,,,,,,,,4,8.259,A,继续当前取暖方式,1,暂时继续用散煤,暂时继续用散煤,,,,,,,4,4000,0,45,8.259,,,,,,,,,27,C_需清洗,建议清洗或排除出主分析：会话时长不足30秒（27s），难以视为有效体验
997aa41d-c11e-4ca2-94a3-9637fab95700,2026-07-03T16:36:28.649027,2026-07-03T16:36:56.014719,学生,高三,3,100000,10000,120,4000,2026-07-03T16:36:42.627,seized,村里多次入户了解后，你家仍使用散煤取暖。长期如此，屋里烟尘多、炉火不安全、周边空气也受影响；按当地要求，需尽快选定并完成清洁取暖改造。,"[""初始化：身份=学生（高三），常住人口=3人，方式=散煤炉，收入=100000，煤改前取暖费=4000，二氧化碳=8.259 吨，排放达标度=45 分。"",""回合1：继续当前取暖方式 -> 继续散煤取暖，合规度维持底线 0 分，排放达标度 45 分；当地开始关注你家取暖方式，建议尽早了解清洁取暖选项。"",""【当前年取暖碳排放】8.259 吨二氧化碳（排放达标度 45 分）"",""回合2：暂时继续用散煤 -> 继续用散煤取暖，合规度锁死 0 分，排放达标度 45 分（已连续 2 次暂缓了解改造方案）。"",""【当前年取暖碳排放】8.259 吨二氧化碳（排放达标度 45 分）"",""【入户了解】住房面积权重=58.0，单次暂不改造概率=0.42，连续 2 次暂缓了解后累计需改造提醒概率 82.4%，随机值=0.63。"",""【终局】村里多次入户了解后，你家仍使用散煤取暖。长期如此，屋里烟尘多、炉火不安全、周边空气也受影响；按当地要求，需尽快选定并完成清洁取暖改造。""]","## 一、农户形象解析

**形象描述：** 收入尚可、花钱省、散煤户、怕折腾、正处关键期

- **收入水平：** 家庭年收入10万元，在农村属于中等偏上水平，但年盈余仅1万元（相当于只存下10%的钱），说明平时开销不小，手头并不宽裕。
- **取暖现状：** 目前烧散煤炉，一年取暖费4000元，占收入的4%，不算特别高，但散煤带来的烟灰、添煤麻烦和安全问题一直存在。
- **住房条件：** 120平米住房，适合普通农村家庭，不算太大，如果改造清洁取暖，费用可控。
- **家庭结构：** 家里有高三学生，正是冲刺关键期，冬天屋子暖和、干净、不用分心添煤，对孩子学习和全家生活都有好处。
- **核心难点：** 年盈余少，怕改造一次性花钱多；目前还没主动了解清洁取暖方案，处于“观望”状态。

## 二、转型建议

**一句话看懂：** 早了解早改造，孩子安心备考，全家过干净暖冬。

- **建议路径：** 优先考虑空气源热泵（也叫“热风机”），一次性投入约1-2万（含政府补贴），每年电费比散煤还省300-500元，而且不用添煤、不冒烟。理由：你家120平米、收入盈余少，热泵耗电量低、补贴力度大，长远看最划算。
- **本局已走路径：** 一直烧散煤没换，村里两次入户提醒都没去了解改造方案，导致合规度0分、二氧化碳排放8.259吨（超国标很多），最终被要求尽快改造。
- **可改进之处：** 别再拖了。高三学生马上要高考，冬天烧炉子烟尘呛人、夜里还得起来添煤，影响睡眠和学习。主动联系村委会或当地清洁取暖支持部门，了解你家能领多少补贴、改造需自付多少钱。
- **小提醒：** 如果担心一次拿不出那么多钱，可以问问有没有分期付款或低息贷款政策；很多地方安装完全部补贴下来，自己只掏几千块。

## 三、生活改善与路径解读

**一句话看懂：** 改造后省钱、省心、更暖和，孩子学习生活都受益。

- **更省钱：** 散煤炉一年花4000元（煤价波动大）；如果改用空气源热泵，同样让120平米屋子保持18-20℃，一年电费约3000-3500元，比散煤省500-1000元，补贴到账后更划算。**最该先改善的一点就是取暖费负担**——孩子上大学后家里开销更大，每年省下的钱够买几件新衣服。
- **更暖和、更安全：** 散煤炉半夜容易灭，早上屋里冰手，还得操心炉子回火、煤气中毒。热泵能一键恒温，屋子里始终暖融融，孩子写作业不用披棉袄，老人起夜也不怕着凉。
- **更干净、更省劲：** 不用再铁锹铲煤、掏炉灰、洗秋衣领子都是黑印子。尤其家里有高三学生，屋子干净了心情好，学习效率也高。散煤炉烟大，还让人咳嗽、嗓子干，清洁取暖没这些毛病。
- **环保不操心：** 现在烧散煤一年排8.26吨二氧化碳（等于烧了3吨多好煤），村里空气被污染，邻居也受牵连。改用热泵或天然气后排放猛降，符合国家政策，以后不用老惦记“会不会被要求改”。
- **下一步可以这样做：** 寒假前就联系村委会或当地清洁取暖负责人，说“我家有高三学生，想尽早改热泵，补贴怎么申请？”他们会给你具体方案。早改早享受，别等到孩子高考那几天再手忙脚乱。",2026-07-03T16:36:55.605,,,1,完全没感觉,,,,,,,,,,,,,,,,,,,,,,,,,,,,,,,,,,,,,,,,,,,,,,,,,,4,8.259,A,继续当前取暖方式,1,暂时继续用散煤,暂时继续用散煤,,,,,,,4,4000,0,45,8.259,,,,,,,,,27,C_需清洗,建议清洗或排除出主分析：会话时长不足30秒（27s），难以视为有效体验
69672c66-34dd-4ad5-af10-34cfed1ac679,2026-07-03T19:58:00.110918,2026-07-03T19:58:26.302954,已煤改农户,看见村,4,85000,7500,100,3000,2026-07-03T19:58:12.114,success,排放还行、改造也跟上了、取暖费占收入不算太高，一年还能剩点钱，过冬比较踏实。,"[""初始化：身份=已煤改农户（看见村），常住人口=4人，方式=散煤炉，收入=85000，煤改前取暖费=3000，二氧化碳=6.194 吨，排放达标度=69 分。"",""回合1：继续当前取暖方式 -> 继续散煤取暖，合规度维持底线 0 分，排放达标度 69 分；当地开始关注你家取暖方式，建议尽早了解清洁取暖选项。"",""【当前年取暖碳排放】6.194 吨二氧化碳（排放达标度 69 分）"",""回合2：了解并开始准备改造 -> 了解并开始准备改造，合规度回升至 50 分；尚未完成技术替代，排放达标度 69 分。"",""【当前年取暖碳排放】6.194 吨二氧化碳（排放达标度 69 分）"",""回合3：天然气（改造3000元/百平方米，年取暖约气量×2.98元/立方米） -> 完成清洁取暖改造（天然气），合规度回满 100 分，排放达标度 93 分，二氧化碳 1.500 吨；改造后年取暖费=2235 元（由初始散煤用量换算气量 × 2.98 元/立方米），年盈余变化=-2235 元。"",""【当前年取暖碳排放】1.500 吨二氧化碳（排放达标度 93 分）"",""回合4：节约取暖 -> 节约取暖：年取暖费 2235 × 60% = 1341 元，年盈余增加 894 元；排放达标度 96 分，二氧化碳 0.900 吨。"",""【当前年取暖碳排放】0.900 吨二氧化碳（排放达标度 96 分）"",""回合5：补贴减少 -> 散煤 3.00 吨，等价天然气 750.0 立方米，取暖年花费 +450 元。"",""【当前年取暖碳排放】0.900 吨二氧化碳（排放达标度 96 分）"",""【终局】排放还行、改造也跟上了、取暖费占收入不算太高，一年还能剩点钱，过冬比较踏实。""]","## 一、农户形象解析

**形象描述：** 收入尚可、不怕花、已用散煤、想暖和又想干净、有一点储蓄底气

- **收入水平：** 年收入 85000 元，在咱们这边农村算中等偏上，夫妻俩种地外带打点零工，能攒下 7500 元，说明家庭底子还可以，但也不算宽裕。
- **住房条件：** 100 平方米，四口人住，面积不大不小，冬天要是只生炉子，往往一间房热、别的地方冷。
- **初始取暖方式：** 用散煤炉，一年光煤钱就要 3000 块。虽然烧煤感觉暖和，但烟灰大、半夜得添煤，屋里空气也不好，二氧化碳排放量算下来有 6.194 吨。
- **转型起点：** 属于心里明白散煤不环保、早晚得改，但不清楚改造后到底能省多少钱、冬天会不会更冷，所以一开始有点犹豫。

---

## 二、转型建议

**一句话看懂：** 烧天然气挺合适，选对路线后花钱少、家里干净。

- **建议路径：** 天然气。理由：你家收入不算紧，改造费 3000 元能承受，改造后每冬只要 2235 元，比烧散煤省 765 元，还不怕半夜熄火要重新点炉子。
- **已走路径：** 本户按照「了解改造 → 改造装天然气 → 节约用气」的路子走了，这个顺序很稳，没有走弯路。
- **可改进之处：** 其实一开始就可以直接考虑改造，不用等别人提醒。另外，在节约取暖那一环节，如果能把家里门窗缝、墙边漏风的地方先堵一堵，效果会更好，甚至不用省着烧，屋里也暖和。
- **未来继续留意：** 补贴减少后每年多花 450 块，但换算下来取暖费仍然只有 1791 元，加上年剩 5359 元，压力不大，建议保持节约习惯，并关注村上有没有保温改造补贴。

---

## 三、生活改善与路径解读

**一句话看懂：** 天然气暖和又干净，省心省力，花费也降了不少。

- **更暖和更省力：** 以前烧散煤炉，半夜要起来添煤、早上还得倒灰。换成天然气后，开关一拧就来气，屋里温度稳当，再也不用半夜挨冻出来添煤了。
- **更省钱：** 烧散煤一年花 3000 元，改天然气后只要 2235 元（后来节约到 1341 元），直接省了 765~1659 元。加上补贴可能继续有，负担只会越来越轻。
- **更干净更健康：** 散煤烧起来满屋灰、煤烟呛人，衣服头发都带味。改气后屋里干干净净，小孩和老人在家不用吸煤灰，咳嗽也少。
- **环保不丢人：** 你家改气前排碳 6.194 吨，排碳太多，全村空气都受影响。改气后排碳降到 0.9 吨，邻居不说闲话，自己也心安。
- **下一步可以这样做：** 最该先改善的一点是给房子做个简单的保温（比如贴密封条、吊顶或装厚窗帘），这样即使冬天少开点气，屋里也暖和，每年取暖费还能再省三五百元。",2026-07-03T19:58:25.625,,,5,非常了解,,,,,,,,,,,,,,,,,,,,,,,,,,,,,,,,,,,,,,,,,,,,,,,,,,3.5,6.194,A,继续当前取暖方式,2,了解并开始准备改造,了解并开始准备改造,A,天然气（改造3000元/百平方米，年取暖约气量×2.98元/立方米）,B,节约取暖,SETTLE,结算回合5（补贴减少）,2.1,1791,100,96,0.9,,,,,,,,,26,C_需清洗,建议清洗或排除出主分析：会话时长不足30秒（26s），难以视为有效体验
e152e042-6af2-438f-aabf-b3c5f7b6e1fb,2026-07-03T20:54:47.842855,2026-07-03T20:56:50.685205,已煤改农户,何桥,5,120000,25000,140,1500,2026-07-03T20:56:40.593,success,排放还行、改造也跟上了、取暖费占收入不算太高，一年还能剩点钱，过冬比较踏实。,"[""初始化：身份=已煤改农户（何桥），常住人口=5人，方式=散煤炉，收入=120000，煤改前取暖费=1500，二氧化碳=3.097 吨，排放达标度=88 分。"",""回合1：准备转型 -> 表示愿意了解改造，合规度升至 60 分；仍用散煤，排放达标度 88 分。"",""【当前年取暖碳排放】3.097 吨二氧化碳（排放达标度 88 分）"",""回合3：天然气（改造3000元/百平方米，年取暖约气量×2.98元/立方米） -> 完成清洁取暖改造（天然气），合规度回满 100 分，排放达标度 97 分，二氧化碳 0.750 吨；改造后年取暖费=1118 元（由初始散煤用量换算气量 × 2.98 元/立方米），年盈余变化=-3818 元。"",""【当前年取暖碳排放】0.750 吨二氧化碳（排放达标度 97 分）"",""回合4：节约取暖 -> 节约取暖：年取暖费 1118 × 60% = 671 元，年盈余增加 447 元；排放达标度 98 分，二氧化碳 0.450 吨。"",""【当前年取暖碳排放】0.450 吨二氧化碳（排放达标度 98 分）"",""回合5：补贴减少 -> 散煤 1.50 吨，等价天然气 375.0 立方米，取暖年花费 +225 元。"",""【当前年取暖碳排放】0.450 吨二氧化碳（排放达标度 98 分）"",""【终局】排放还行、改造也跟上了、取暖费占收入不算太高，一年还能剩点钱，过冬比较踏实。""]","## 一、农户形象解析

**形象描述：** 收入中等、能存下钱、住房不小、怕改贵了、想踏实过冬

- **收入与盈余：** 家庭年收入12万，年盈余2.5万，说明日常花销不大、能攒下一些钱，不是最紧巴的那类农户。
- **住房与人口：** 140平米、5口人，住房面积属于中等偏大，冬季取暖需求不小。
- **初始取暖方式与费用：** 一直用散煤炉，年取暖费1500元，说明原来烧煤习惯比较传统，费用控制得还可以。
- **转型起点：** 初始排放得分88分（不算差，但离达标有一定距离），改造意愿明确，并非被动接受，属于愿意主动改进的类型。

## 二、转型建议

**一句话看懂：** 天然气路线已走通，再省点冬季就能过得更舒服。

- **建议路径：** 天然气。理由：您家面积不小，天然气操作方便、升温快，改造后年费比散煤还低了快一半，适合您这种想暖和又不愿太折腾的家庭。
- **已走路径：** 您选择了天然气改造，投入约3000元（按百平米算），后半年取暖费从1500元降到1118元，再通过节约取暖（比如分时段调温）进一步降到671元，效果很明显。
- **可以改进的地方：** ① 冬春换季时注意检查暖气片或地暖管道，别让小问题费大钱；② 补贴减少后（年取暖费多出225元），可以考虑用防风窗帘、封窗条等小东西保温，让天然气燃烧效率更高、更省气。

## 三、生活改善与路径解读

**一句话看懂：** 烧气比烧煤干净省心，一年省出几百元，冬天更暖更利索。

- **更暖和更干净：** 换成天然气后，屋里再没烟灰和煤灰，不用天天添煤清渣，尤其只剩老人孩子在家时也更安全。
- **省钱账：** 初始散煤年费1500元，天然气改造后第一年费降到1118元，节约取暖后再降到671元（加上补贴调整后约896元），每年能省下600多元，差不多是半个月的买菜钱。
- **最该先改善的一点：** 先做简单保温（比如把窗户缝隙堵一堵、铺地毯），这样即使补贴变动，您家天然气用量也能压到最低，不会多花冤枉钱。
- **碳排放变化：** 改进前每年排3.1吨二氧化碳，改进后降到0.45吨，相当于少跑了六辆小轿车一年的排量，对村里的空气也有好处。
- **下一步可以怎么做：** 明年如果在家的时间不固定，可以装个智能温控器（调温开关），白天没人在家时自动降温，一天能省下好几方气，一年下来又是一笔小省。",2026-07-03T20:56:50.344,,,,,,,,,,,,,,,,,,,,,,,,,,,,,,,,,,,,,,,,,,,,,,,,,,,,,,1.3,3.097,B,准备转型,,,,A,天然气（改造3000元/百平方米，年取暖约气量×2.98元/立方米）,B,节约取暖,SETTLE,结算回合5（补贴减少）,0.7,896,100,98,0.45,,,,,,,,,122,B_有效未完成,纳入有效样本池（≥30s 且模拟已结束），但未达「全部完成」标准。 缺少 post-survey 提交（post_survey_at 为空）。 可用于 dropout/流程分析，主分析建议排除或单独报告。
4249eac7-701b-4d03-b751-4822e2168a91,2026-07-04T06:59:12.155092,2026-07-04T07:00:39.259168,已煤改农户,元氏,5,40000,7500,140,3000,,,,"[""初始化：身份=已煤改农户（元氏），常住人口=5人，方式=散煤炉，收入=40000，煤改前取暖费=3000，二氧化碳=6.194 吨，排放达标度=75 分。"",""回合1：准备转型 -> 表示愿意了解改造，合规度升至 60 分；仍用散煤，排放达标度 75 分。"",""【当前年取暖碳排放】6.194 吨二氧化碳（排放达标度 75 分）""]",,,,,,,,,,,,,,,,,,,,,,,,,,,,,,,,,,,,,,,,,,,,,,,,,,,,,,,,7.5,6.194,,,,,,,,,,,,,,,,,,,,,,,,,87,C_需清洗,建议清洗或排除出主分析：模拟未结束（无 ended_at），行为与结局数据不完整
dc83640b-aa8c-4a51-8b35-371cc709b41c,2026-07-04T07:01:00.506745,2026-07-04T07:01:09.292403,已煤改农户,元氏,5,40000,7500,140,3000,,,,"[""初始化：身份=已煤改农户（元氏），常住人口=5人，方式=散煤炉，收入=40000，煤改前取暖费=3000，二氧化碳=6.194 吨，排放达标度=75 分。"",""回合1：准备转型 -> 表示愿意了解改造，合规度升至 60 分；仍用散煤，排放达标度 75 分。"",""【当前年取暖碳排放】6.194 吨二氧化碳（排放达标度 75 分）""]",,,,,,,,,,,,,,,,,,,,,,,,,,,,,,,,,,,,,,,,,,,,,,,,,,,,,,,,7.5,6.194,,,,,,,,,,,,,,,,,,,,,,,,,8,C_需清洗,建议清洗或排除出主分析：会话时长不足30秒（8s），难以视为有效体验；模拟未结束（无 ended_at），行为与结局数据不完整
74c19757-66f6-4434-be77-f5c0c94c8d3e,2026-07-04T07:02:47.679461,2026-07-04T07:05:11.398947,学生,高一,5,50000,10000,140,4000,2026-07-04T07:03:32.011,seized,村里多次入户了解后，你家仍使用散煤取暖。长期如此，屋里烟尘多、炉火不安全、周边空气也受影响；按当地要求，需尽快选定并完成清洁取暖改造。,"[""初始化：身份=学生（高一），常住人口=5人，方式=散煤炉，收入=50000，煤改前取暖费=4000，二氧化碳=8.259 吨，排放达标度=67 分。"",""回合1：继续当前取暖方式 -> 继续散煤取暖，合规度维持底线 0 分，排放达标度 67 分；当地开始关注你家取暖方式，建议尽早了解清洁取暖选项。"",""【当前年取暖碳排放】8.259 吨二氧化碳（排放达标度 67 分）"",""回合2：暂时继续用散煤 -> 继续用散煤取暖，合规度锁死 0 分，排放达标度 67 分（已连续 2 次暂缓了解改造方案）。"",""【当前年取暖碳排放】8.259 吨二氧化碳（排放达标度 67 分）"",""【入户了解】住房面积权重=61.0，单次暂不改造概率=0.39，连续 2 次暂缓了解后累计需改造提醒概率 84.8%，随机值=0.70。"",""【终局】村里多次入户了解后，你家仍使用散煤取暖。长期如此，屋里烟尘多、炉火不安全、周边空气也受影响；按当地要求，需尽快选定并完成清洁取暖改造。""]","## 一、农户形象解析

**形象描述：** 收入一般、花销紧、散煤取暖、怕多花钱、想暖和又嫌麻烦

- **收入与盈余：** 年收入5万，一年到头能攒下1万块，日子过得还算省吃俭用，但也不宽裕。
- **住房条件：** 家里5口人，住了140平米的房子，属于典型的大户型农村自建房，冬天取暖面积不小。
- **现有取暖成本：** 现在用散煤炉烧煤过冬，每年要花4000元取暖费，这笔支出占了收入的8%，不算少，但也不是一笔花不起的钱。
- **面临的问题：** 模拟结果显示，你家继续用散煤炉，屋里烟尘大、炉子有安全隐患，而且当地已经开始关注取暖方式了，说明这条路不是长久之计。

## 二、转型建议

**一句话看懂：** 优先选空气源热泵，长远看比散煤省心省钱。

- **建议路径：** 推荐优先考虑 **空气源热泵（也叫“空气能”）**。因为你家房子大、人口多，空气能采暖能均匀地把整屋暖和起来，而且运行成本比散煤炉低不少，还能领到电费补贴，长远算下来更省钱省心。
- **您家现在的路径（散煤炉）存在的问题：** 您选择“继续用散煤”两次，导致当地多次入户了解情况。虽然短期看没多花钱，但散煤烟尘大、炉火有风险，长期对家人健康和房子安全都不好。而且模拟提示，继续拖延可能面临更严格的引导。
- **可改进的地方：** 目前还没具体了解气代煤或电代煤的具体方案。其实当地早有改造介绍，早点去打听一下补贴政策、安装条件，就能做出适合自己的选择，避免被动等待。

## 三、生活改善与路径解读

**一句话看懂：** 改空气能，花钱更少、屋里更暖、更干净安全。

- **更暖和：** 空气源热泵比散煤炉暖和均匀，能把每个房间都烧热乎，不用再忍受“离炉子近烫、离炉子远冷”的情况。 **最该先改善的一点就是“全屋均匀暖和”，告别散煤炉只暖一个屋子的老毛病。**
- **更省钱：** 目前您家散煤取暖年费4000元，换成空气能加上电费补贴，大概率能降到3000元以内。而且改造还有补贴，头几年甚至能省下一半钱，省下的钱给家里添置点新东西多好。
- **更干净：** 散煤炉每天要添煤、掏灰、烟囱冒黑烟，屋里屋外都是灰。空气能就跟空调一样，一键开关，不用烧火，屋里没灰尘，院子也干净，过年不用在灰堆里忙活。
- **更安全：** 散煤炉要防一氧化碳中毒，晚上还得小心睡觉时炉火熄灭。空气能就没有这些风险，家里有老人小孩更放心。
- **下一步可以这样做：** 去村委会或镇上的清洁取暖办公室，问问“气代煤”或“电代煤”的改造方案、政府补贴金额和安装流程；也可以跟村里已改造的邻居聊聊，听听他们的真实使用体验，心里就有底了。",2026-07-04T07:03:42.984,"{""end"":{""q_end1_recommend"":{""label"":""比较愿意"",""value"":4},""q_end_ai_feedback"":"""",""q_end2_suggestions"":"""",""q_end_ai_helpfulness"":{""label"":""帮助较大"",""value"":""C""}},""common"":{""q3_impact_other"":"""",""q3_biggest_impact"":{""label"":""C. 不同技术路线的一次性投入差异"",""value"":""C""},""q4_strategy_change"":{""label"":""A. 会，开局就会选不同路线"",""value"":""A""},""q2_understanding_after"":{""label"":""略有了解"",""value"":2},""q1_understanding_before"":{""label"":""完全没感觉"",""value"":1}},""student"":{""s3_reflection"":"""",""s1_simulator_help"":{""label"":""比较有帮助"",""value"":4},""s2_hardest_burden"":[{""label"":""改造设备一次性费用"",""value"":""device_cost""},{""label"":""每年取暖运行费"",""value"":""annual_heating""},{""label"":""补贴减少后的气价/电价"",""value"":""subsidy_cut""}]},""submitted_at"":""2026-07-04T07:05:11.632"",""user_identity"":""学生""}",2026-07-04T07:05:11.632,1,完全没感觉,2,略有了解,C,C. 不同技术路线的一次性投入差异,,A,A. 会，开局就会选不同路线,4,比较愿意,C,帮助较大,,,4,比较有帮助,device_cost | annual_heating | subsidy_cut,改造设备一次性费用 | 每年取暖运行费 | 补贴减少后的气价/电价,,,,,,,,,,,,,,,,,,,,,,,,,,,,,,,,,8,8.259,A,继续当前取暖方式,1,暂时继续用散煤,暂时继续用散煤,,,,,,,8,4000,0,67,8.259,,,,,,,,,143,A_全部完成,纳入分析样本（全部完成，n=20 之一）。学生/其他：已结束模拟、提交 post-survey，且 Q1/Q2 前后测齐全。
2d527677-0c96-49dd-94b8-7b5a7c409bd6,2026-07-04T07:05:52.730139,2026-07-04T07:07:28.487384,已煤改农户,元氏,5,40000,7500,140,3000,2026-07-04T07:07:18.132,bankrupt,第 5 回合结束后一年反而没钱了，家里日常和取暖开支都难维持。,"[""初始化：身份=已煤改农户（元氏），常住人口=5人，方式=散煤炉，收入=40000，煤改前取暖费=3000，二氧化碳=6.194 吨，排放达标度=75 分。"",""回合1：准备转型 -> 表示愿意了解改造，合规度升至 60 分；仍用散煤，排放达标度 75 分。"",""【当前年取暖碳排放】6.194 吨二氧化碳（排放达标度 75 分）"",""回合3：地源热泵（改造10000元/百平方米，年取暖约电量×0.5元/千瓦时） -> 完成清洁取暖改造（地源热泵），合规度回满 100 分，排放达标度 88 分，二氧化碳 3.074 吨；改造后年取暖费=2417 元（由初始散煤输入能量换算电量 × 0.5 元/千瓦时），年盈余变化=-13417 元。"",""【当前年取暖碳排放】3.074 吨二氧化碳（排放达标度 88 分）"",""回合4：保暖修缮 -> 保暖修缮：一次性投入 1400 元（1000×140/100），年取暖费 2417 × 62.5% = 1511 元；排放达标度 92 分，二氧化碳 1.922 吨。"",""【当前年取暖碳排放】1.922 吨二氧化碳（排放达标度 92 分）"",""回合5：补贴减少 -> 散煤 3.00 吨，等价天然气 750.0 立方米，取暖年花费 +450 元。"",""【当前年取暖碳排放】1.922 吨二氧化碳（排放达标度 92 分）"",""【终局】第 5 回合结束后一年反而没钱了，家里日常和取暖开支都难维持。""]","## 一、农户形象解析

**形象描述：** 收入一般、盈余少、住大房、用散煤、怕花钱、想暖和

- **年收入4万元，盈余有限：** 全家一年收入4万，扣掉日常开销只能攒下7500元，经济不算宽裕。
- **140平大房子，取暖费占收入7.5%：** 住房面积较大，每年散煤取暖要花3000元，相当于收入的7.5%，开销不小。
- **初始用散煤炉，碳排放多：** 散煤炉用起来烟灰大、需要不停添煤、清理麻烦，一年要排放6.19吨二氧化碳，环保评分刚到及格线（75分）。
- **愿意了解改造，但怕花大钱：** 家人表示愿意了解清洁取暖改造，但面对数万元的改造费用和后续花费，心里没底。

## 二、转型建议

**一句话看懂：** 先做老旧房子保暖改造，再装空气源热泵更省钱。

- **建议路径：** 先花小钱做房屋保暖修缮（封窗、加墙保温），再安装空气源热泵。理由是：这样改造投入少，每年取暖费能降到2000元以内，不会让家里亏空。
- **已走路径：** 本户选择了地源热泵+保暖修缮，虽然碳排放降到了1.92吨（92分），但一次性投入了1.14万元（地源热泵1万+保暖修缮0.14万），导致年盈余从7500元变成-7317元，一年就亏空了。
- **可改进之处：** 地源热泵虽然省电，但初期造价高（每百平米1万元），不适合收入偏紧的家庭。空气源热泵初期投入约6000-8000元（每百平米），同样能享受补贴，每年取暖费也比散煤节省千元左右。
- **注意补贴变化：** 第5回合提到补贴减少（天然气等价花费+450元），这说明补贴是逐年递减的。越早出手改造、拿到高补贴越好，拖下去更不划算。

## 三、生活改善与路径解读

**一句话看懂：** 改得对能省钱又干净，改错了反而更穷。

- **最该先改善的一点：** 如果坚持用散煤，每年要清理煤灰、半夜添煤、屋子烟尘大，尤其老人小孩容易呛咳。换成清洁取暖后，冬天屋里干净、空气好，再不用遭这份罪。
- **花钱对比：** 散煤取暖每年3000元+清理煤渣的体力活；地源热泵+保暖修缮后每年1961元（省了1039元），但一次性拿出1.14万元把积蓄掏空了。换成空气源热泵的话，初期投入低（约6000元），第二年起每年取暖费就能控制在2000元以内。
- **舒适度提升：** 地源热泵和空气源热泵都能保持18-20℃恒温，不像散煤炉烧得猛、冷得快。住140平的大房子，改完后每个房间都能暖和，不用只挤在一个屋里烤火。
- **下一步可以怎么做：** 本户已经走到亏空，建议先别折腾新改造了。找村里或镇上问是否有“以工代赈”的保暖修缮补贴（比如帮忙干活抵一部分钱），来年冬天用散煤炉时记住：少烧散煤、多配土暖气，能省一点是一点。等手头宽松了，再装空气源热泵。
- **环保加分：** 地源热泵+保暖修缮后，碳排放从6.19吨降到1.92吨，等于一年少烧2吨煤，对村里空气好，自己出门也少吸煤烟味儿。",2026-07-04T07:07:28.872,,,,,,,,,,,,,,,,,,,,,,,,,,,,,,,,,,,,,,,,,,,,,,,,,,,,,,7.5,6.194,B,准备转型,,,,B,地源热泵（改造10000元/百平方米，年取暖约电量×0.5元/千瓦时）,C,保暖修缮,SETTLE,结算回合5（补贴减少）,4.9,1961,100,92,1.922,,,,,,,,,95,B_有效未完成,纳入有效样本池（≥30s 且模拟已结束），但未达「全部完成」标准。 缺少 post-survey 提交（post_survey_at 为空）。 可用于 dropout/流程分析，主分析建议排除或单独报告。
c989730d-fd89-4587-9fd4-7294ceca8d5b,2026-07-04T18:53:03.634088,2026-07-04T18:53:34.515757,其他,教育者,5,100000,10000,150,3500,,,,"[""初始化：身份=其他（教育者），常住人口=5人，方式=散煤炉，收入=100000，煤改前取暖费=3500，二氧化碳=7.227 吨，排放达标度=71 分。"",""回合1：准备转型 -> 表示愿意了解改造，合规度升至 60 分；仍用散煤，排放达标度 71 分。"",""【当前年取暖碳排放】7.227 吨二氧化碳（排放达标度 71 分）"",""回合3：空气源热泵（改造7000元/百平方米，年取暖约电量×0.5元/千瓦时） -> 完成清洁取暖改造（空气源热泵），合规度回满 100 分，排放达标度 81 分，二氧化碳 4.873 吨；改造后年取暖费=3830 元（由初始散煤输入能量换算电量 × 0.5 元/千瓦时），年盈余变化=-10830 元。"",""【当前年取暖碳排放】4.873 吨二氧化碳（排放达标度 81 分）"",""回合4：提高收入 -> 提高收入：年收入提高 20%（+20000 元），年盈余同步增加 20000 元；排放分数不变（81 分）。"",""【当前年取暖碳排放】4.873 吨二氧化碳（排放达标度 81 分）""]",,,,,1,完全没感觉,,,,,,,,,,,,,,,,,,,,,,,,,,,,,,,,,,,,,,,,,,,,,,,,,,3.5,7.227,,,,,,,,,,,,,,,,,,,,,,,,,30,C_需清洗,建议清洗或排除出主分析：模拟未结束（无 ended_at），行为与结局数据不完整
6678a164-847c-4048-a672-21ad63fb0ef1,2026-07-04T19:56:44.751722,2026-07-04T20:00:37.261301,其他,关心,2,40000,7000,50,2000,2026-07-04T19:57:25.633,seized,村里多次入户了解后，你家仍使用散煤取暖。长期如此，屋里烟尘多、炉火不安全、周边空气也受影响；按当地要求，需尽快选定并完成清洁取暖改造。,"[""初始化：身份=其他（关心），常住人口=2人，方式=散煤炉，收入=40000，煤改前取暖费=2000，二氧化碳=4.130 吨，排放达标度=59 分。"",""回合1：继续当前取暖方式 -> 继续散煤取暖，合规度维持底线 0 分，排放达标度 59 分；当地开始关注你家取暖方式，建议尽早了解清洁取暖选项。"",""【当前年取暖碳排放】4.130 吨二氧化碳（排放达标度 59 分）"",""回合2：暂时继续用散煤 -> 继续用散煤取暖，合规度锁死 0 分，排放达标度 59 分（已连续 2 次暂缓了解改造方案）。"",""【当前年取暖碳排放】4.130 吨二氧化碳（排放达标度 59 分）"",""【入户了解】住房面积权重=47.5，单次暂不改造概率=0.53，连续 2 次暂缓了解后累计需改造提醒概率 72.4%，随机值=0.19。"",""【终局】村里多次入户了解后，你家仍使用散煤取暖。长期如此，屋里烟尘多、炉火不安全、周边空气也受影响；按当地要求，需尽快选定并完成清洁取暖改造。""]","## 一、农户形象解析

**形象描述：** 节俭两口之家、小房舍、散煤炉取暖、略有余钱

- **年收入与盈余：** 家庭年收入4万元，年盈余仅7000元（即一年下来能攒下的钱），说明过日子比较紧巴，收入除去日常开销后余粮不多。
- **住房与取暖现状：** 住房面积仅50平米，是典型的小户型农村住房。目前用散煤炉取暖，每年取暖费2000元，占年收入的5%（相当于每挣100元有5元花在取暖上），不算特别高，但散煤炉烧起来麻烦、烟尘大。
- **家庭情况：** 常住人口只有2人，一般就是老两口或两口之家，人少房小，取暖成本本可以更低。
- **碳排放与达标度：** 每年取暖排放4.13吨二氧化碳，环保达标度仅59分（刚过及格线，但距离清洁取暖的80分以上还有差距）。长期用散煤，不仅是环保问题，自己屋里也呛、灰多、容易呛嗓子。

## 二、转型建议

**一句话看懂：** 建议改用电或气暖，先投入、后省钱，这户其实有条件换。

- **建议路径：** 改用“空气能热泵（电取暖）”或“天然气壁挂炉”，原因是本户房子小，每年取暖费2000元换用清洁方式后，加上补贴，总花费可能比烧煤还低，而且省心、干净。
- **已走路径与问题：** 本户在这一轮操作中两次选择了“继续用散煤”或“暂时继续用”，没有主动了解改造方案，结果合规度直接是0分（即不符合当地取暖要求），村里也连续上门做工作。说明没主动走，路越走越窄。
- **可改进之处：** 其实这户年盈余7000元，加上政府通常提供清洁取暖设备补贴（比如补贴大头或给免费改造机会），第一次投入压力不大。关键是要“先了解、再决策”，而不是硬撑下去。建议主动问村委会自家能享受哪种改造补贴，别等最后被动才改。
- **成本对比提示：** 本户烧散煤要2000元一年，换清洁取暖后，加上电费或气费补贴，年花费可能降到1500-1800元左右，省下钱不说，还少了一冬天铲煤灰、生炉子的麻烦。

## 三、生活改善与路径解读

**一句话看懂：** 不换散煤，冬天又脏又费神；换了，干净省事少花钱。

- **最该先改善的一点：屋里灰大、炉子不安全。** 烧散煤，每个冬天都要倒炉灰、掏烟道，屋里家具、墙壁落一层灰，而且炉火要是晚上封不好，容易一氧化碳中毒或火灾，这对两口之家（尤其老人）来说是实打实的安全隐患。下一步就应主动联系村里，问清楚改造补贴范围，争取今年入冬前改好。
- **省心省力上：** 散煤炉要自己买煤、搬煤、加煤、掏灰，冷天半夜还要添火；清洁取暖（如空气能热泵或气暖）只需按开关调温度，白天家里没人还能自动降温，回来再调高，省很多体力活，尤其适合人少、年纪大一点的家庭。
- **取暖花费与补贴上：** 本户每年烧煤2000元，换来屋里也就十六七度，烟尘还大。换了清洁取暖，政府通常补贴电费或气费，算下来年花费可能降到1500元以下（比如电取暖夜间优惠电价），省下的500-1000元可以多买点肉蛋菜过年。
- **住房条件与舒适度：** 50平米小房，用空气能热泵或气暖能实现全屋均匀供暖，不会像散煤炉那样靠近炉子烫、离远就冷。而且没有煤灰和烟雾，室内空气好，冬天窗户不用常开透气，屋里的家具、衣服也干净。
- **环保和邻里关系上：** 本户排放达标度才59分，持续排放更影响。改造后，碳排放大幅降低，自家冬天不用闻烟味，邻居也不用闻你家散煤烟，村容村貌也跟着好起来，大家住着都舒心。",2026-07-04T19:57:40.581,"{""end"":{""q_end1_recommend"":{""label"":""一般"",""value"":3},""q_end_ai_feedback"":"""",""q_end2_suggestions"":"""",""q_end_ai_helpfulness"":{""label"":""帮助较大"",""value"":""C""}},""common"":{""q3_impact_other"":"""",""q3_biggest_impact"":{""label"":""C. 不同技术路线的一次性投入差异"",""value"":""C""},""q4_strategy_change"":{""label"":""A. 会，开局就会选不同路线"",""value"":""A""},""q2_understanding_after"":{""label"":""比较理解"",""value"":4},""q1_understanding_before"":{""label"":""一般"",""value"":3}},""submitted_at"":""2026-07-04T20:00:36.451"",""user_identity"":""其他"",""other_audience"":{""o5_reflection"":"""",""o1_perspective"":{""label"":""E. 一般公众兴趣"",""value"":""E""},""o3_policy_gaps"":[{""label"":""改造推进与家庭承受能力衔接"",""value"":""enforcement_balance""}],""o2_policy_variance_help"":{""label"":""比较有帮助"",""value"":4},""o4_policy_conflict_detail"":""能源支出增加""}}",2026-07-04T20:00:36.451,3,一般,4,比较理解,C,C. 不同技术路线的一次性投入差异,,A,A. 会，开局就会选不同路线,3,一般,C,帮助较大,,,,,,,,,,,,,,,,,,,,,,,,,,,,,,,E,E. 一般公众兴趣,4,比较有帮助,enforcement_balance,改造推进与家庭承受能力衔接,能源支出增加,,5,4.13,A,继续当前取暖方式,1,暂时继续用散煤,暂时继续用散煤,,,,,,,5,2000,0,59,4.13,,,,,,,,,232,A_全部完成,纳入分析样本（全部完成，n=20 之一）。学生/其他：已结束模拟、提交 post-survey，且 Q1/Q2 前后测齐全。
4ff3c395-8ea4-406c-8246-11d4b91a0cea,2026-07-04T20:01:10.276158,2026-07-04T20:07:12.433038,其他,关心,2,40000,7000,50,2000,2026-07-04T20:02:44.53,success,排放、合规、能耗负担率达标且年盈余不为负，成功实现绿色转型。,"[""初始化：身份=其他（关心），常住人口=2人，方式=散煤炉，收入=40000，煤改前取暖费=2000，二氧化碳=4.130 吨，排放达标度=59 分。"",""回合1：继续当前取暖方式 -> 继续散煤取暖，合规度维持底线 0 分，排放达标度 59 分；当地开始关注你家取暖方式，建议尽早了解清洁取暖选项。"",""【当前年取暖碳排放】4.130 吨二氧化碳（排放达标度 59 分）"",""回合2：了解并开始准备改造 -> 了解并开始准备改造，合规度回升至 50 分；尚未完成技术替代，排放达标度 59 分。"",""【当前年取暖碳排放】4.130 吨二氧化碳（排放达标度 59 分）"",""回合3：空气源热泵（改造7000元/百平方米，年取暖约电量×0.5元/千瓦时） -> 完成清洁取暖改造（空气源热泵），合规度回满 100 分，排放达标度 72 分，二氧化碳 2.784 吨；改造后年取暖费=2189 元（由初始散煤输入能量换算电量 × 0.5 元/千瓦时），年盈余变化=-3689 元。"",""【当前年取暖碳排放】2.784 吨二氧化碳（排放达标度 72 分）"",""回合4：保暖修缮 -> 保暖修缮：一次性投入 500 元（1000×50/100），年取暖费 2189 × 62.5% = 1368 元；排放达标度 83 分，二氧化碳 1.740 吨。"",""【当前年取暖碳排放】1.740 吨二氧化碳（排放达标度 83 分）"",""回合5：补贴减少 -> 散煤 2.00 吨，等价天然气 500.0 立方米，取暖年花费 +300 元。"",""【当前年取暖碳排放】1.740 吨二氧化碳（排放达标度 83 分）"",""【终局】排放、合规、能耗负担率达标且年盈余不为负，成功实现绿色转型。""]","好的，老乡，咱们来看看您家的情况，一起聊聊天，看怎么让这个冬天过得更好、更省心。

## 一、农户形象解析

**形象描述：** 精打细算、两口小家、略有结余、烧煤为主

- **收入与结余：** 您家庭年收入四万块，一年下来能省出七千块，说明日子过得挺仔细，有积蓄但也需要精打细算。
- **住房条件：** 住的是50平米的房子，两口人，空间不大，取暖负担相对会轻一些。
- **取暖现状：** 您现在用的是散煤炉子，一年取暖花费2000块，这笔钱占了您年收入的一成（10%），负担不算太重，但也不算轻。
- **转型起点：** 散煤炉子冬天不仅要添煤、掏炉灰，烟尘也比较大，影响屋里屋外空气。您开始关心这事儿，说明已经有了改善生活的想法。

## 二、转型建议

**一句话看懂：** 您走的空气源热泵加保温路线很对，但初期开销要算清楚。

- **建议路径：** 推荐“空气源热泵 + 房屋保暖修缮”路线。理由：空气源热泵比散煤干净、省力、温度稳定，再花小钱做做房屋保温，能让它更省电，长期看最划算。
- **本局已走路径：** 您最后选择了“空气源热泵 + 保暖修缮”，这个决策非常棒。一开始您先观察了一下，后来果断行动，最终达到了既暖和又合规的好结果。
- **可改进之处：** 主要注意改造的初始投入。空气源热泵改造花了7000元（算上给您房间的补贴折算），保暖修缮又花了500元。这笔7500元的一次性开销，耗掉了您一年所有的积蓄（7000元）还差一点，过日子可能手头会紧。

## 三、生活改善与路径解读

**一句话看懂：** 改造后更暖和、干净，长期看支出其实没多多少。

- **费用变化：** 改完后第一年总花费（初期投入+取暖费）多了不少，但别担心，这只是开始。等设备装好，每年只需要交电费。做过保温后，每年取暖费从2000元降到了1368元（比烧煤便宜了600多块）。之后因为补贴变化多花了300元（1668元），但总体看，日常花销已经和烧煤差不多，甚至更省。
- **最该先改善的一点：** **房屋保暖修缮**是您这局里投入最小、回报最高的一步。只花了500元，就让取暖费下降了62.5%。如果您预算紧张，可以先做房屋门窗、墙面的简单密封和保温（比如贴密封条、挂厚门帘），花小钱，暖一度。
- **舒适与卫生：** 空气源热泵是自动运行，不用半夜起来添煤、不用铲炉灰、不会弄得满屋煤灰。屋里温度稳定，不像炉子那样忽冷忽热，老人孩子不容易感冒，家里也干净多了。
- **环保与长远：** 改造后，您家冬天产生的二氧化碳从4.13吨降到了1.74吨，对环境贡献非常大。排放达标度从59分涨到83分，让您家成了村里的“绿色标兵”，以后村里的福利或补贴政策，您也更可能有份。
- **下一步可以怎么做：** 如果觉得一次性掏钱改造压力大，可以打听村里有没有集中采购或者分期付款的帮助政策。另外，拿到补贴后，可以优先花几百块钱把家里漏风的地方补一补，这比换更大功率的炉子更管用。",2026-07-04T20:02:58.428,"{""end"":{""q_end1_recommend"":{""label"":""非常愿意"",""value"":5},""q_end_ai_feedback"":"""",""q_end2_suggestions"":""年耗能数据与冬季室外温度（也可以认为是海拔和纬度）有关"",""q_end_ai_helpfulness"":{""label"":""帮助较大"",""value"":""C""}},""common"":{""q3_impact_other"":"""",""q3_biggest_impact"":{""label"":""C. 不同技术路线的一次性投入差异"",""value"":""C""},""q4_strategy_change"":{""label"":""C. 不会，仍会走类似路径"",""value"":""C""},""q2_understanding_after"":{""label"":""比较理解"",""value"":4},""q1_understanding_before"":{""label"":""一般"",""value"":3}},""submitted_at"":""2026-07-04T20:07:00.932"",""user_identity"":""其他"",""other_audience"":{""o5_reflection"":"""",""o1_perspective"":{""label"":""E. 一般公众兴趣"",""value"":""E""},""o3_policy_gaps"":[{""label"":""改造推进与家庭承受能力衔接"",""value"":""enforcement_balance""}],""o2_policy_variance_help"":{""label"":""非常有帮助"",""value"":5},""o4_policy_conflict_detail"":""一次性投入较高。""}}",2026-07-04T20:07:00.932,3,一般,4,比较理解,C,C. 不同技术路线的一次性投入差异,,C,C. 不会，仍会走类似路径,5,非常愿意,C,帮助较大,,年耗能数据与冬季室外温度（也可以认为是海拔和纬度）有关,,,,,,,,,,,,,,,,,,,,,,,,,,,,,E,E. 一般公众兴趣,5,非常有帮助,enforcement_balance,改造推进与家庭承受能力衔接,一次性投入较高。,,5,4.13,A,继续当前取暖方式,2,了解并开始准备改造,了解并开始准备改造,C,空气源热泵（改造7000元/百平方米，年取暖约电量×0.5元/千瓦时）,C,保暖修缮,SETTLE,结算回合5（补贴减少）,4.2,1668,100,83,1.74,,,,,,,,,362,A_全部完成,纳入分析样本（全部完成，n=20 之一）。学生/其他：已结束模拟、提交 post-survey，且 Q1/Q2 前后测齐全。
ad7c7efe-d67c-4f11-bbfd-eb08e25ab6a3,2026-07-04T20:10:54.500403,2026-07-04T20:12:14.307403,已煤改农户,元氏,5,65000,7500,140,5000,2026-07-04T20:11:59.2,bankrupt,对照到补贴变少那一步，一年反而没钱了——和你家现在比，可能偏紧，得多想想省取暖或增收的办法。,"[""初始化：身份=已煤改农户（元氏），常住人口=5人，方式=散煤炉，收入=65000，煤改前取暖费=5000，二氧化碳=10.324 吨，排放达标度=59 分。"",""回合1：改之前一直烧散煤，花费还低一些 -> 继续散煤取暖，合规度维持底线 0 分，排放达标度 59 分；当地开始关注你家取暖方式，建议尽早了解清洁取暖选项。"",""【当前年取暖碳排放】10.324 吨二氧化碳（排放达标度 59 分）"",""回合2：准备登记改造 -> 了解并开始准备改造，合规度回升至 50 分；尚未完成技术替代，排放达标度 59 分。"",""【当前年取暖碳排放】10.324 吨二氧化碳（排放达标度 59 分）"",""回合3：地源热泵（改造10000元/百平方米，年取暖约电量×0.5元/千瓦时） -> 完成清洁取暖改造（地源热泵），合规度回满 100 分，排放达标度 80 分，二氧化碳 5.124 吨；改造后年取暖费=4028 元（由初始散煤输入能量换算电量 × 0.5 元/千瓦时），年盈余变化=-13028 元。"",""【当前年取暖碳排放】5.124 吨二氧化碳（排放达标度 80 分）"",""回合4：节约取暖 -> 节约取暖：年取暖费 4028 × 60% = 2417 元，年盈余增加 1611 元；排放达标度 88 分，二氧化碳 3.074 吨。"",""【当前年取暖碳排放】3.074 吨二氧化碳（排放达标度 88 分）"",""回合5：补贴减少 -> 散煤 5.00 吨，等价天然气 1250.0 立方米，取暖年花费 +750 元。"",""【当前年取暖碳排放】3.074 吨二氧化碳（排放达标度 88 分）"",""【终局】对照到补贴变少那一步，一年反而没钱了——和你家现在比，可能偏紧，得多想想省取暖或增收的办法。""]","好的，老乡，咱就对着你的情况，聊聊这模拟账本。

## 一、农户形象解析
**形象描述：** 河北元氏、五口之家、年入六万五、略有结余、取暖费占大头

- **年收入与结余：** 一家五口人，一年挣六万五（65,000元），辛辛苦苦一年到头，能剩个七千五（7,500元）。这说明平时花销挺大，过日子得精打细算。
- **住房与取暖：** 家里房子140平米，在村里算中等的。之前烧散煤炉子过冬，一个冬天得花五千块（5,000元），这笔钱相当于家里将近两个月的收入，不算少。
- **这户人的特点：** 就是咱河北最常见的农村家庭，能攒下钱不容易，最怕的就是冬天取暖费突然涨太多，把好不容易存下的那点钱都搭进去。
- **一户的画像：** 这户人属于“钱紧”型，对花销变化特别敏感，算账得算到骨子里。取暖费要是多了一千块，可能就得从别的生活开销里省出来。

## 二、对照解读
**一句话看懂：** 改完后干净省心，但补贴一少，钱袋子就紧了，跟你家现在处境很像。

- **和您家对照：** 这户人从烧散煤花了5000元，改地源热泵后只用4028元，还节约到2417元，这跟咱很多人家改完后头两年省钱、干净的感受很像。但最关键的是“补贴减少”那一步，取暖费又涨了750块（变成3167元），账上直接变成一年亏四千多（-4717元）。这跟你家现在的情况是不是特像？补贴少了，虽然不一定亏四千多，但肯定感觉负担重了。
- **路线的差别：** 这户人他选的是**地源热泵**，初装投入大（100元/平米），但运行电费便宜。优点是冬天特别舒服，除了电费没别的花销。缺点就是怕补贴一少，电价再没什么优惠，那电费一涨，负担就上来了。
- **补贴变少后的账：** 模拟里算的是“一年反而没钱了”，这说夸张了点。但跟咱现实一样，补贴变少后，只要把取暖费控制在年收入的**5%以内**（比如65000块的5%是3250块），家里压力就不太大。这户人最后取暖费是3167元，刚刚卡在线上，说明日子得省着过才能持平。
- **为什么不谈“改不改”：** 你已经改完了，咱就不说“应不应该改”那个废字了。问题是“怎么在补贴变少后，还熬得过这个冬”。这户人的经历就是个提醒：省着点用，不然真可能花超了。

## 三、过冬生活与下一步
**一句话看懂：** 改完更干净，补贴变少得靠省电和多挣钱来补过冬的亏空。

- **最该先改善的一点：** 补贴变少后，**最该先做的是学着“分段取暖”**。比如白天家里没人或晚上睡觉，把地源热泵调低到16-18度（保持不冻管子就行），只在最冷的时段（一早一晚）开到20度以上。这样一年至少能再节省出几百块钱电费。
- **改完的好处还是明显的：** 必须得提一句，改完后屋里是真干净。以前烧煤，一冬天脸上天天黑乎乎的，屋里落一层煤灰，还得半夜起来添煤。现在不用倒煤渣、不用闻煤烟味，也不用操心煤气中毒，光这份省心和干净，就值回不少票价了。
- **补贴变少后的应对：** 除了省着用，还得想点增收的办法。比如冬天农闲时，能不能打打零工、做点小买卖？哪怕一个月多挣个三五百，就能把这多出来的取暖费补上。别光想着省，得想办法把“亏空”给挣回来。
- **一个简单的小账本：** 你把今年冬天的电费单子攒起来，跟去年补贴没变少时对比一下。如果多了，就想办法通过上面说的“分段取暖”或者“晚上开低档”，把花销再压下来一点。别一算账就发愁，一步一步来。",2026-07-04T20:12:14.706,,,,,,,,,,,,,,,,,,,,,,,,,,,,,,,,,,,,,,,,,,,,,,,,,,,,,,7.7,10.324,A,改之前一直烧散煤，花费还低一些,2,准备登记改造,准备登记改造,B,地源热泵（改造10000元/百平方米，年取暖约电量×0.5元/千瓦时）,B,节约取暖,SETTLE,算一算今年账（补贴变少了）,4.9,3167,100,88,3.074,,,,,,,,,79,B_有效未完成,纳入有效样本池（≥30s 且模拟已结束），但未达「全部完成」标准。 缺少 post-survey 提交（post_survey_at 为空）。 可用于 dropout/流程分析，主分析建议排除或单独报告。
e9ba015d-bd23-45f4-aaef-3d7b0695083f,2026-07-04T20:30:54.100955,2026-07-04T20:31:25.100955,其他,记者,4,80000,8000,100,3000,2026-07-04T20:30:54.947,success,排放、合规、能耗负担率达标且年盈余不为负，成功实现绿色转型。,"[""初始化：身份=其他（记者-E2E-1783168244252），常住人口=4人，方式=散煤炉，收入=80000，煤改前取暖费=3000，二氧化碳=6.194 吨，排放达标度=69 分。"",""回合1：准备转型 -> 表示愿意了解改造，合规度升至 60 分；仍用散煤，排放达标度 69 分。"",""【当前年取暖碳排放】6.194 吨二氧化碳（排放达标度 69 分）"",""回合3：天然气（改造3000元/百平方米，年取暖约气量×2.98元/立方米） -> 完成清洁取暖改造（天然气），合规度回满 100 分，排放达标度 93 分，二氧化碳 1.500 吨；改造后年取暖费=2235 元（由初始散煤用量换算气量 × 2.98 元/立方米），年盈余变化=-2235 元。"",""【当前年取暖碳排放】1.500 吨二氧化碳（排放达标度 93 分）"",""回合4：提高收入 -> 提高收入：年收入提高 20%（+16000 元），年盈余同步增加 16000 元；排放分数不变（93 分）。"",""【当前年取暖碳排放】1.500 吨二氧化碳（排放达标度 93 分）"",""回合5：补贴减少 -> 散煤 3.00 吨，等价天然气 750.0 立方米，取暖年花费 +450 元。"",""【当前年取暖碳排放】1.500 吨二氧化碳（排放达标度 93 分）"",""【终局】排放、合规、能耗负担率达标且年盈余不为负，成功实现绿色转型。""]",,,"{""end"":{""q_end1_recommend"":{""label"":""比较愿意"",""value"":4},""q_end_ai_feedback"":"""",""q_end2_suggestions"":"""",""q_end_ai_helpfulness"":{""label"":""帮助较大"",""value"":""C""}},""common"":{""q3_impact_other"":"""",""q3_biggest_impact"":{""label"":""A. 取暖费用突然上涨（如补贴退坡）"",""value"":""A""},""q4_strategy_change"":{""label"":""C. 不会，仍会走类似路径"",""value"":""C""},""q2_understanding_after"":{""label"":""比较理解"",""value"":4},""q1_understanding_before"":{""label"":""一般"",""value"":3}},""submitted_at"":""2026-07-04T20:30:55.356"",""user_identity"":""其他"",""other_audience"":{""o5_reflection"":""自动化测试提交。"",""o1_perspective"":{""label"":""C. 新闻报道/公共传播"",""value"":""C""},""o3_policy_gaps"":[{""label"":""运行补贴可持续"",""value"":""subsidy""},{""label"":""差异化技术路线（不一刀切煤改气）"",""value"":""tech_mix""}],""o2_policy_variance_help"":{""label"":""比较有帮助"",""value"":4},""o4_policy_conflict_detail"":""E2E测试：补贴退坡后取暖费上涨最明显。""}}",2026-07-04T20:30:55.356,3,一般,4,比较理解,A,A. 取暖费用突然上涨（如补贴退坡）,,C,C. 不会，仍会走类似路径,4,比较愿意,C,帮助较大,,,,,,,,,,,,,,,,,,,,,,,,,,,,,,,C,C. 新闻报道/公共传播,4,比较有帮助,subsidy | tech_mix,运行补贴可持续 | 差异化技术路线（不一刀切煤改气）,E2E测试：补贴退坡后取暖费上涨最明显。,自动化测试提交。,3.8,6.194,B,准备转型,,,,A,天然气（改造3000元/百平方米，年取暖约气量×2.98元/立方米）,A,提高收入,SETTLE,结算回合5（补贴减少）,2.8,2685,100,93,1.5,,,,,,,,,31,A_全部完成,纳入分析样本（全部完成，n=20 之一）。学生/其他：已结束模拟、提交 post-survey，且 Q1/Q2 前后测齐全。
14e89226-3934-4ec1-b78b-9332f38aadc9,2026-07-04T20:49:03.318793,2026-07-04T20:53:17.109744,其他,群众,5,90000,30000,90,3000,2026-07-04T20:50:27.801,success,排放、合规、能耗负担率达标且年盈余不为负，成功实现绿色转型。,"[""初始化：身份=其他（群众），常住人口=5人，方式=散煤炉，收入=90000，煤改前取暖费=3000，二氧化碳=6.194 吨，排放达标度=75 分。"",""回合1：准备转型 -> 表示愿意了解改造，合规度升至 60 分；仍用散煤，排放达标度 75 分。"",""【当前年取暖碳排放】6.194 吨二氧化碳（排放达标度 75 分）"",""回合3：空气源热泵（改造7000元/百平方米，年取暖约电量×0.5元/千瓦时） -> 完成清洁取暖改造（空气源热泵），合规度回满 100 分，排放达标度 83 分，二氧化碳 4.177 吨；改造后年取暖费=3283 元（由初始散煤输入能量换算电量 × 0.5 元/千瓦时），年盈余变化=-6583 元。"",""【当前年取暖碳排放】4.177 吨二氧化碳（排放达标度 83 分）"",""回合4：节约取暖 -> 节约取暖：年取暖费 3283 × 60% = 1970 元，年盈余增加 1313 元；排放达标度 90 分，二氧化碳 2.506 吨。"",""【当前年取暖碳排放】2.506 吨二氧化碳（排放达标度 90 分）"",""回合5：补贴减少 -> 散煤 3.00 吨，等价天然气 750.0 立方米，取暖年花费 +450 元。"",""【当前年取暖碳排放】2.506 吨二氧化碳（排放达标度 90 分）"",""【终局】排放、合规、能耗负担率达标且年盈余不为负，成功实现绿色转型。""]","## 一、农户形象解析

**形象描述：** 中等收入、五口之家、散煤老户、煤改潜力大

- **家庭结构：** 你家是5口人住在90平方米的房子里，在华北农村属于典型的中等家庭，人多房不大，保暖基础条件一般。
- **经济底子：** 年收入9万元，年盈余3万元（相当于每月能存2500元），在农村算中等偏上，有一定的积蓄来应对改造投入。
- **取暖现状：** 以前烧散煤，一个冬天取暖费3000元，占年收入的3.3%（相当于收入100元里花3.3元取暖），压力不算大，但煤烟多、麻烦多。
- **环保起点：** 散煤排放二氧化碳6.194吨（相当于一辆小汽车跑2万公里的排放量），排放达标度只有75分（满分100），说明散煤取暖不仅累人，空气污染也不小。

## 二、转型建议

**一句话看懂：** 推荐走空气源热泵+节约取暖路线，更省钱更省心。

- **建议路径：** 优先选择空气源热泵改造（初始投入7000元），因为它比散煤更干净、比天然气更省电费，一个冬天用下来基本不增加负担。
- **已走路径：** 你实际选了空气源热泵改造，花了7000元，改造后第一年取暖费涨到3283元，加上改造费，当年盈余减少6583元。这一步走得对，但初期投入让手头紧了点。
- **可改进点：** 改造后立刻启动“节约取暖”（把暖气调低点、白天不在家就停机），年取暖费从3283元降到1970元，比当初烧散煤3000元还省了1030元。这一步你做得很好，说明“改完不浪费”才是省钱关键。
- **补贴变化提醒：** 后续补贴减少时，取暖花费多了450元，但因为你已经节约下来，总费用2420元依然比散煤省580元。建议一直保持节电习惯，别等补贴没了再着急。

## 三、生活改善与路径解读

**一句话看懂：** 改热泵后，取暖费降低、家里干净、空气好，是最划算的选择。

- **最该先改善的一点：** 如果你还没改，**第一步就先去了解空气源热泵改造的补贴和安装方案**。以前散煤冬天要倒炉灰、劈柴火、半夜还得添煤，人不在家怕炉子灭，又脏又累还危险。换了热泵，一按开关就暖和，彻底解放双手。
- **取暖花费更轻：** 散煤时一个冬天花3000元，改热泵并节约用电后，实际年取暖费降到1970元，省了整整1030元（够买两件好棉袄）。加上补贴和节约，相当于少了三分之一的取暖钱。
- **住房舒适度提升：** 散煤炉子烧起来要么太热要么太冷，晚上还得裹被子。空气源热泵能恒温供暖，每个房间都能暖暖和和，孩子写作业、老人睡觉都不怕半夜冻醒。
- **卫生与环保双赢：** 烧散煤家里到处是黑灰，墙上、衣服上都脏，还得天天倒煤渣。改用热泵后，屋里干干净净，不冒黑烟不呛人。排放二氧化碳从6.194吨降到2.506吨（减少一半多），空气质量好了，自家和村里都受益。
- **下一步可以怎么做：** 如果将来补贴减少，继续坚持节约取暖（比如换厚窗帘、贴密封条）也能顶得住。你现在年盈余还有24730元，取暖费只占收入2.7%，日子宽裕又暖和，保持下去就是最稳当的过冬方式。",2026-07-04T20:50:54.636,"{""end"":{""q_end1_recommend"":{""label"":""一般"",""value"":3},""q_end_ai_feedback"":"""",""q_end2_suggestions"":"""",""q_end_ai_helpfulness"":{""label"":""帮助较大"",""value"":""C""}},""common"":{""q3_impact_other"":"""",""q3_biggest_impact"":{""label"":""A. 取暖费用突然上涨（如补贴退坡）"",""value"":""A""},""q4_strategy_change"":{""label"":""D. 不确定"",""value"":""D""},""q2_understanding_after"":{""label"":""一般"",""value"":3},""q1_understanding_before"":{""label"":""略有了解"",""value"":2}},""submitted_at"":""2026-07-04T20:53:13.793"",""user_identity"":""其他"",""other_audience"":{""o5_reflection"":"""",""o1_perspective"":{""label"":""E. 一般公众兴趣"",""value"":""E""},""o3_policy_gaps"":[{""label"":""运行补贴可持续"",""value"":""subsidy""},{""label"":""差异化技术路线（不一刀切煤改气）"",""value"":""tech_mix""}],""o2_policy_variance_help"":{""label"":""比较有帮助"",""value"":4},""o4_policy_conflict_detail"":""年度结余少""}}",2026-07-04T20:53:13.793,2,略有了解,3,一般,A,A. 取暖费用突然上涨（如补贴退坡）,,D,D. 不确定,3,一般,C,帮助较大,,,,,,,,,,,,,,,,,,,,,,,,,,,,,,,E,E. 一般公众兴趣,4,比较有帮助,subsidy | tech_mix,运行补贴可持续 | 差异化技术路线（不一刀切煤改气）,年度结余少,,3.3,6.194,B,准备转型,,,,C,空气源热泵（改造7000元/百平方米，年取暖约电量×0.5元/千瓦时）,B,节约取暖,SETTLE,结算回合5（补贴减少）,2.7,2420,100,90,2.506,,,,,,,,,253,A_全部完成,纳入分析样本（全部完成，n=20 之一）。学生/其他：已结束模拟、提交 post-survey，且 Q1/Q2 前后测齐全。
8452a323-a58d-439b-a801-4bd3768d361c,2026-07-04T21:18:53.943776,2026-07-04T21:20:45.23794,已煤改农户,元氏,5,65000,7500,140,5000,2026-07-04T21:19:22.94,success,对照下来，改完以后排放更干净、屋里更省心；取暖费占收入不算太高，一年还能剩点钱，补贴变少也还撑得住。,"[""初始化：身份=已煤改农户（元氏），常住人口=5人，方式=散煤炉，收入=65000，煤改前取暖费=5000，二氧化碳=10.324 吨，排放达标度=59 分。"",""回合1：改之前就想早点改，图干净省心 -> 表示愿意了解改造，合规度升至 60 分；仍用散煤，排放达标度 59 分。"",""【当前年取暖碳排放】10.324 吨二氧化碳（排放达标度 59 分）"",""回合3：天然气（改造3000元/百平方米，年取暖约气量×2.98元/立方米） -> 完成清洁取暖改造（天然气），合规度回满 100 分，排放达标度 90 分，二氧化碳 2.499 吨；改造后年取暖费=3725 元（由初始散煤用量换算气量 × 2.98 元/立方米），年盈余变化=-2925 元。"",""【当前年取暖碳排放】2.499 吨二氧化碳（排放达标度 90 分）"",""回合4：节约取暖 -> 节约取暖：年取暖费 3725 × 60% = 2235 元，年盈余增加 1490 元；排放达标度 94 分，二氧化碳 1.500 吨。"",""【当前年取暖碳排放】1.500 吨二氧化碳（排放达标度 94 分）"",""回合5：补贴减少 -> 散煤 5.00 吨，等价天然气 1250.0 立方米，取暖年花费 +750 元。"",""【当前年取暖碳排放】1.500 吨二氧化碳（排放达标度 94 分）"",""【终局】对照下来，改完以后排放更干净、屋里更省心；取暖费占收入不算太高，一年还能剩点钱，补贴变少也还撑得住。""]","好的，老乡，咱就对着您家元氏这140平的房子、65000的年收入，算算这笔“清洁取暖”的账。

## 一、农户形象解析

**形象描述：** 五口之家、收成尚可、手头不宽、改前烧煤、图个省心

- **收入与结余：** 一年挣6万5，刨去吃喝花销，还能剩下7500块。这笔结余不算多，家里的大事小情都得从这省，经不起大折腾。
- **住房与人口：** 140平的房子，住5口人，在村里算正常偏大的，得想法子让整家都暖和。
- **改前花销：** 烧煤取暖一年要花5000块，占年收入快8%（100块里就有8块取暖费），冬天是个不小的担子。
- **经济画像：** 典型的河北农村中游家庭，盼头就是日子能过得更干净、省心，但最怕取暖费没个准，压得喘不过气。

## 二、对照解读

**一句话看懂：** 改气取暖费降了，但补贴少了，总体还能接受，省心是真省心。

- **和您家对照：** 您家改前烧煤花5000，系统算出来改气花3725元，省了1275块。这和您当初改的时候，感觉“好像没多花，还省了点”的体验很可能对得上。
- **补贴变化的账：** 后来补贴变少了，系统多算了750块，实际年花费变成2985元。这就像有些老乡说的，前两年补贴多，后两年少了点，但仔细一算2985对比改前的5000，还是少花了两千多，心里还算有底。
- **省心地过日子：** 系统里您选择了“节约取暖”，费从3725压到了2985。这说明咱老百姓最会过日子，补贴少了、气价高了，咱就学会分时段、分房间取暖，这也是您家正在做的事。
- **不该想的路子：** 从数据看，您家改天然气后，排放达标度从59分（不合格）直接升到94分（优秀）。这说明咱河北农村改气这条路，对改善空气质量确实立竿见影，您家已经做出了贡献。

## 三、过冬生活与下一步

**一句话看懂：** 家里干净了，补贴降了也不怕，学会精打细算照样暖暖和和过冬。

- **最该先改善的一点：** 最该做的是**给门窗加密封条、挂厚棉帘**。花几十块钱，把透风的缝堵上，屋里能保住好几度热气，比多烧气钱划算得多。
- **补贴变少咋应对：** 补贴少了，就学“分室取暖”。白天一家人在客厅，地暖或暖气片开到18度；晚上睡觉前开卧室，设定温度低2-3度。省气不省暖。
- **改完的好处实打实：** 改完天然气，屋里干干净净，再不用半夜起来加煤、倒煤渣，也不用担心一氧化碳（煤气）中毒，窗台、桌面上没有黑灰，家里空气好多了，老人孩子少咳嗽。**就冲这个干净省心，当初改得就值了。**",2026-07-04T21:19:36.74,"{""end"":{""q_end1_recommend"":{""label"":""很愿意"",""value"":""3""},""q_end_ai_feedback"":"""",""q_end2_suggestions"":"""",""q_end_ai_helpfulness"":{""label"":""帮助较大"",""value"":""C""}},""common"":{""q3_impact_other"":"""",""q3_biggest_impact"":{""label"":""改气/改电要先掏一大笔钱"",""value"":""C""},""q4_strategy_change"":{""label"":"""",""value"":""""},""q2_understanding_after"":{""label"":"""",""value"":null},""q1_understanding_before"":{""label"":"""",""value"":null}},""submitted_at"":""2026-07-04T21:20:44.395"",""user_identity"":""已煤改农户"",""converted_farmer"":{""f5_other"":"""",""f1_method_other"":"""",""f4_cost_realism"":{""label"":""差不多"",""value"":""B""},""f1_heating_method"":{""label"":""电暖或热泵"",""value"":""B""},""f3_reduce_methods"":[{""label"":""少开暖气"",""value"":""less_heating""},{""label"":""还用点煤"",""value"":""reburn""}],""f6_realistic_part"":{""label"":""刚开始改的时候"",""value"":""turn1""},""f3_reduce_spending"":{""label"":""有"",""value"":""yes""},""f5_subsidy_response"":[{""label"":""改用更省的办法（比如只暖一间屋）"",""value"":""save_mode""},{""label"":""还是有返煤或备用散煤"",""value"":""reburn""}],""f7_unrealistic_part"":{""label"":""都挺像"",""value"":""none""},""f2_annual_heating_cost"":{""label"":""5～8千"",""value"":""5_8k""},""farmer_interview_contact"":"""",""farmer_interview_willing"":{""label"":""愿意"",""value"":""yes""}}}",2026-07-04T21:20:44.395,,,,,C,改气/改电要先掏一大笔钱,,,,3,很愿意,C,帮助较大,,,,,,,,B,电暖或热泵,,5_8k,yes,有,less_heating | reburn,B,差不多,save_mode | reburn,改用更省的办法（比如只暖一间屋） | 还是有返煤或备用散煤,,turn1,none,,,,,,,,,,,,,,,,,,7.7,10.324,B,改之前就想早点改，图干净省心,,,,A,天然气（改造3000元/百平方米，年取暖约气量×2.98元/立方米）,B,节约取暖,SETTLE,算一算今年账（补贴变少了）,4.6,2985,100,94,1.5,yes,愿意,,5～8千,少开暖气 | 还用点煤,刚开始改的时候,都挺像,,111,A_全部完成,纳入分析样本（全部完成，n=20 之一）。农户流程：已结束模拟并提交 post-survey（不要求 Q1/Q2）。
4973456f-c3bd-476d-84d1-4fa563e7dbec,2026-07-04T22:19:36.488291,2026-07-04T22:20:51.919374,未煤改农户,威县,5,65000,4000,140,1500,2026-07-04T22:19:59.611,seized,村里多次来人了解后，若一直不改，会反复提醒。散煤屋里烟尘多、清理麻烦，也影响空气——可以趁这次算算，想想改哪条路合适。,"[""初始化：身份=未煤改农户（威县），常住人口=5人，方式=散煤炉，收入=65000，煤改前取暖费=1500，二氧化碳=3.097 吨，排放达标度=88 分。"",""回合1：继续烧散煤，先把花费控制住 -> 继续散煤取暖，合规度维持底线 0 分，排放达标度 88 分；当地开始关注你家取暖方式，建议尽早了解清洁取暖选项。"",""【当前年取暖碳排放】3.097 吨二氧化碳（排放达标度 88 分）"",""回合2：暂时继续用散煤 -> 继续用散煤取暖，合规度锁死 0 分，排放达标度 88 分（已连续 2 次暂缓了解改造方案）。"",""【当前年取暖碳排放】3.097 吨二氧化碳（排放达标度 88 分）"",""【入户了解】住房面积权重=61.0，单次暂不改造概率=0.39，连续 2 次暂缓了解后累计需改造提醒概率 84.8%，随机值=0.73。"",""【终局】村里多次来人了解后，若一直不改，会反复提醒。散煤屋里烟尘多、清理麻烦，也影响空气——可以趁这次算算，想想改哪条路合适。""]","## 一、农户形象解析

**形象描述：** 河北威县、五口之家、住140平米、年入六万五、散煤省钱。

- **年收入与结余：** 全家一年忙到头挣65000元，刨去吃喝用度，一年到头手里只剩4000块钱。这一千五的取暖费，已经快占到结余的四成，再涨价就真撑不住了。
- **房子与取暖现状：** 140平米的大房子，冬天全靠一个散煤炉子。虽然一年煤钱只要1500块，但屋里烟尘大、地上老有灰，窗户缝还得糊严实，半夜还得起来添煤，人也不轻松。
- **经济顾虑：** 最怕的就是“改完更烧钱”。现在一年取暖花1500，要是改了天然气或电，万一一年花四五千，那这4000块的剩余根本打不住，等于一年白干。
- **真实担忧：** 村里已经来提醒过两次了，说散煤以后可能不让使唤，但没给个准话。改吧怕掉进“花钱窟窿”，不改吧又怕以后被查，心里一直在打鼓。

## 二、改造建议

**一句话看懂：** 改气改电都行，但得先算好补贴怎么变。

- **建议路径：** 推荐优先考虑**空气源热泵**，理由是：它比天然气省气，比电暖器省电，长远看能把取暖费降到跟烧散煤差不多的水平，而且干净安全。
- **散煤的“软肋”：** 你现在烧散煤虽然便宜，但屋里天天有灰、有烟，小孩容易咳嗽；晚上睡觉还得惦记着扒拉炉子，不安全。咱不急着改，但得心里有数：这日子不是长久之计。
- **参考日志里的坑：** 日志里你选了两次“继续烧煤”，系统算出你改造概率已经很高了。这说明**拖久了，村里会反复来做工作**，不如趁现在政策还让选路线，自己定主意。
- **跟真实的差距：** 日志里你只考虑了“改不改”，没算“改什么”。真实村里，空气源热泵和天然气管道不是每个村都通，你**先去村委问清楚**：咱村通气了吗？能装热泵吗？有没有补贴？

## 三、要是真改，日子会怎样

**一句话看懂：** 改完屋里干净暖和，取暖费可能翻倍，但补贴能补回来大半。

- **取暖费会涨吗？** 大概率会涨。你现在散煤才1500，改成天然气，140平米一冬天可能要花4000-5000块。但别怕，国家和省市有“煤改气”“煤改电”补贴，一般补一两年后还能再降点，实际花费可能就2500-3000块。
- **补贴减少后还能撑住吗？** 最关键的是**先问清补贴政策管几年**。正常来说，头三年补贴多，后面逐年减。以你年收入65000，取暖费涨到3000块，占收入不到5%，压力有，但比一下子花五六千能接受。
- **屋里会不会更暖和？** 会好很多！散煤炉最热也就十八九度，还得围着炉子坐。改完气或热泵，全屋都能到二十度以上，晚上在被窝里不用缩脖子；而且没灰没烟，打扫起来省一半劲儿。
- **下一步可以怎么做？** 别自己拍脑袋。先打电话问问**威县当地的燃气公司或供电所**，能不能装，补贴怎么领。再问问村里已经改了的老乡，他家一个冬天花了多少钱，心里就有底了。",2026-07-04T22:20:12.239,"{""end"":{""q_end1_recommend"":{""label"":""不太愿意"",""value"":""1""},""q_end_ai_feedback"":"""",""q_end2_suggestions"":"""",""q_end_ai_helpfulness"":{""label"":""完全没帮助"",""value"":""A""}},""common"":{""q3_impact_other"":"""",""q3_biggest_impact"":{""label"":""改气/改电要先掏一大笔钱"",""value"":""C""},""q4_strategy_change"":{""label"":"""",""value"":""""},""q2_understanding_after"":{""label"":"""",""value"":null},""q1_understanding_before"":{""label"":"""",""value"":null}},""submitted_at"":""2026-07-04T22:20:51.756"",""user_identity"":""未煤改农户"",""unconverted_farmer"":{""n2_concerns"":[{""label"":""改造要掏太多钱"",""value"":""upfront_cost""},{""label"":""以后每年取暖费太高"",""value"":""annual_cost""},{""label"":""希望按自家节奏自愿决定"",""value"":""voluntary""}],""n3_attitude"":{""label"":""更犹豫，担心每年花费太高"",""value"":""C""},""n1_method_other"":"""",""n1_heating_method"":{""label"":""别的"",""value"":""D""},""n4_preferred_path"":{""label"":""先观望"",""value"":""wait""},""farmer_interview_contact"":"""",""farmer_interview_willing"":{""label"":""不愿意"",""value"":""no""}}}",2026-07-04T22:20:51.756,,,,,C,改气/改电要先掏一大笔钱,,,,1,不太愿意,A,完全没帮助,,,,,,,,,,,,,,,,,,,,,,,D,别的,,upfront_cost | annual_cost | voluntary,改造要掏太多钱 | 以后每年取暖费太高 | 希望按自家节奏自愿决定,C,更犹豫，担心每年花费太高,wait,,,,,,,,,2.3,3.097,A,继续烧散煤，先把花费控制住,1,暂时继续用散煤,暂时继续用散煤,,,,,,,2.3,1500,0,88,3.097,no,不愿意,,,,,,先观望,75,A_全部完成,纳入分析样本（全部完成，n=20 之一）。农户流程：已结束模拟并提交 post-survey（不要求 Q1/Q2）。
401f27b7-0b0e-45b8-9fac-73b86fcc6935,2026-07-04T22:21:08.258257,2026-07-04T22:21:09.695113,未煤改农户,威县,5,65000,4000,140,1500,,,,"[""初始化：身份=未煤改农户（威县），常住人口=5人，方式=散煤炉，收入=65000，煤改前取暖费=1500，二氧化碳=3.097 吨，排放达标度=88 分。""]",,,,,,,,,,,,,,,,,,,,,,,,,,,,,,,,,,,,,,,,,,,,,,,,,,,,,,,,2.3,3.097,,,,,,,,,,,,,,,,,,,,,,,,,1,C_需清洗,建议清洗或排除出主分析：会话时长不足30秒（1s），难以视为有效体验；模拟未结束（无 ended_at），行为与结局数据不完整
