{"type":"FeatureCollection","features":[{"type":"Feature","properties":{"name_en":"San Bernardino","name_zh":"圣贝纳迪诺","iso3":"USA","adm1_name":"California","scalerank":4},"geometry":{"type":"Point","coordinates":[-117.302,34.122]}},{"type":"Feature","properties":{"name_en":"Bridgeport","name_zh":"布里奇波特","iso3":"USA","adm1_name":"Connecticut","scalerank":4},"geometry":{"type":"Point","coordinates":[-73.202,41.182]}},{"type":"Feature","properties":{"name_en":"Rochester","name_zh":"羅徹斯特","iso3":"USA","adm1_name":"New York","scalerank":4},"geometry":{"type":"Point","coordinates":[-77.622,43.172]}},{"type":"Feature","properties":{"name_en":"Manchester","name_zh":"曼彻斯特","iso3":"GBR","adm1_name":"Manchester","scalerank":4},"geometry":{"type":"Point","coordinates":[-2.249,53.475]}},{"type":"Feature","properties":{"name_en":"Gujranwala","name_zh":"古吉兰瓦拉","iso3":"PAK","adm1_name":"Punjab","scalerank":4},"geometry":{"type":"Point","coordinates":[74.183,32.162]}},{"type":"Feature","properties":{"name_en":"Incheon","name_zh":"仁川廣域","iso3":"KOR","adm1_name":"Inch'on-gwangyoksi","scalerank":4},"geometry":{"type":"Point","coordinates":[126.64,37.478]}},{"type":"Feature","properties":{"name_en":"Benin City","name_zh":"贝宁城","iso3":"NGA","adm1_name":"Edo","scalerank":4},"geometry":{"type":"Point","coordinates":[5.618,6.342]}},{"type":"Feature","properties":{"name_en":"Xiamen","name_zh":"厦门","iso3":"CHN","adm1_name":"Fujian","scalerank":4},"geometry":{"type":"Point","coordinates":[118.078,24.452]}},{"type":"Feature","properties":{"name_en":"Nanchong","name_zh":"南充","iso3":"CHN","adm1_name":"Sichuan","scalerank":4},"geometry":{"type":"Point","coordinates":[106.128,30.782]}},{"type":"Feature","properties":{"name_en":"Neijiang","name_zh":"内江","iso3":"CHN","adm1_name":"Sichuan","scalerank":4},"geometry":{"type":"Point","coordinates":[105.048,29.582]}},{"type":"Feature","properties":{"name_en":"Nanyang","name_zh":"南阳","iso3":"CHN","adm1_name":"Henan","scalerank":4},"geometry":{"type":"Point","coordinates":[112.528,33.002]}},{"type":"Feature","properties":{"name_en":"Lianshan","name_zh":"锦溪","iso3":"CHN","adm1_name":"Liaoning","scalerank":4},"geometry":{"type":"Point","coordinates":[120.828,40.752]}},{"type":"Feature","properties":{"name_en":"Yantai","name_zh":"烟台","iso3":"CHN","adm1_name":"Shandong","scalerank":4},"geometry":{"type":"Point","coordinates":[121.398,37.532]}},{"type":"Feature","properties":{"name_en":"Zaozhuang","name_zh":"枣庄","iso3":"CHN","adm1_name":"Shandong","scalerank":4},"geometry":{"type":"Point","coordinates":[117.568,34.882]}},{"type":"Feature","properties":{"name_en":"Suzhou","name_zh":"苏州","iso3":"CHN","adm1_name":"Jiangsu","scalerank":4},"geometry":{"type":"Point","coordinates":[120.618,31.302]}},{"type":"Feature","properties":{"name_en":"Xuzhou","name_zh":"徐州","iso3":"CHN","adm1_name":"Jiangsu","scalerank":4},"geometry":{"type":"Point","coordinates":[117.178,34.282]}},{"type":"Feature","properties":{"name_en":"Wuxi","name_zh":"无锡","iso3":"CHN","adm1_name":"Jiangsu","scalerank":4},"geometry":{"type":"Point","coordinates":[120.298,31.582]}},{"type":"Feature","properties":{"name_en":"Jilin City","name_zh":"吉林","iso3":"CHN","adm1_name":"Jilin","scalerank":4},"geometry":{"type":"Point","coordinates":[126.548,43.852]}},{"type":"Feature","properties":{"name_en":"Chandigarh","name_zh":"昌迪加尔","iso3":"IND","adm1_name":"Chandigarh","scalerank":4},"geometry":{"type":"Point","coordinates":[76.778,30.722]}},{"type":"Feature","properties":{"name_en":"Jammu","name_zh":"查谟","iso3":"IND","adm1_name":"Jammu and Kashmir","scalerank":4},"geometry":{"type":"Point","coordinates":[74.845,32.714]}},{"type":"Feature","properties":{"name_en":"Solapur","name_zh":"索拉普","iso3":"IND","adm1_name":"Maharashtra","scalerank":4},"geometry":{"type":"Point","coordinates":[75.898,17.672]}},{"type":"Feature","properties":{"name_en":"Aurangabad","name_zh":"奥郎加巴德","iso3":"IND","adm1_name":"Maharashtra","scalerank":4},"geometry":{"type":"Point","coordinates":[75.329,19.862]}},{"type":"Feature","properties":{"name_en":"Nashik","name_zh":"纳西克","iso3":"IND","adm1_name":"Maharashtra","scalerank":4},"geometry":{"type":"Point","coordinates":[73.778,20.002]}},{"type":"Feature","properties":{"name_en":"Dispur","name_zh":"第斯普尔","iso3":"IND","adm1_name":"Assam","scalerank":4},"geometry":{"type":"Point","coordinates":[91.767,26.144]}},{"type":"Feature","properties":{"name_en":"Jalandhar","name_zh":"贾朗达尔","iso3":"IND","adm1_name":"Punjab","scalerank":4},"geometry":{"type":"Point","coordinates":[75.567,31.337]}},{"type":"Feature","properties":{"name_en":"Allahabad","name_zh":"安拉阿巴德","iso3":"IND","adm1_name":"Uttar Pradesh","scalerank":4},"geometry":{"type":"Point","coordinates":[81.838,25.457]}},{"type":"Feature","properties":{"name_en":"Muradabad","name_zh":"莫拉达巴德","iso3":"IND","adm1_name":"Uttar Pradesh","scalerank":4},"geometry":{"type":"Point","coordinates":[78.755,28.844]}},{"type":"Feature","properties":{"name_en":"Ghaziabad","name_zh":"加济阿巴德","iso3":"IND","adm1_name":"Uttar Pradesh","scalerank":4},"geometry":{"type":"Point","coordinates":[77.406,28.662]}},{"type":"Feature","properties":{"name_en":"Agra","name_zh":"阿格拉","iso3":"IND","adm1_name":"Uttar Pradesh","scalerank":4},"geometry":{"type":"Point","coordinates":[78.013,27.172]}},{"type":"Feature","properties":{"name_en":"Aligarh","name_zh":"阿里格尔","iso3":"IND","adm1_name":"Uttar Pradesh","scalerank":4},"geometry":{"type":"Point","coordinates":[78.06,27.894]}},{"type":"Feature","properties":{"name_en":"Meerut","name_zh":"密拉特","iso3":"IND","adm1_name":"Uttar Pradesh","scalerank":4},"geometry":{"type":"Point","coordinates":[77.698,29.002]}},{"type":"Feature","properties":{"name_en":"Dhanbad","name_zh":"丹巴德","iso3":"IND","adm1_name":"Jharkhand","scalerank":4},"geometry":{"type":"Point","coordinates":[86.418,23.802]}},{"type":"Feature","properties":{"name_en":"Gwalior","name_zh":"瓜廖尔","iso3":"IND","adm1_name":"Madhya Pradesh","scalerank":4},"geometry":{"type":"Point","coordinates":[78.169,26.2]}},{"type":"Feature","properties":{"name_en":"Vadodara","name_zh":"瓦多达拉","iso3":"IND","adm1_name":"Dadra and Nagar Haveli","scalerank":4},"geometry":{"type":"Point","coordinates":[73.178,22.312]}},{"type":"Feature","properties":{"name_en":"Rajkot","name_zh":"莱科特","iso3":"IND","adm1_name":"Dadra and Nagar Haveli","scalerank":4},"geometry":{"type":"Point","coordinates":[70.798,22.312]}},{"type":"Feature","properties":{"name_en":"Durazno","name_zh":"杜拉斯诺","iso3":"URY","adm1_name":"Durazno","scalerank":4},"geometry":{"type":"Point","coordinates":[-56.51,-33.41]}},{"type":"Feature","properties":{"name_en":"International Falls","name_zh":"国际瀑布城","iso3":"USA","adm1_name":"Minnesota","scalerank":4},"geometry":{"type":"Point","coordinates":[-93.411,48.601]}},{"type":"Feature","properties":{"name_en":"Saint Paul","name_zh":"圣保罗","iso3":"USA","adm1_name":"Minnesota","scalerank":4},"geometry":{"type":"Point","coordinates":[-93.085,44.944]}},{"type":"Feature","properties":{"name_en":"Billings","name_zh":"比灵斯","iso3":"USA","adm1_name":"Montana","scalerank":4},"geometry":{"type":"Point","coordinates":[-108.54,45.788]}},{"type":"Feature","properties":{"name_en":"Great Falls","name_zh":"大瀑布城","iso3":"USA","adm1_name":"Montana","scalerank":4},"geometry":{"type":"Point","coordinates":[-111.3,47.5]}},{"type":"Feature","properties":{"name_en":"Missoula","name_zh":"米苏拉","iso3":"USA","adm1_name":"Montana","scalerank":4},"geometry":{"type":"Point","coordinates":[-113.993,46.872]}},{"type":"Feature","properties":{"name_en":"Minot","name_zh":"迈诺特","iso3":"USA","adm1_name":"North Dakota","scalerank":4},"geometry":{"type":"Point","coordinates":[-101.296,48.232]}},{"type":"Feature","properties":{"name_en":"Fargo","name_zh":"法戈","iso3":"USA","adm1_name":"North Dakota","scalerank":4},"geometry":{"type":"Point","coordinates":[-96.789,46.877]}},{"type":"Feature","properties":{"name_en":"Hilo","name_zh":"希洛","iso3":"USA","adm1_name":"Hawaii","scalerank":4},"geometry":{"type":"Point","coordinates":[-155.082,19.706]}},{"type":"Feature","properties":{"name_en":"Olympia","name_zh":"奥林匹亚","iso3":"USA","adm1_name":"Washington","scalerank":4},"geometry":{"type":"Point","coordinates":[-122.899,47.038]}},{"type":"Feature","properties":{"name_en":"Spokane","name_zh":"斯波坎","iso3":"USA","adm1_name":"Washington","scalerank":4},"geometry":{"type":"Point","coordinates":[-117.42,47.67]}},{"type":"Feature","properties":{"name_en":"Vancouver","name_zh":"温哥华","iso3":"USA","adm1_name":"Washington","scalerank":4},"geometry":{"type":"Point","coordinates":[-122.64,45.63]}},{"type":"Feature","properties":{"name_en":"Flagstaff","name_zh":"弗拉格斯塔夫","iso3":"USA","adm1_name":"Arizona","scalerank":4},"geometry":{"type":"Point","coordinates":[-111.651,35.198]}},{"type":"Feature","properties":{"name_en":"Tucson","name_zh":"图森","iso3":"USA","adm1_name":"Arizona","scalerank":4},"geometry":{"type":"Point","coordinates":[-110.892,32.207]}},{"type":"Feature","properties":{"name_en":"Santa Barbara","name_zh":"圣巴巴拉","iso3":"USA","adm1_name":"California","scalerank":4},"geometry":{"type":"Point","coordinates":[-119.717,34.411]}},{"type":"Feature","properties":{"name_en":"Fresno","name_zh":"弗雷斯诺","iso3":"USA","adm1_name":"California","scalerank":4},"geometry":{"type":"Point","coordinates":[-119.773,36.748]}},{"type":"Feature","properties":{"name_en":"Eureka","name_zh":"尤里卡","iso3":"USA","adm1_name":"California","scalerank":4},"geometry":{"type":"Point","coordinates":[-124.15,40.793]}},{"type":"Feature","properties":{"name_en":"Colorado Springs","name_zh":"科罗拉多斯普林斯","iso3":"USA","adm1_name":"Colorado","scalerank":4},"geometry":{"type":"Point","coordinates":[-104.792,38.863]}},{"type":"Feature","properties":{"name_en":"Reno","name_zh":"雷諾","iso3":"USA","adm1_name":"Nevada","scalerank":4},"geometry":{"type":"Point","coordinates":[-119.82,39.53]}},{"type":"Feature","properties":{"name_en":"Elko","name_zh":"埃尔科","iso3":"USA","adm1_name":"Nevada","scalerank":4},"geometry":{"type":"Point","coordinates":[-115.762,40.833]}},{"type":"Feature","properties":{"name_en":"Albuquerque","name_zh":"阿尔伯克基","iso3":"USA","adm1_name":"New Mexico","scalerank":4},"geometry":{"type":"Point","coordinates":[-106.641,35.105]}},{"type":"Feature","properties":{"name_en":"Salem","name_zh":"塞勒姆","iso3":"USA","adm1_name":"Oregon","scalerank":4},"geometry":{"type":"Point","coordinates":[-123.024,44.928]}},{"type":"Feature","properties":{"name_en":"Casper","name_zh":"卡斯珀","iso3":"USA","adm1_name":"Wyoming","scalerank":4},"geometry":{"type":"Point","coordinates":[-106.323,42.847]}},{"type":"Feature","properties":{"name_en":"Topeka","name_zh":"托皮卡","iso3":"USA","adm1_name":"Kansas","scalerank":4},"geometry":{"type":"Point","coordinates":[-95.67,39.05]}},{"type":"Feature","properties":{"name_en":"Kansas City","name_zh":"堪萨斯城","iso3":"USA","adm1_name":"Missouri","scalerank":4},"geometry":{"type":"Point","coordinates":[-94.606,39.109]}},{"type":"Feature","properties":{"name_en":"Tulsa","name_zh":"塔尔萨","iso3":"USA","adm1_name":"Oklahoma","scalerank":4},"geometry":{"type":"Point","coordinates":[-95.93,36.12]}},{"type":"Feature","properties":{"name_en":"Sioux Falls","name_zh":"苏瀑","iso3":"USA","adm1_name":"South Dakota","scalerank":4},"geometry":{"type":"Point","coordinates":[-96.73,43.55]}},{"type":"Feature","properties":{"name_en":"Shreveport","name_zh":"什里夫波特","iso3":"USA","adm1_name":"Louisiana","scalerank":4},"geometry":{"type":"Point","coordinates":[-93.77,32.5]}},{"type":"Feature","properties":{"name_en":"Baton Rouge","name_zh":"巴吞魯日","iso3":"USA","adm1_name":"Louisiana","scalerank":4},"geometry":{"type":"Point","coordinates":[-91.14,30.458]}},{"type":"Feature","properties":{"name_en":"Fort Worth","name_zh":"沃思堡","iso3":"USA","adm1_name":"Texas","scalerank":4},"geometry":{"type":"Point","coordinates":[-97.34,32.74]}},{"type":"Feature","properties":{"name_en":"Corpus Christi","name_zh":"科珀斯克里斯蒂","iso3":"USA","adm1_name":"Texas","scalerank":4},"geometry":{"type":"Point","coordinates":[-97.402,27.743]}},{"type":"Feature","properties":{"name_en":"Austin","name_zh":"奥斯汀","iso3":"USA","adm1_name":"Texas","scalerank":4},"geometry":{"type":"Point","coordinates":[-97.745,30.269]}},{"type":"Feature","properties":{"name_en":"Amarillo","name_zh":"阿马里洛","iso3":"USA","adm1_name":"Texas","scalerank":4},"geometry":{"type":"Point","coordinates":[-101.83,35.23]}},{"type":"Feature","properties":{"name_en":"El Paso","name_zh":"艾尔帕索","iso3":"USA","adm1_name":"Texas","scalerank":4},"geometry":{"type":"Point","coordinates":[-106.512,31.782]}},{"type":"Feature","properties":{"name_en":"Laredo","name_zh":"拉雷多","iso3":"USA","adm1_name":"Texas","scalerank":4},"geometry":{"type":"Point","coordinates":[-99.507,27.506]}},{"type":"Feature","properties":{"name_en":"Mérida","name_zh":"梅里達","iso3":"VEN","adm1_name":"Mérida","scalerank":4},"geometry":{"type":"Point","coordinates":[-71.183,8.57]}},{"type":"Feature","properties":{"name_en":"Burlington","name_zh":"南柏林頓","iso3":"USA","adm1_name":"Vermont","scalerank":4},"geometry":{"type":"Point","coordinates":[-73.212,44.476]}},{"type":"Feature","properties":{"name_en":"Montgomery","name_zh":"蒙哥马利","iso3":"USA","adm1_name":"Alabama","scalerank":4},"geometry":{"type":"Point","coordinates":[-86.279,32.362]}},{"type":"Feature","properties":{"name_en":"Tallahassee","name_zh":"塔拉赫西","iso3":"USA","adm1_name":"Florida","scalerank":4},"geometry":{"type":"Point","coordinates":[-84.28,30.45]}},{"type":"Feature","properties":{"name_en":"Orlando","name_zh":"奥兰多","iso3":"USA","adm1_name":"Florida","scalerank":4},"geometry":{"type":"Point","coordinates":[-81.382,28.512]}},{"type":"Feature","properties":{"name_en":"Jacksonville","name_zh":"杰克逊维尔","iso3":"USA","adm1_name":"Florida","scalerank":4},"geometry":{"type":"Point","coordinates":[-81.672,30.332]}},{"type":"Feature","properties":{"name_en":"Savannah","name_zh":"萨凡纳","iso3":"USA","adm1_name":"Georgia","scalerank":4},"geometry":{"type":"Point","coordinates":[-81.11,32.021]}},{"type":"Feature","properties":{"name_en":"Columbia","name_zh":"哥伦比亚","iso3":"USA","adm1_name":"South Carolina","scalerank":4},"geometry":{"type":"Point","coordinates":[-81.031,33.997]}},{"type":"Feature","properties":{"name_en":"Indianapolis","name_zh":"印第安纳波利斯","iso3":"USA","adm1_name":"Indiana","scalerank":4},"geometry":{"type":"Point","coordinates":[-86.172,39.752]}},{"type":"Feature","properties":{"name_en":"Wilmington","name_zh":"威尔明顿","iso3":"USA","adm1_name":"North Carolina","scalerank":4},"geometry":{"type":"Point","coordinates":[-77.945,34.226]}},{"type":"Feature","properties":{"name_en":"Knoxville","name_zh":"诺克斯维尔","iso3":"USA","adm1_name":"Tennessee","scalerank":4},"geometry":{"type":"Point","coordinates":[-83.92,35.97]}},{"type":"Feature","properties":{"name_en":"Richmond","name_zh":"里士满","iso3":"USA","adm1_name":"Virginia","scalerank":4},"geometry":{"type":"Point","coordinates":[-77.452,37.552]}},{"type":"Feature","properties":{"name_en":"Charleston","name_zh":"查尔斯顿","iso3":"USA","adm1_name":"West Virginia","scalerank":4},"geometry":{"type":"Point","coordinates":[-81.633,38.35]}},{"type":"Feature","properties":{"name_en":"Baltimore","name_zh":"巴尔的摩","iso3":"USA","adm1_name":"Maryland","scalerank":4},"geometry":{"type":"Point","coordinates":[-76.615,39.282]}},{"type":"Feature","properties":{"name_en":"Syracuse","name_zh":"锡拉丘兹","iso3":"USA","adm1_name":"New York","scalerank":4},"geometry":{"type":"Point","coordinates":[-76.15,43.05]}},{"type":"Feature","properties":{"name_en":"Puerto Ayacucho","name_zh":"阿亞庫喬港","iso3":"VEN","adm1_name":"Amazonas","scalerank":4},"geometry":{"type":"Point","coordinates":[-67.624,5.664]}},{"type":"Feature","properties":{"name_en":"Port of Spain","name_zh":"西班牙港","iso3":"TTO","adm1_name":"Port of Spain","scalerank":4},"geometry":{"type":"Point","coordinates":[-61.517,10.652]}},{"type":"Feature","properties":{"name_en":"Augusta","name_zh":"奥古斯塔","iso3":"USA","adm1_name":"Maine","scalerank":4},"geometry":{"type":"Point","coordinates":[-69.78,44.311]}},{"type":"Feature","properties":{"name_en":"Sault Ste. Marie","name_zh":"苏圣玛丽","iso3":"USA","adm1_name":"Michigan","scalerank":4},"geometry":{"type":"Point","coordinates":[-84.345,46.495]}},{"type":"Feature","properties":{"name_en":"Atakpamé","name_zh":"阿塔帕梅","iso3":"TGO","adm1_name":"Plateaux","scalerank":4},"geometry":{"type":"Point","coordinates":[1.12,7.53]}},{"type":"Feature","properties":{"name_en":"Sousse","name_zh":"苏塞","iso3":"TUN","adm1_name":"Sousse","scalerank":4},"geometry":{"type":"Point","coordinates":[10.625,35.83]}},{"type":"Feature","properties":{"name_en":"Ta'izz","name_zh":"塔伊兹","iso3":"YEM","adm1_name":"Ta`izz","scalerank":4},"geometry":{"type":"Point","coordinates":[44.037,13.606]}},{"type":"Feature","properties":{"name_en":"Sitka","name_zh":"锡特卡","iso3":"USA","adm1_name":"Alaska","scalerank":4},"geometry":{"type":"Point","coordinates":[-135.328,57.06]}},{"type":"Feature","properties":{"name_en":"Lviv","name_zh":"利沃夫","iso3":"UKR","adm1_name":"L'viv","scalerank":4},"geometry":{"type":"Point","coordinates":[24.03,49.835]}},{"type":"Feature","properties":{"name_en":"Odessa","name_zh":"敖德萨","iso3":"UKR","adm1_name":"Odessa","scalerank":4},"geometry":{"type":"Point","coordinates":[30.708,46.492]}},{"type":"Feature","properties":{"name_en":"Zhytomyr","name_zh":"日托米尔","iso3":"UKR","adm1_name":"Zhytomyr","scalerank":4},"geometry":{"type":"Point","coordinates":[28.662,50.246]}},{"type":"Feature","properties":{"name_en":"Dnipro","name_zh":"第聂伯罗","iso3":"UKR","adm1_name":"Dnipropetrovs'k","scalerank":4},"geometry":{"type":"Point","coordinates":[34.998,48.482]}},{"type":"Feature","properties":{"name_en":"Donetsk","name_zh":"顿涅茨克","iso3":"UKR","adm1_name":"Donets'k","scalerank":4},"geometry":{"type":"Point","coordinates":[37.828,48.002]}},{"type":"Feature","properties":{"name_en":"Kharkiv","name_zh":"哈尔科夫","iso3":"UKR","adm1_name":"Kharkiv","scalerank":4},"geometry":{"type":"Point","coordinates":[36.248,50.002]}},{"type":"Feature","properties":{"name_en":"Türkmenbaşy","name_zh":"土库曼巴希","iso3":"TKM","adm1_name":"Balkan","scalerank":4},"geometry":{"type":"Point","coordinates":[52.97,40.023]}},{"type":"Feature","properties":{"name_en":"Bukhara","name_zh":"布哈拉","iso3":"UZB","adm1_name":"Bukhoro","scalerank":4},"geometry":{"type":"Point","coordinates":[64.43,39.78]}},{"type":"Feature","properties":{"name_en":"Nukus","name_zh":"努库斯","iso3":"UZB","adm1_name":"Karakalpakstan","scalerank":4},"geometry":{"type":"Point","coordinates":[59.615,42.47]}},{"type":"Feature","properties":{"name_en":"Türkmenabat","name_zh":"土库曼纳巴德","iso3":"TKM","adm1_name":"Chardzhou","scalerank":4},"geometry":{"type":"Point","coordinates":[63.58,39.11]}},{"type":"Feature","properties":{"name_en":"Mary","name_zh":"马雷","iso3":"TKM","adm1_name":"Mary","scalerank":4},"geometry":{"type":"Point","coordinates":[61.833,37.6]}},{"type":"Feature","properties":{"name_en":"Andijan","name_zh":"安集延","iso3":"UZB","adm1_name":"Andijon","scalerank":4},"geometry":{"type":"Point","coordinates":[72.34,40.79]}},{"type":"Feature","properties":{"name_en":"Haiphong","name_zh":"海防","iso3":"VNM","adm1_name":"Qu?ng Ninh","scalerank":4},"geometry":{"type":"Point","coordinates":[106.678,20.832]}},{"type":"Feature","properties":{"name_en":"Da Nang","name_zh":"岘港","iso3":"VNM","adm1_name":"Ðà N?ng","scalerank":4},"geometry":{"type":"Point","coordinates":[108.25,16.06]}},{"type":"Feature","properties":{"name_en":"Kabwe","name_zh":"卡布韦","iso3":"ZMB","adm1_name":"Central","scalerank":4},"geometry":{"type":"Point","coordinates":[28.45,-14.44]}},{"type":"Feature","properties":{"name_en":"Mufulira","name_zh":"穆富利拉","iso3":"ZMB","adm1_name":"Copperbelt","scalerank":4},"geometry":{"type":"Point","coordinates":[28.26,-12.55]}},{"type":"Feature","properties":{"name_en":"Kitwe","name_zh":"基特韦","iso3":"ZMB","adm1_name":"Copperbelt","scalerank":4},"geometry":{"type":"Point","coordinates":[28.22,-12.81]}},{"type":"Feature","properties":{"name_en":"Livingstone","name_zh":"利文斯顿","iso3":"ZMB","adm1_name":"Southern","scalerank":4},"geometry":{"type":"Point","coordinates":[25.86,-17.86]}},{"type":"Feature","properties":{"name_en":"Chitungwiza","name_zh":"奇通圭扎","iso3":"ZWE","adm1_name":"Harare","scalerank":4},"geometry":{"type":"Point","coordinates":[31.1,-18.0]}},{"type":"Feature","properties":{"name_en":"Douala","name_zh":"杜阿拉","iso3":"CMR","adm1_name":"Littoral","scalerank":4},"geometry":{"type":"Point","coordinates":[9.708,4.062]}},{"type":"Feature","properties":{"name_en":"Birmingham","name_zh":"伯明翰","iso3":"GBR","adm1_name":"West Midlands","scalerank":4},"geometry":{"type":"Point","coordinates":[-1.922,52.477]}},{"type":"Feature","properties":{"name_en":"Belfast","name_zh":"贝尔法斯特","iso3":"GBR","adm1_name":"Belfast","scalerank":4},"geometry":{"type":"Point","coordinates":[-5.928,54.594]}},{"type":"Feature","properties":{"name_en":"İzmir","name_zh":"伊兹密尔","iso3":"TUR","adm1_name":"Izmir","scalerank":4},"geometry":{"type":"Point","coordinates":[27.15,38.438]}},{"type":"Feature","properties":{"name_en":"Bursa","name_zh":"布尔萨","iso3":"TUR","adm1_name":"Bursa","scalerank":4},"geometry":{"type":"Point","coordinates":[29.068,40.202]}},{"type":"Feature","properties":{"name_en":"Samsun","name_zh":"萨姆松","iso3":"TUR","adm1_name":"Samsun","scalerank":4},"geometry":{"type":"Point","coordinates":[36.344,41.28]}},{"type":"Feature","properties":{"name_en":"Konya","name_zh":"科尼亚","iso3":"TUR","adm1_name":"Konya","scalerank":4},"geometry":{"type":"Point","coordinates":[32.473,37.877]}},{"type":"Feature","properties":{"name_en":"Adana","name_zh":"阿达纳","iso3":"TUR","adm1_name":"Adana","scalerank":4},"geometry":{"type":"Point","coordinates":[35.318,36.997]}},{"type":"Feature","properties":{"name_en":"Gulu","name_zh":"古盧","iso3":"UGA","adm1_name":"Aswa","scalerank":4},"geometry":{"type":"Point","coordinates":[32.28,2.78]}},{"type":"Feature","properties":{"name_en":"Kigali","name_zh":"吉佳利","iso3":"RWA","adm1_name":"Kigali City","scalerank":4},"geometry":{"type":"Point","coordinates":[30.059,-1.952]}},{"type":"Feature","properties":{"name_en":"Cottica","name_zh":"科蒂卡","iso3":"SUR","adm1_name":"Sipaliwini","scalerank":4},"geometry":{"type":"Point","coordinates":[-54.233,3.85]}},{"type":"Feature","properties":{"name_en":"Córdoba","name_zh":"科尔多瓦","iso3":"ESP","adm1_name":"Andalucía","scalerank":4},"geometry":{"type":"Point","coordinates":[-4.77,37.88]}},{"type":"Feature","properties":{"name_en":"Niamey","name_zh":"马拉迪","iso3":"NER","adm1_name":"Maradi","scalerank":4},"geometry":{"type":"Point","coordinates":[7.096,13.492]}},{"type":"Feature","properties":{"name_en":"Tahoua","name_zh":"塔瓦","iso3":"NER","adm1_name":"Tahoua","scalerank":4},"geometry":{"type":"Point","coordinates":[5.26,14.9]}},{"type":"Feature","properties":{"name_en":"Constanța","name_zh":"康斯坦察","iso3":"ROU","adm1_name":"Constanta","scalerank":4},"geometry":{"type":"Point","coordinates":[28.61,44.203]}},{"type":"Feature","properties":{"name_en":"Luleå","name_zh":"吕勒奥","iso3":"SWE","adm1_name":"Norrbotten","scalerank":4},"geometry":{"type":"Point","coordinates":[22.158,65.597]}},{"type":"Feature","properties":{"name_en":"Sundsvall","name_zh":"松玆瓦爾","iso3":"SWE","adm1_name":"Västernorrland","scalerank":4},"geometry":{"type":"Point","coordinates":[17.317,62.4]}},{"type":"Feature","properties":{"name_en":"Iași","name_zh":"雅西","iso3":"ROU","adm1_name":"Iasi","scalerank":4},"geometry":{"type":"Point","coordinates":[27.575,47.168]}},{"type":"Feature","properties":{"name_en":"Surat Thani","name_zh":"素叻他尼","iso3":"THA","adm1_name":"Surat Thani","scalerank":4},"geometry":{"type":"Point","coordinates":[99.34,9.15]}},{"type":"Feature","properties":{"name_en":"Chiang Mai","name_zh":"清迈","iso3":"THA","adm1_name":"Chiang Mai","scalerank":4},"geometry":{"type":"Point","coordinates":[98.98,18.8]}},{"type":"Feature","properties":{"name_en":"Nakhon Ratchasima","name_zh":"那空叻差是玛","iso3":"THA","adm1_name":"Nakhon Ratchasima","scalerank":4},"geometry":{"type":"Point","coordinates":[102.1,15.0]}},{"type":"Feature","properties":{"name_en":"Mbabane","name_zh":"墨巴本","iso3":"SWZ","adm1_name":"Hhohho","scalerank":4},"geometry":{"type":"Point","coordinates":[31.133,-26.317]}},{"type":"Feature","properties":{"name_en":"Piura","name_zh":"皮乌拉","iso3":"PER","adm1_name":"Piura","scalerank":4},"geometry":{"type":"Point","coordinates":[-80.63,-5.21]}},{"type":"Feature","properties":{"name_en":"Arequipa","name_zh":"阿雷基帕","iso3":"PER","adm1_name":"Arequipa","scalerank":4},"geometry":{"type":"Point","coordinates":[-71.532,-16.418]}},{"type":"Feature","properties":{"name_en":"Chimbote","name_zh":"钦博特","iso3":"PER","adm1_name":"Ancash","scalerank":4},"geometry":{"type":"Point","coordinates":[-78.57,-9.07]}},{"type":"Feature","properties":{"name_en":"Pucallpa","name_zh":"普兰尔帕","iso3":"PER","adm1_name":"Ucayali","scalerank":4},"geometry":{"type":"Point","coordinates":[-74.535,-8.369]}},{"type":"Feature","properties":{"name_en":"Iquitos","name_zh":"伊基托斯","iso3":"PER","adm1_name":"Loreto","scalerank":4},"geometry":{"type":"Point","coordinates":[-73.25,-3.75]}},{"type":"Feature","properties":{"name_en":"Huancayo","name_zh":"万卡约","iso3":"PER","adm1_name":"Junín","scalerank":4},"geometry":{"type":"Point","coordinates":[-75.2,-12.08]}},{"type":"Feature","properties":{"name_en":"Ciudad del Este","name_zh":"东方","iso3":"PRY","adm1_name":"Alto Paran","scalerank":4},"geometry":{"type":"Point","coordinates":[-54.616,-25.517]}},{"type":"Feature","properties":{"name_en":"Ponta Delgada","name_zh":"蓬塔德尔加达","iso3":"PRT","adm1_name":"Azores","scalerank":4},"geometry":{"type":"Point","coordinates":[-25.667,37.748]}},{"type":"Feature","properties":{"name_en":"Vigo","name_zh":"维戈","iso3":"ESP","adm1_name":"Galicia","scalerank":4},"geometry":{"type":"Point","coordinates":[-8.73,42.22]}},{"type":"Feature","properties":{"name_en":"Bilbao","name_zh":"毕尔巴鄂","iso3":"ESP","adm1_name":"País Vasco","scalerank":4},"geometry":{"type":"Point","coordinates":[-2.93,43.25]}},{"type":"Feature","properties":{"name_en":"Kaolack","name_zh":"考拉克","iso3":"SEN","adm1_name":"Kaolack","scalerank":4},"geometry":{"type":"Point","coordinates":[-16.1,14.15]}},{"type":"Feature","properties":{"name_en":"Kaédi","name_zh":"卡埃迪","iso3":"SEN","adm1_name":"Matam","scalerank":4},"geometry":{"type":"Point","coordinates":[-13.5,16.15]}},{"type":"Feature","properties":{"name_en":"Geneina","name_zh":"朱奈纳","iso3":"SDN","adm1_name":"West Darfur","scalerank":4},"geometry":{"type":"Point","coordinates":[22.44,13.45]}},{"type":"Feature","properties":{"name_en":"Medina","name_zh":"麦地那","iso3":"SAU","adm1_name":"Al Madinah","scalerank":4},"geometry":{"type":"Point","coordinates":[39.578,24.502]}},{"type":"Feature","properties":{"name_en":"Tabuk","name_zh":"塔布克","iso3":"SAU","adm1_name":"Tabuk","scalerank":4},"geometry":{"type":"Point","coordinates":[36.555,28.384]}},{"type":"Feature","properties":{"name_en":"Juba","name_zh":"朱巴","iso3":"SSD","adm1_name":"Central Equatoria","scalerank":4},"geometry":{"type":"Point","coordinates":[31.58,4.83]}},{"type":"Feature","properties":{"name_en":"Malakal","name_zh":"马拉卡尔","iso3":"SSD","adm1_name":"Upper Nile","scalerank":4},"geometry":{"type":"Point","coordinates":[31.656,9.537]}},{"type":"Feature","properties":{"name_en":"Omdurman","name_zh":"恩图曼","iso3":"SDN","adm1_name":"Khartoum","scalerank":4},"geometry":{"type":"Point","coordinates":[32.48,15.617]}},{"type":"Feature","properties":{"name_en":"Al-Ubayyid","name_zh":"欧拜伊德","iso3":"SDN","adm1_name":"North Kurdufan","scalerank":4},"geometry":{"type":"Point","coordinates":[30.217,13.183]}},{"type":"Feature","properties":{"name_en":"The Hague","name_zh":"海牙","iso3":"NLD","adm1_name":"Zuid-Holland","scalerank":4},"geometry":{"type":"Point","coordinates":[4.27,52.08]}},{"type":"Feature","properties":{"name_en":"Kristiansand","name_zh":"克里斯蒂安桑","iso3":"NOR","adm1_name":"Vest-Agder","scalerank":4},"geometry":{"type":"Point","coordinates":[7.975,58.146]}},{"type":"Feature","properties":{"name_en":"Ljubljana","name_zh":"卢布尔雅那","iso3":"SVN","adm1_name":"Osrednjeslovenska","scalerank":4},"geometry":{"type":"Point","coordinates":[14.515,46.055]}},{"type":"Feature","properties":{"name_en":"Bratislava","name_zh":"布拉迪斯拉发","iso3":"SVK","adm1_name":"Bratislavský","scalerank":4},"geometry":{"type":"Point","coordinates":[17.117,48.15]}},{"type":"Feature","properties":{"name_en":"Hammerfest","name_zh":"哈默菲斯特","iso3":"NOR","adm1_name":"Finnmark","scalerank":4},"geometry":{"type":"Point","coordinates":[23.688,70.661]}},{"type":"Feature","properties":{"name_en":"Doha","name_zh":"多哈","iso3":"QAT","adm1_name":"Ad Dawhah","scalerank":4},"geometry":{"type":"Point","coordinates":[51.533,25.287]}},{"type":"Feature","properties":{"name_en":"Quetta","name_zh":"奎达","iso3":"PAK","adm1_name":"Baluchistan","scalerank":4},"geometry":{"type":"Point","coordinates":[67.023,30.222]}},{"type":"Feature","properties":{"name_en":"Larkana","name_zh":"拉尔卡纳","iso3":"PAK","adm1_name":"Sind","scalerank":4},"geometry":{"type":"Point","coordinates":[68.207,27.562]}},{"type":"Feature","properties":{"name_en":"Springbok","name_zh":"斯普林博克","iso3":"ZAF","adm1_name":"Northern Cape","scalerank":4},"geometry":{"type":"Point","coordinates":[17.883,-29.667]}},{"type":"Feature","properties":{"name_en":"Upington","name_zh":"乌平通","iso3":"ZAF","adm1_name":"Northern Cape","scalerank":4},"geometry":{"type":"Point","coordinates":[21.23,-28.46]}},{"type":"Feature","properties":{"name_en":"Worcester","name_zh":"伍斯特","iso3":"ZAF","adm1_name":"Western Cape","scalerank":4},"geometry":{"type":"Point","coordinates":[19.44,-33.64]}},{"type":"Feature","properties":{"name_en":"George","name_zh":"喬治","iso3":"ZAF","adm1_name":"Western Cape","scalerank":4},"geometry":{"type":"Point","coordinates":[22.45,-33.95]}},{"type":"Feature","properties":{"name_en":"Tete","name_zh":"太特","iso3":"MOZ","adm1_name":"Tete","scalerank":4},"geometry":{"type":"Point","coordinates":[33.58,-16.17]}},{"type":"Feature","properties":{"name_en":"Pemba","name_zh":"彭巴","iso3":"MOZ","adm1_name":"Cabo Delgado","scalerank":4},"geometry":{"type":"Point","coordinates":[40.532,-12.983]}},{"type":"Feature","properties":{"name_en":"Nampula","name_zh":"楠普拉","iso3":"MOZ","adm1_name":"Nampula","scalerank":4},"geometry":{"type":"Point","coordinates":[39.293,-15.136]}},{"type":"Feature","properties":{"name_en":"Welkom","name_zh":"韦尔科姆","iso3":"ZAF","adm1_name":"Orange Free State","scalerank":4},"geometry":{"type":"Point","coordinates":[26.73,-27.97]}},{"type":"Feature","properties":{"name_en":"Xai-Xai","name_zh":"赛赛","iso3":"MOZ","adm1_name":"Gaza","scalerank":4},"geometry":{"type":"Point","coordinates":[33.64,-25.04]}},{"type":"Feature","properties":{"name_en":"Goroka","name_zh":"戈罗卡","iso3":"PNG","adm1_name":"Eastern Highlands","scalerank":4},"geometry":{"type":"Point","coordinates":[145.385,-6.083]}},{"type":"Feature","properties":{"name_en":"Mount Hagen","name_zh":"芒特哈根","iso3":"PNG","adm1_name":"Western Highlands","scalerank":4},"geometry":{"type":"Point","coordinates":[144.217,-5.863]}},{"type":"Feature","properties":{"name_en":"Rabaul","name_zh":"拉包尔","iso3":"PNG","adm1_name":"East New Britain","scalerank":4},"geometry":{"type":"Point","coordinates":[152.143,-4.205]}},{"type":"Feature","properties":{"name_en":"Lae","name_zh":"莱城","iso3":"PNG","adm1_name":"Morobe","scalerank":4},"geometry":{"type":"Point","coordinates":[146.99,-6.733]}},{"type":"Feature","properties":{"name_en":"David","name_zh":"戴维","iso3":"PAN","adm1_name":"Chiriquí","scalerank":4},"geometry":{"type":"Point","coordinates":[-82.433,8.433]}},{"type":"Feature","properties":{"name_en":"Taza","name_zh":"乌季达","iso3":"MAR","adm1_name":"Oriental","scalerank":4},"geometry":{"type":"Point","coordinates":[-1.91,34.69]}},{"type":"Feature","properties":{"name_en":"Safi","name_zh":"萨非","iso3":"MAR","adm1_name":"Doukkala - Abda","scalerank":4},"geometry":{"type":"Point","coordinates":[-9.24,32.32]}},{"type":"Feature","properties":{"name_en":"Podgorica","name_zh":"波德戈里察","iso3":"MNE","adm1_name":"Podgorica","scalerank":4},"geometry":{"type":"Point","coordinates":[19.266,42.466]}},{"type":"Feature","properties":{"name_en":"Quelimane","name_zh":"克利马内","iso3":"MOZ","adm1_name":"Zambezia","scalerank":4},"geometry":{"type":"Point","coordinates":[36.89,-17.88]}},{"type":"Feature","properties":{"name_en":"East London","name_zh":"东伦敦","iso3":"ZAF","adm1_name":"Eastern Cape","scalerank":4},"geometry":{"type":"Point","coordinates":[27.87,-32.97]}},{"type":"Feature","properties":{"name_en":"Middelburg","name_zh":"米德尔堡","iso3":"ZAF","adm1_name":"Eastern Cape","scalerank":4},"geometry":{"type":"Point","coordinates":[25.01,-31.5]}},{"type":"Feature","properties":{"name_en":"Nalchik","name_zh":"納爾奇克","iso3":"RUS","adm1_name":"Kabardin-Balkar","scalerank":4},"geometry":{"type":"Point","coordinates":[43.618,43.498]}},{"type":"Feature","properties":{"name_en":"Stavropol","name_zh":"斯塔夫罗波尔","iso3":"RUS","adm1_name":"Stavropol'","scalerank":4},"geometry":{"type":"Point","coordinates":[41.98,45.05]}},{"type":"Feature","properties":{"name_en":"Ugolnye Kopi","name_zh":"乌戈尔尼科皮","iso3":"RUS","adm1_name":"Chukchi Autonomous Okrug","scalerank":4},"geometry":{"type":"Point","coordinates":[177.7,64.733]}},{"type":"Feature","properties":{"name_en":"Kaliningrad","name_zh":"加里宁格勒","iso3":"RUS","adm1_name":"Kaliningrad","scalerank":4},"geometry":{"type":"Point","coordinates":[20.497,54.7]}},{"type":"Feature","properties":{"name_en":"Pskov","name_zh":"普斯科夫","iso3":"RUS","adm1_name":"Pskov","scalerank":4},"geometry":{"type":"Point","coordinates":[28.33,57.83]}},{"type":"Feature","properties":{"name_en":"Bryansk","name_zh":"布良斯克","iso3":"RUS","adm1_name":"Bryansk","scalerank":4},"geometry":{"type":"Point","coordinates":[34.43,53.26]}},{"type":"Feature","properties":{"name_en":"Smolensk","name_zh":"斯摩棱斯克","iso3":"RUS","adm1_name":"Smolensk","scalerank":4},"geometry":{"type":"Point","coordinates":[32.047,54.783]}},{"type":"Feature","properties":{"name_en":"Petrozavodsk","name_zh":"彼得罗扎沃茨克","iso3":"RUS","adm1_name":"Karelia","scalerank":4},"geometry":{"type":"Point","coordinates":[34.361,61.781]}},{"type":"Feature","properties":{"name_en":"Tver","name_zh":"特维尔","iso3":"RUS","adm1_name":"Tver'","scalerank":4},"geometry":{"type":"Point","coordinates":[35.89,56.86]}},{"type":"Feature","properties":{"name_en":"Vologda","name_zh":"沃洛格达","iso3":"RUS","adm1_name":"Vologda","scalerank":4},"geometry":{"type":"Point","coordinates":[39.92,59.21]}},{"type":"Feature","properties":{"name_en":"Yaroslavl","name_zh":"雅罗斯拉夫尔","iso3":"RUS","adm1_name":"Yaroslavl'","scalerank":4},"geometry":{"type":"Point","coordinates":[39.87,57.62]}},{"type":"Feature","properties":{"name_en":"Rostov-on-Don","name_zh":"顿河畔罗斯托夫","iso3":"RUS","adm1_name":"Rostov","scalerank":4},"geometry":{"type":"Point","coordinates":[39.711,47.237]}},{"type":"Feature","properties":{"name_en":"Sochi","name_zh":"索契","iso3":"RUS","adm1_name":"Krasnodar","scalerank":4},"geometry":{"type":"Point","coordinates":[39.73,43.59]}},{"type":"Feature","properties":{"name_en":"Krasnodar","name_zh":"克拉斯诺达尔","iso3":"RUS","adm1_name":"Krasnodar","scalerank":4},"geometry":{"type":"Point","coordinates":[39.0,45.02]}},{"type":"Feature","properties":{"name_en":"Penza","name_zh":"奔萨","iso3":"RUS","adm1_name":"Penza","scalerank":4},"geometry":{"type":"Point","coordinates":[45.0,53.18]}},{"type":"Feature","properties":{"name_en":"Ryazan","name_zh":"梁赞","iso3":"RUS","adm1_name":"Ryazan'","scalerank":4},"geometry":{"type":"Point","coordinates":[39.72,54.62]}},{"type":"Feature","properties":{"name_en":"Voronezh","name_zh":"沃罗涅日","iso3":"RUS","adm1_name":"Voronezh","scalerank":4},"geometry":{"type":"Point","coordinates":[39.187,51.665]}},{"type":"Feature","properties":{"name_en":"Magnitogorsk","name_zh":"马格尼托哥尔斯克","iso3":"RUS","adm1_name":"Chelyabinsk","scalerank":4},"geometry":{"type":"Point","coordinates":[58.98,53.423]}},{"type":"Feature","properties":{"name_en":"Chelyabinsk","name_zh":"车里雅宾斯克","iso3":"RUS","adm1_name":"Chelyabinsk","scalerank":4},"geometry":{"type":"Point","coordinates":[61.437,55.157]}},{"type":"Feature","properties":{"name_en":"Vorkuta","name_zh":"沃尔库塔","iso3":"RUS","adm1_name":"Komi","scalerank":4},"geometry":{"type":"Point","coordinates":[64.01,67.5]}},{"type":"Feature","properties":{"name_en":"Kirov","name_zh":"基洛夫","iso3":"RUS","adm1_name":"Kirov","scalerank":4},"geometry":{"type":"Point","coordinates":[49.67,58.59]}},{"type":"Feature","properties":{"name_en":"Nizhny Tagil","name_zh":"下塔吉尔","iso3":"RUS","adm1_name":"Sverdlovsk","scalerank":4},"geometry":{"type":"Point","coordinates":[59.975,57.92]}},{"type":"Feature","properties":{"name_en":"Astrakhan","name_zh":"阿斯特拉罕","iso3":"RUS","adm1_name":"Astrakhan'","scalerank":4},"geometry":{"type":"Point","coordinates":[48.055,46.349]}},{"type":"Feature","properties":{"name_en":"Orenburg","name_zh":"奥伦堡","iso3":"RUS","adm1_name":"Orenburg","scalerank":4},"geometry":{"type":"Point","coordinates":[55.11,51.78]}},{"type":"Feature","properties":{"name_en":"Saratov","name_zh":"萨拉托夫","iso3":"RUS","adm1_name":"Saratov","scalerank":4},"geometry":{"type":"Point","coordinates":[46.028,51.582]}},{"type":"Feature","properties":{"name_en":"Ulyanovsk","name_zh":"乌里扬诺夫斯克","iso3":"RUS","adm1_name":"Ul'yanovsk","scalerank":4},"geometry":{"type":"Point","coordinates":[48.41,54.33]}},{"type":"Feature","properties":{"name_en":"Omsk","name_zh":"鄂木斯克","iso3":"RUS","adm1_name":"Omsk","scalerank":4},"geometry":{"type":"Point","coordinates":[73.398,54.992]}},{"type":"Feature","properties":{"name_en":"Tyumen","name_zh":"秋明","iso3":"RUS","adm1_name":"Tyumen'","scalerank":4},"geometry":{"type":"Point","coordinates":[65.53,57.14]}},{"type":"Feature","properties":{"name_en":"Novokuznetsk","name_zh":"新库兹涅茨克","iso3":"RUS","adm1_name":"Kemerovo","scalerank":4},"geometry":{"type":"Point","coordinates":[87.115,53.75]}},{"type":"Feature","properties":{"name_en":"Kemerovo","name_zh":"克麦罗沃","iso3":"RUS","adm1_name":"Kemerovo","scalerank":4},"geometry":{"type":"Point","coordinates":[86.09,55.34]}},{"type":"Feature","properties":{"name_en":"Grozny","name_zh":"格罗兹尼","iso3":"RUS","adm1_name":"Chechnya","scalerank":4},"geometry":{"type":"Point","coordinates":[45.699,43.319]}},{"type":"Feature","properties":{"name_en":"Kandy","name_zh":"康提","iso3":"LKA","adm1_name":"Kandy","scalerank":4},"geometry":{"type":"Point","coordinates":[80.67,7.28]}},{"type":"Feature","properties":{"name_en":"Sri Jayawardenepura Kotte","name_zh":"斯里贾亚瓦德纳普拉科特","iso3":"LKA","adm1_name":"Colombo","scalerank":4},"geometry":{"type":"Point","coordinates":[79.95,6.9]}},{"type":"Feature","properties":{"name_en":"Daejeon","name_zh":"大田广域","iso3":"KOR","adm1_name":"Daejeon","scalerank":4},"geometry":{"type":"Point","coordinates":[127.423,36.337]}},{"type":"Feature","properties":{"name_en":"Gwangju","name_zh":"光州广域","iso3":"KOR","adm1_name":"Kwangju-gwangyoksi","scalerank":4},"geometry":{"type":"Point","coordinates":[126.908,35.173]}},{"type":"Feature","properties":{"name_en":"Busan","name_zh":"釜山","iso3":"KOR","adm1_name":"Busan","scalerank":4},"geometry":{"type":"Point","coordinates":[129.008,35.097]}},{"type":"Feature","properties":{"name_en":"Zamboanga City","name_zh":"三宝颜","iso3":"PHL","adm1_name":"Zamboanga del Sur","scalerank":4},"geometry":{"type":"Point","coordinates":[122.078,6.922]}},{"type":"Feature","properties":{"name_en":"Laoag","name_zh":"拉瓦格","iso3":"PHL","adm1_name":"Ilocos Norte","scalerank":4},"geometry":{"type":"Point","coordinates":[120.594,18.199]}},{"type":"Feature","properties":{"name_en":"Baguio","name_zh":"碧瑶","iso3":"PHL","adm1_name":"Benguet","scalerank":4},"geometry":{"type":"Point","coordinates":[120.57,16.43]}},{"type":"Feature","properties":{"name_en":"General Santos","name_zh":"三投斯将军","iso3":"PHL","adm1_name":"South Cotabato","scalerank":4},"geometry":{"type":"Point","coordinates":[125.175,6.111]}},{"type":"Feature","properties":{"name_en":"Ust-Ilimsk","name_zh":"乌斯季伊利姆斯克","iso3":"RUS","adm1_name":"Irkutsk","scalerank":4},"geometry":{"type":"Point","coordinates":[102.633,57.99]}},{"type":"Feature","properties":{"name_en":"Angarsk","name_zh":"安加尔斯克","iso3":"RUS","adm1_name":"Irkutsk","scalerank":4},"geometry":{"type":"Point","coordinates":[103.92,52.56]}},{"type":"Feature","properties":{"name_en":"Abakan","name_zh":"阿巴坎","iso3":"RUS","adm1_name":"Krasnoyarsk","scalerank":4},"geometry":{"type":"Point","coordinates":[91.445,53.704]}},{"type":"Feature","properties":{"name_en":"Norilsk","name_zh":"诺里尔斯克","iso3":"RUS","adm1_name":"Taymyr","scalerank":4},"geometry":{"type":"Point","coordinates":[88.225,69.34]}},{"type":"Feature","properties":{"name_en":"Khatanga","name_zh":"哈坦加","iso3":"RUS","adm1_name":"Taymyr","scalerank":4},"geometry":{"type":"Point","coordinates":[102.465,72.041]}},{"type":"Feature","properties":{"name_en":"Kyzyl","name_zh":"克孜勒","iso3":"RUS","adm1_name":"Tuva","scalerank":4},"geometry":{"type":"Point","coordinates":[94.383,51.707]}},{"type":"Feature","properties":{"name_en":"Ulan-Ude","name_zh":"乌兰乌德","iso3":"RUS","adm1_name":"Buryat","scalerank":4},"geometry":{"type":"Point","coordinates":[107.625,51.825]}},{"type":"Feature","properties":{"name_en":"Blagoveshchensk","name_zh":"海兰泡","iso3":"RUS","adm1_name":"Amur","scalerank":4},"geometry":{"type":"Point","coordinates":[127.533,50.267]}},{"type":"Feature","properties":{"name_en":"Bukachacha","name_zh":"布卡恰恰","iso3":"RUS","adm1_name":"Chita","scalerank":4},"geometry":{"type":"Point","coordinates":[116.917,52.983]}},{"type":"Feature","properties":{"name_en":"Dalnegorsk","name_zh":"达利涅戈尔斯克","iso3":"RUS","adm1_name":"Primor'ye","scalerank":4},"geometry":{"type":"Point","coordinates":[135.517,44.537]}},{"type":"Feature","properties":{"name_en":"Ambarchik","name_zh":"安巴奇克","iso3":"RUS","adm1_name":"Sakha (Yakutia)","scalerank":4},"geometry":{"type":"Point","coordinates":[162.334,69.651]}},{"type":"Feature","properties":{"name_en":"Batagay","name_zh":"巴塔蓋","iso3":"RUS","adm1_name":"Sakha (Yakutia)","scalerank":4},"geometry":{"type":"Point","coordinates":[134.635,67.656]}},{"type":"Feature","properties":{"name_en":"Chokurdakh","name_zh":"喬庫爾達赫","iso3":"RUS","adm1_name":"Sakha (Yakutia)","scalerank":4},"geometry":{"type":"Point","coordinates":[147.895,70.618]}},{"type":"Feature","properties":{"name_en":"Ust-Nera","name_zh":"乌斯季涅拉","iso3":"RUS","adm1_name":"Sakha (Yakutia)","scalerank":4},"geometry":{"type":"Point","coordinates":[143.2,64.567]}},{"type":"Feature","properties":{"name_en":"Lensk","name_zh":"连斯克","iso3":"RUS","adm1_name":"Sakha (Yakutia)","scalerank":4},"geometry":{"type":"Point","coordinates":[114.947,60.725]}},{"type":"Feature","properties":{"name_en":"Aldan","name_zh":"阿尔丹","iso3":"RUS","adm1_name":"Sakha (Yakutia)","scalerank":4},"geometry":{"type":"Point","coordinates":[125.389,58.603]}},{"type":"Feature","properties":{"name_en":"Mirny","name_zh":"米尔内","iso3":"RUS","adm1_name":"Sakha (Yakutia)","scalerank":4},"geometry":{"type":"Point","coordinates":[113.961,62.54]}},{"type":"Feature","properties":{"name_en":"Zhigansk","name_zh":"日甘斯克","iso3":"RUS","adm1_name":"Sakha (Yakutia)","scalerank":4},"geometry":{"type":"Point","coordinates":[123.371,66.77]}},{"type":"Feature","properties":{"name_en":"Okhotsk","name_zh":"鄂霍次克","iso3":"RUS","adm1_name":"Khabarovsk","scalerank":4},"geometry":{"type":"Point","coordinates":[143.217,59.383]}},{"type":"Feature","properties":{"name_en":"Khabarovsk","name_zh":"伯力","iso3":"RUS","adm1_name":"Khabarovsk","scalerank":4},"geometry":{"type":"Point","coordinates":[135.12,48.455]}},{"type":"Feature","properties":{"name_en":"Okha","name_zh":"奥哈","iso3":"RUS","adm1_name":"Sakhalin","scalerank":4},"geometry":{"type":"Point","coordinates":[142.948,53.574]}},{"type":"Feature","properties":{"name_en":"Yuzhno-Sakhalinsk","name_zh":"南萨哈林斯克","iso3":"RUS","adm1_name":"Sakhalin","scalerank":4},"geometry":{"type":"Point","coordinates":[142.74,46.965]}},{"type":"Feature","properties":{"name_en":"Mexicali","name_zh":"墨西卡利","iso3":"MEX","adm1_name":"Baja California","scalerank":4},"geometry":{"type":"Point","coordinates":[-115.482,32.652]}},{"type":"Feature","properties":{"name_en":"La Paz","name_zh":"拉巴斯","iso3":"MEX","adm1_name":"Baja California Sur","scalerank":4},"geometry":{"type":"Point","coordinates":[-110.32,24.14]}},{"type":"Feature","properties":{"name_en":"Torreón","name_zh":"托雷翁","iso3":"MEX","adm1_name":"Coahuila","scalerank":4},"geometry":{"type":"Point","coordinates":[-103.422,25.572]}},{"type":"Feature","properties":{"name_en":"Culiacán","name_zh":"库利亚坎","iso3":"MEX","adm1_name":"Sinaloa","scalerank":4},"geometry":{"type":"Point","coordinates":[-107.382,24.832]}},{"type":"Feature","properties":{"name_en":"Nogales","name_zh":"诺加利斯","iso3":"MEX","adm1_name":"Sonora","scalerank":4},"geometry":{"type":"Point","coordinates":[-110.945,31.305]}},{"type":"Feature","properties":{"name_en":"Hermosillo","name_zh":"埃莫西约","iso3":"MEX","adm1_name":"Sonora","scalerank":4},"geometry":{"type":"Point","coordinates":[-110.954,29.099]}},{"type":"Feature","properties":{"name_en":"Guaymas","name_zh":"瓜伊马斯","iso3":"MEX","adm1_name":"Sonora","scalerank":4},"geometry":{"type":"Point","coordinates":[-110.89,27.93]}},{"type":"Feature","properties":{"name_en":"San Luis Potosí","name_zh":"圣路易斯波托西","iso3":"MEX","adm1_name":"San Luis Potosí","scalerank":4},"geometry":{"type":"Point","coordinates":[-101.002,22.172]}},{"type":"Feature","properties":{"name_en":"Matamoros","name_zh":"马塔莫罗斯","iso3":"MEX","adm1_name":"Tamaulipas","scalerank":4},"geometry":{"type":"Point","coordinates":[-97.5,25.88]}},{"type":"Feature","properties":{"name_en":"Nuevo Laredo","name_zh":"新拉雷多","iso3":"MEX","adm1_name":"Tamaulipas","scalerank":4},"geometry":{"type":"Point","coordinates":[-99.55,27.5]}},{"type":"Feature","properties":{"name_en":"Colima","name_zh":"科利马","iso3":"MEX","adm1_name":"Colima","scalerank":4},"geometry":{"type":"Point","coordinates":[-103.72,19.23]}},{"type":"Feature","properties":{"name_en":"Campeche","name_zh":"坎佩切","iso3":"MEX","adm1_name":"Campeche","scalerank":4},"geometry":{"type":"Point","coordinates":[-90.5,19.83]}},{"type":"Feature","properties":{"name_en":"Oaxaca de Juárez","name_zh":"瓦哈卡","iso3":"MEX","adm1_name":"Oaxaca","scalerank":4},"geometry":{"type":"Point","coordinates":[-96.67,17.083]}},{"type":"Feature","properties":{"name_en":"León de Los Aldama","name_zh":"莱昂","iso3":"MEX","adm1_name":"Guanajuato","scalerank":4},"geometry":{"type":"Point","coordinates":[-101.702,21.152]}},{"type":"Feature","properties":{"name_en":"Maiduguri","name_zh":"迈杜古里","iso3":"NGA","adm1_name":"Borno","scalerank":4},"geometry":{"type":"Point","coordinates":[13.158,11.852]}},{"type":"Feature","properties":{"name_en":"Port Harcourt","name_zh":"哈科特港","iso3":"NGA","adm1_name":"Rivers","scalerank":4},"geometry":{"type":"Point","coordinates":[7.008,4.812]}},{"type":"Feature","properties":{"name_en":"Makurdi","name_zh":"马库尔迪","iso3":"NGA","adm1_name":"Benue","scalerank":4},"geometry":{"type":"Point","coordinates":[8.53,7.73]}},{"type":"Feature","properties":{"name_en":"Ibadan","name_zh":"伊巴丹","iso3":"NGA","adm1_name":"Oyo","scalerank":4},"geometry":{"type":"Point","coordinates":[3.928,7.382]}},{"type":"Feature","properties":{"name_en":"Ogbomosho","name_zh":"奥博莫绍","iso3":"NGA","adm1_name":"Oyo","scalerank":4},"geometry":{"type":"Point","coordinates":[4.238,8.132]}},{"type":"Feature","properties":{"name_en":"Warri","name_zh":"瓦里","iso3":"NGA","adm1_name":"Delta","scalerank":4},"geometry":{"type":"Point","coordinates":[5.76,5.52]}},{"type":"Feature","properties":{"name_en":"Kaduna","name_zh":"卡杜纳","iso3":"NGA","adm1_name":"Kaduna","scalerank":4},"geometry":{"type":"Point","coordinates":[7.438,10.522]}},{"type":"Feature","properties":{"name_en":"Gdańsk","name_zh":"格但斯克","iso3":"POL","adm1_name":"Pomeranian","scalerank":4},"geometry":{"type":"Point","coordinates":[18.64,54.36]}},{"type":"Feature","properties":{"name_en":"Kraków","name_zh":"克拉科夫","iso3":"POL","adm1_name":"Lesser Poland","scalerank":4},"geometry":{"type":"Point","coordinates":[19.958,50.062]}},{"type":"Feature","properties":{"name_en":"Dalanzadgad","name_zh":"达兰扎德嘎德","iso3":"MNG","adm1_name":"Ömnögovi","scalerank":4},"geometry":{"type":"Point","coordinates":[104.44,43.584]}},{"type":"Feature","properties":{"name_en":"Wonsan","name_zh":"元山","iso3":"PRK","adm1_name":"Kangwon-do","scalerank":4},"geometry":{"type":"Point","coordinates":[127.431,39.16]}},{"type":"Feature","properties":{"name_en":"Sinuiju","name_zh":"新义州","iso3":"PRK","adm1_name":"P'yongan-bukto","scalerank":4},"geometry":{"type":"Point","coordinates":[124.421,40.086]}},{"type":"Feature","properties":{"name_en":"Khovd","name_zh":"科布多城","iso3":"MNG","adm1_name":"Hovd","scalerank":4},"geometry":{"type":"Point","coordinates":[91.633,48.017]}},{"type":"Feature","properties":{"name_en":"Choibalsan","name_zh":"乔巴山","iso3":"MNG","adm1_name":"Dornod","scalerank":4},"geometry":{"type":"Point","coordinates":[114.506,48.067]}},{"type":"Feature","properties":{"name_en":"Lüderitz","name_zh":"吕德里茨","iso3":"NAM","adm1_name":"Karas","scalerank":4},"geometry":{"type":"Point","coordinates":[15.159,-26.648]}},{"type":"Feature","properties":{"name_en":"Walvis Bay","name_zh":"鲸湾港","iso3":"NAM","adm1_name":"Erongo","scalerank":4},"geometry":{"type":"Point","coordinates":[14.505,-22.958]}},{"type":"Feature","properties":{"name_en":"Mwanza","name_zh":"姆万扎","iso3":"TZA","adm1_name":"Mwanza","scalerank":4},"geometry":{"type":"Point","coordinates":[32.93,-2.52]}},{"type":"Feature","properties":{"name_en":"Morogoro","name_zh":"莫罗戈罗","iso3":"TZA","adm1_name":"Morogoro","scalerank":4},"geometry":{"type":"Point","coordinates":[37.66,-6.82]}},{"type":"Feature","properties":{"name_en":"Dodoma","name_zh":"多多马","iso3":"TZA","adm1_name":"Dodoma","scalerank":4},"geometry":{"type":"Point","coordinates":[35.75,-6.183]}},{"type":"Feature","properties":{"name_en":"Arusha","name_zh":"阿鲁沙","iso3":"TZA","adm1_name":"Arusha","scalerank":4},"geometry":{"type":"Point","coordinates":[36.67,-3.36]}},{"type":"Feature","properties":{"name_en":"Bern","name_zh":"伯尔尼","iso3":"CHE","adm1_name":"Bern","scalerank":4},"geometry":{"type":"Point","coordinates":[7.467,46.917]}},{"type":"Feature","properties":{"name_en":"Malmö","name_zh":"马尔默","iso3":"SWE","adm1_name":"Skåne","scalerank":4},"geometry":{"type":"Point","coordinates":[13.023,55.599]}},{"type":"Feature","properties":{"name_en":"Laayoune","name_zh":"阿尤恩","iso3":"MAR","adm1_name":"Laâyoune - Boujdour - Sakia El Hamra","scalerank":4},"geometry":{"type":"Point","coordinates":[-13.2,27.15]}},{"type":"Feature","properties":{"name_en":"Ternate","name_zh":"特爾納特","iso3":"IDN","adm1_name":"Maluku Utara","scalerank":4},"geometry":{"type":"Point","coordinates":[127.363,0.793]}},{"type":"Feature","properties":{"name_en":"Ambon","name_zh":"安汶","iso3":"IDN","adm1_name":"Maluku","scalerank":4},"geometry":{"type":"Point","coordinates":[128.2,-3.717]}},{"type":"Feature","properties":{"name_en":"Raba","name_zh":"拉巴","iso3":"IDN","adm1_name":"Nusa Tenggara Barat","scalerank":4},"geometry":{"type":"Point","coordinates":[118.767,-8.45]}},{"type":"Feature","properties":{"name_en":"Jayapura","name_zh":"查雅普拉","iso3":"IDN","adm1_name":"Papua","scalerank":4},"geometry":{"type":"Point","coordinates":[140.7,-2.533]}},{"type":"Feature","properties":{"name_en":"Florence","name_zh":"佛罗伦萨","iso3":"ITA","adm1_name":"Toscana","scalerank":4},"geometry":{"type":"Point","coordinates":[11.25,43.78]}},{"type":"Feature","properties":{"name_en":"Catania","name_zh":"卡塔纳","iso3":"ITA","adm1_name":"Sicily","scalerank":4},"geometry":{"type":"Point","coordinates":[15.08,37.5]}},{"type":"Feature","properties":{"name_en":"Pristina","name_zh":"普里什蒂纳","iso3":"KOS","adm1_name":"Pristina","scalerank":4},"geometry":{"type":"Point","coordinates":[21.166,42.667]}},{"type":"Feature","properties":{"name_en":"Meru","name_zh":"梅鲁","iso3":"KEN","adm1_name":"Eastern","scalerank":4},"geometry":{"type":"Point","coordinates":[37.64,0.06]}},{"type":"Feature","properties":{"name_en":"Eldoret","name_zh":"埃尔多雷特","iso3":"KEN","adm1_name":"Rift Valley","scalerank":4},"geometry":{"type":"Point","coordinates":[35.27,0.52]}},{"type":"Feature","properties":{"name_en":"Banda Aceh","name_zh":"班達亞齊","iso3":"IDN","adm1_name":"Aceh","scalerank":4},"geometry":{"type":"Point","coordinates":[95.32,5.55]}},{"type":"Feature","properties":{"name_en":"George Town","name_zh":"乔治","iso3":"MYS","adm1_name":"Pulau Pinang","scalerank":4},"geometry":{"type":"Point","coordinates":[100.329,5.414]}},{"type":"Feature","properties":{"name_en":"Zhangye","name_zh":"张掖","iso3":"CHN","adm1_name":"Gansu","scalerank":4},"geometry":{"type":"Point","coordinates":[100.45,38.93]}},{"type":"Feature","properties":{"name_en":"Wuwei","name_zh":"武威","iso3":"CHN","adm1_name":"Gansu","scalerank":4},"geometry":{"type":"Point","coordinates":[102.641,37.928]}},{"type":"Feature","properties":{"name_en":"Dunhuang","name_zh":"敦煌","iso3":"CHN","adm1_name":"Gansu","scalerank":4},"geometry":{"type":"Point","coordinates":[94.662,40.143]}},{"type":"Feature","properties":{"name_en":"Tianshui","name_zh":"天水","iso3":"CHN","adm1_name":"Gansu","scalerank":4},"geometry":{"type":"Point","coordinates":[105.918,34.602]}},{"type":"Feature","properties":{"name_en":"Dulan","name_zh":"都兰","iso3":"CHN","adm1_name":"Gansu","scalerank":4},"geometry":{"type":"Point","coordinates":[98.267,36.167]}},{"type":"Feature","properties":{"name_en":"Golmud","name_zh":"格尔木","iso3":"CHN","adm1_name":"Gansu","scalerank":4},"geometry":{"type":"Point","coordinates":[94.883,36.417]}},{"type":"Feature","properties":{"name_en":"Yulin","name_zh":"玉林","iso3":"CHN","adm1_name":"Guangxi","scalerank":4},"geometry":{"type":"Point","coordinates":[110.148,22.632]}},{"type":"Feature","properties":{"name_en":"Baicheng","name_zh":"白城","iso3":"CHN","adm1_name":"Guangxi","scalerank":4},"geometry":{"type":"Point","coordinates":[106.613,23.9]}},{"type":"Feature","properties":{"name_en":"Wuzhou","name_zh":"梧州","iso3":"CHN","adm1_name":"Guangxi","scalerank":4},"geometry":{"type":"Point","coordinates":[111.32,23.48]}},{"type":"Feature","properties":{"name_en":"Liupanshui","name_zh":"六盘水","iso3":"CHN","adm1_name":"Guizhou","scalerank":4},"geometry":{"type":"Point","coordinates":[104.831,26.596]}},{"type":"Feature","properties":{"name_en":"Quanzhou","name_zh":"泉州","iso3":"CHN","adm1_name":"Fujian","scalerank":4},"geometry":{"type":"Point","coordinates":[118.578,24.902]}},{"type":"Feature","properties":{"name_en":"Hefei","name_zh":"合肥","iso3":"CHN","adm1_name":"Anhui","scalerank":4},"geometry":{"type":"Point","coordinates":[117.278,31.852]}},{"type":"Feature","properties":{"name_en":"Suzhou","name_zh":"宿州","iso3":"CHN","adm1_name":"Anhui","scalerank":4},"geometry":{"type":"Point","coordinates":[116.977,33.638]}},{"type":"Feature","properties":{"name_en":"Zhanjiang","name_zh":"湛江","iso3":"CHN","adm1_name":"Guangdong","scalerank":4},"geometry":{"type":"Point","coordinates":[110.378,21.202]}},{"type":"Feature","properties":{"name_en":"Shaoguan","name_zh":"韶关","iso3":"CHN","adm1_name":"Guangdong","scalerank":4},"geometry":{"type":"Point","coordinates":[113.58,24.8]}},{"type":"Feature","properties":{"name_en":"Balikpapan","name_zh":"巴厘巴板","iso3":"IDN","adm1_name":"Kalimantan Timur","scalerank":4},"geometry":{"type":"Point","coordinates":[116.83,-1.25]}},{"type":"Feature","properties":{"name_en":"Kuching","name_zh":"古晋","iso3":"MYS","adm1_name":"Sarawak","scalerank":4},"geometry":{"type":"Point","coordinates":[110.33,1.53]}},{"type":"Feature","properties":{"name_en":"Antsiranana","name_zh":"安齐拉纳纳","iso3":"MDG","adm1_name":"Antsiranana","scalerank":4},"geometry":{"type":"Point","coordinates":[49.312,-12.277]}},{"type":"Feature","properties":{"name_en":"Fianarantsoa","name_zh":"菲亞納蘭楚阿","iso3":"MDG","adm1_name":"Fianarantsoa","scalerank":4},"geometry":{"type":"Point","coordinates":[47.083,-21.433]}},{"type":"Feature","properties":{"name_en":"Mahajanga","name_zh":"马哈赞加","iso3":"MDG","adm1_name":"Mahajanga","scalerank":4},"geometry":{"type":"Point","coordinates":[46.345,-15.67]}},{"type":"Feature","properties":{"name_en":"Toliara","name_zh":"图利亚拉","iso3":"MDG","adm1_name":"Toliary","scalerank":4},"geometry":{"type":"Point","coordinates":[43.69,-23.357]}},{"type":"Feature","properties":{"name_en":"Surakarta","name_zh":"梭罗","iso3":"IDN","adm1_name":"Jawa Tengah","scalerank":4},"geometry":{"type":"Point","coordinates":[110.825,-7.565]}},{"type":"Feature","properties":{"name_en":"Bandar Lampung","name_zh":"班達楠榜","iso3":"IDN","adm1_name":"Lampung","scalerank":4},"geometry":{"type":"Point","coordinates":[105.268,-5.428]}},{"type":"Feature","properties":{"name_en":"Tanjung Pandan","name_zh":"丹绒香兰","iso3":"IDN","adm1_name":"Bangka-Belitung","scalerank":4},"geometry":{"type":"Point","coordinates":[107.65,-2.75]}},{"type":"Feature","properties":{"name_en":"Malang","name_zh":"玛琅","iso3":"IDN","adm1_name":"Jawa Timur","scalerank":4},"geometry":{"type":"Point","coordinates":[112.608,-7.978]}},{"type":"Feature","properties":{"name_en":"Kupang","name_zh":"古邦","iso3":"IDN","adm1_name":"Nusa Tenggara Timur","scalerank":4},"geometry":{"type":"Point","coordinates":[123.583,-10.179]}},{"type":"Feature","properties":{"name_en":"Parepare","name_zh":"巴里巴里","iso3":"IDN","adm1_name":"Sulawesi Selatan","scalerank":4},"geometry":{"type":"Point","coordinates":[119.633,-4.017]}},{"type":"Feature","properties":{"name_en":"Cuenca","name_zh":"昆卡","iso3":"ECU","adm1_name":"Azuay","scalerank":4},"geometry":{"type":"Point","coordinates":[-79.0,-2.9]}},{"type":"Feature","properties":{"name_en":"Santa Cruz","name_zh":"圣克鲁斯","iso3":"ECU","adm1_name":"Gal","scalerank":4},"geometry":{"type":"Point","coordinates":[-90.35,-0.533]}},{"type":"Feature","properties":{"name_en":"Limón","name_zh":"利蒙","iso3":"CRI","adm1_name":"Limón","scalerank":4},"geometry":{"type":"Point","coordinates":[-83.033,10.0]}},{"type":"Feature","properties":{"name_en":"Santiago de Cuba","name_zh":"圣地亚哥－德古巴","iso3":"CUB","adm1_name":"Santiago de Cuba","scalerank":4},"geometry":{"type":"Point","coordinates":[-75.821,20.025]}},{"type":"Feature","properties":{"name_en":"Santiago de los Caballeros","name_zh":"聖地牙哥","iso3":"DOM","adm1_name":"Santiago","scalerank":4},"geometry":{"type":"Point","coordinates":[-70.67,19.5]}},{"type":"Feature","properties":{"name_en":"Manizales","name_zh":"马尼萨莱斯","iso3":"COL","adm1_name":"Caldas","scalerank":4},"geometry":{"type":"Point","coordinates":[-75.52,5.06]}},{"type":"Feature","properties":{"name_en":"San Juan de Pasto","name_zh":"帕斯托","iso3":"COL","adm1_name":"Nariño","scalerank":4},"geometry":{"type":"Point","coordinates":[-77.281,1.214]}},{"type":"Feature","properties":{"name_en":"Barranquilla","name_zh":"巴兰基亚","iso3":"COL","adm1_name":"Atlántico","scalerank":4},"geometry":{"type":"Point","coordinates":[-74.802,10.962]}},{"type":"Feature","properties":{"name_en":"Roseau","name_zh":"罗索","iso3":"DMA","adm1_name":"Saint George","scalerank":4},"geometry":{"type":"Point","coordinates":[-61.387,15.301]}},{"type":"Feature","properties":{"name_en":"Mbandaka","name_zh":"姆班达卡","iso3":"COD","adm1_name":"Équateur","scalerank":4},"geometry":{"type":"Point","coordinates":[18.26,0.04]}},{"type":"Feature","properties":{"name_en":"Moundou","name_zh":"蒙杜","iso3":"TCD","adm1_name":"Logone Oriental","scalerank":4},"geometry":{"type":"Point","coordinates":[16.09,8.55]}},{"type":"Feature","properties":{"name_en":"Suez","name_zh":"苏伊士","iso3":"EGY","adm1_name":"As Suways","scalerank":4},"geometry":{"type":"Point","coordinates":[32.55,30.005]}},{"type":"Feature","properties":{"name_en":"Port Said","name_zh":"塞得港","iso3":"EGY","adm1_name":"Bur Sa`id","scalerank":4},"geometry":{"type":"Point","coordinates":[32.29,31.26]}},{"type":"Feature","properties":{"name_en":"Faiyum","name_zh":"法尤姆","iso3":"EGY","adm1_name":"Al Fayyum","scalerank":4},"geometry":{"type":"Point","coordinates":[30.84,29.31]}},{"type":"Feature","properties":{"name_en":"Aswan","name_zh":"阿斯旺","iso3":"EGY","adm1_name":"Aswan","scalerank":4},"geometry":{"type":"Point","coordinates":[32.899,24.088]}},{"type":"Feature","properties":{"name_en":"Asyut","name_zh":"艾斯尤特","iso3":"EGY","adm1_name":"Asyut","scalerank":4},"geometry":{"type":"Point","coordinates":[31.18,27.19]}},{"type":"Feature","properties":{"name_en":"Kisangani","name_zh":"基桑加尼","iso3":"COD","adm1_name":"Orientale","scalerank":4},"geometry":{"type":"Point","coordinates":[25.22,0.52]}},{"type":"Feature","properties":{"name_en":"Assab","name_zh":"阿萨布","iso3":"ERI","adm1_name":"Debubawi Keyih Bahri","scalerank":4},"geometry":{"type":"Point","coordinates":[42.73,13.01]}},{"type":"Feature","properties":{"name_en":"Djibouti","name_zh":"吉布地","iso3":"DJI","adm1_name":"Djibouti","scalerank":4},"geometry":{"type":"Point","coordinates":[43.148,11.595]}},{"type":"Feature","properties":{"name_en":"Dresden","name_zh":"德累斯顿","iso3":"DEU","adm1_name":"Sachsen","scalerank":4},"geometry":{"type":"Point","coordinates":[13.75,51.05]}},{"type":"Feature","properties":{"name_en":"Xigazê","name_zh":"日喀则","iso3":"CHN","adm1_name":"Xizang","scalerank":4},"geometry":{"type":"Point","coordinates":[88.883,29.25]}},{"type":"Feature","properties":{"name_en":"Yarkant County","name_zh":"莎车县","iso3":"CHN","adm1_name":"Xinjiang Uygur","scalerank":4},"geometry":{"type":"Point","coordinates":[77.25,38.426]}},{"type":"Feature","properties":{"name_en":"Yining City","name_zh":"伊宁","iso3":"CHN","adm1_name":"Xinjiang Uygur","scalerank":4},"geometry":{"type":"Point","coordinates":[81.35,43.9]}},{"type":"Feature","properties":{"name_en":"Altay City","name_zh":"阿勒泰","iso3":"CHN","adm1_name":"Xinjiang Uygur","scalerank":4},"geometry":{"type":"Point","coordinates":[88.117,47.867]}},{"type":"Feature","properties":{"name_en":"Putrajaya","name_zh":"布城","iso3":"MYS","adm1_name":"Selangor","scalerank":4},"geometry":{"type":"Point","coordinates":[101.695,2.933]}},{"type":"Feature","properties":{"name_en":"Shizuishan","name_zh":"石嘴山","iso3":"CHN","adm1_name":"Ningxia Hui","scalerank":4},"geometry":{"type":"Point","coordinates":[106.769,39.233]}},{"type":"Feature","properties":{"name_en":"Yulin","name_zh":"榆林","iso3":"CHN","adm1_name":"Shaanxi","scalerank":4},"geometry":{"type":"Point","coordinates":[109.733,38.283]}},{"type":"Feature","properties":{"name_en":"Ankang","name_zh":"安康","iso3":"CHN","adm1_name":"Shaanxi","scalerank":4},"geometry":{"type":"Point","coordinates":[109.02,32.68]}},{"type":"Feature","properties":{"name_en":"Houma","name_zh":"侯马","iso3":"CHN","adm1_name":"Shanxi","scalerank":4},"geometry":{"type":"Point","coordinates":[111.21,35.62]}},{"type":"Feature","properties":{"name_en":"Yueyang","name_zh":"岳阳","iso3":"CHN","adm1_name":"Hunan","scalerank":4},"geometry":{"type":"Point","coordinates":[113.098,29.382]}},{"type":"Feature","properties":{"name_en":"Hengyang","name_zh":"衡阳","iso3":"CHN","adm1_name":"Hunan","scalerank":4},"geometry":{"type":"Point","coordinates":[112.588,26.882]}},{"type":"Feature","properties":{"name_en":"Mianyang","name_zh":"绵阳","iso3":"CHN","adm1_name":"Sichuan","scalerank":4},"geometry":{"type":"Point","coordinates":[104.69,31.465]}},{"type":"Feature","properties":{"name_en":"Xichang","name_zh":"西昌","iso3":"CHN","adm1_name":"Sichuan","scalerank":4},"geometry":{"type":"Point","coordinates":[102.3,27.88]}},{"type":"Feature","properties":{"name_en":"Baoshan","name_zh":"保山","iso3":"CHN","adm1_name":"Yunnan","scalerank":4},"geometry":{"type":"Point","coordinates":[99.15,25.12]}},{"type":"Feature","properties":{"name_en":"Gejiu","name_zh":"个旧","iso3":"CHN","adm1_name":"Yunnan","scalerank":4},"geometry":{"type":"Point","coordinates":[103.15,23.38]}},{"type":"Feature","properties":{"name_en":"Shijiazhuang","name_zh":"石家庄","iso3":"CHN","adm1_name":"Hebei","scalerank":4},"geometry":{"type":"Point","coordinates":[114.478,38.052]}},{"type":"Feature","properties":{"name_en":"Handan","name_zh":"邯郸","iso3":"CHN","adm1_name":"Hebei","scalerank":4},"geometry":{"type":"Point","coordinates":[114.478,36.582]}},{"type":"Feature","properties":{"name_en":"Anshan","name_zh":"鞍山","iso3":"CHN","adm1_name":"Liaoning","scalerank":4},"geometry":{"type":"Point","coordinates":[122.938,41.117]}},{"type":"Feature","properties":{"name_en":"Dalian","name_zh":"大连","iso3":"CHN","adm1_name":"Liaoning","scalerank":4},"geometry":{"type":"Point","coordinates":[121.628,38.925]}},{"type":"Feature","properties":{"name_en":"Qingdao","name_zh":"青岛","iso3":"CHN","adm1_name":"Shandong","scalerank":4},"geometry":{"type":"Point","coordinates":[120.328,36.092]}},{"type":"Feature","properties":{"name_en":"Linyi","name_zh":"临沂","iso3":"CHN","adm1_name":"Shandong","scalerank":4},"geometry":{"type":"Point","coordinates":[118.328,35.082]}},{"type":"Feature","properties":{"name_en":"Huai'an","name_zh":"淮安","iso3":"CHN","adm1_name":"Jiangsu","scalerank":4},"geometry":{"type":"Point","coordinates":[119.066,33.585]}},{"type":"Feature","properties":{"name_en":"Wenzhou","name_zh":"温州","iso3":"CHN","adm1_name":"Zhejiang","scalerank":4},"geometry":{"type":"Point","coordinates":[120.648,28.022]}},{"type":"Feature","properties":{"name_en":"Ningbo","name_zh":"宁波","iso3":"CHN","adm1_name":"Zhejiang","scalerank":4},"geometry":{"type":"Point","coordinates":[121.548,29.882]}},{"type":"Feature","properties":{"name_en":"Fukuoka","name_zh":"福冈","iso3":"JPN","adm1_name":"Fukuoka","scalerank":4},"geometry":{"type":"Point","coordinates":[130.408,33.597]}},{"type":"Feature","properties":{"name_en":"Miyazaki","name_zh":"宫崎","iso3":"JPN","adm1_name":"Miyazaki","scalerank":4},"geometry":{"type":"Point","coordinates":[131.418,31.918]}},{"type":"Feature","properties":{"name_en":"Naha","name_zh":"那霸","iso3":"JPN","adm1_name":"Okinawa","scalerank":4},"geometry":{"type":"Point","coordinates":[127.673,26.207]}},{"type":"Feature","properties":{"name_en":"Kōchi","name_zh":"高知","iso3":"JPN","adm1_name":"Kochi","scalerank":4},"geometry":{"type":"Point","coordinates":[133.538,33.562]}},{"type":"Feature","properties":{"name_en":"Gorontalo","name_zh":"哥倫打洛","iso3":"IDN","adm1_name":"Gorontalo","scalerank":4},"geometry":{"type":"Point","coordinates":[123.07,0.55]}},{"type":"Feature","properties":{"name_en":"Tongliao","name_zh":"通辽","iso3":"CHN","adm1_name":"Nei Mongol","scalerank":4},"geometry":{"type":"Point","coordinates":[122.268,43.622]}},{"type":"Feature","properties":{"name_en":"Hohhot","name_zh":"呼和浩特","iso3":"CHN","adm1_name":"Nei Mongol","scalerank":4},"geometry":{"type":"Point","coordinates":[111.658,40.822]}},{"type":"Feature","properties":{"name_en":"Chifeng","name_zh":"赤峰","iso3":"CHN","adm1_name":"Nei Mongol","scalerank":4},"geometry":{"type":"Point","coordinates":[118.948,42.272]}},{"type":"Feature","properties":{"name_en":"Ulan Hot","name_zh":"乌兰浩特","iso3":"CHN","adm1_name":"Nei Mongol","scalerank":4},"geometry":{"type":"Point","coordinates":[122.08,46.08]}},{"type":"Feature","properties":{"name_en":"Hailar","name_zh":"海拉尔区","iso3":"CHN","adm1_name":"Nei Mongol","scalerank":4},"geometry":{"type":"Point","coordinates":[119.7,49.2]}},{"type":"Feature","properties":{"name_en":"Jiamusi","name_zh":"佳木斯","iso3":"CHN","adm1_name":"Heilongjiang","scalerank":4},"geometry":{"type":"Point","coordinates":[130.348,46.832]}},{"type":"Feature","properties":{"name_en":"Bei'an","name_zh":"北安","iso3":"CHN","adm1_name":"Heilongjiang","scalerank":4},"geometry":{"type":"Point","coordinates":[126.529,48.246]}},{"type":"Feature","properties":{"name_en":"Daqing","name_zh":"大庆","iso3":"CHN","adm1_name":"Heilongjiang","scalerank":4},"geometry":{"type":"Point","coordinates":[124.998,46.582]}},{"type":"Feature","properties":{"name_en":"Jixi","name_zh":"鸡西","iso3":"CHN","adm1_name":"Heilongjiang","scalerank":4},"geometry":{"type":"Point","coordinates":[130.968,45.302]}},{"type":"Feature","properties":{"name_en":"Nagoya","name_zh":"名古屋","iso3":"JPN","adm1_name":"Aichi","scalerank":4},"geometry":{"type":"Point","coordinates":[136.913,35.157]}},{"type":"Feature","properties":{"name_en":"Nagano","name_zh":"长野","iso3":"JPN","adm1_name":"Nagano","scalerank":4},"geometry":{"type":"Point","coordinates":[138.17,36.65]}},{"type":"Feature","properties":{"name_en":"Kushiro","name_zh":"钏路","iso3":"JPN","adm1_name":"Hokkaido","scalerank":4},"geometry":{"type":"Point","coordinates":[144.375,42.975]}},{"type":"Feature","properties":{"name_en":"Hakodate","name_zh":"函馆","iso3":"JPN","adm1_name":"Hokkaido","scalerank":4},"geometry":{"type":"Point","coordinates":[140.74,41.795]}},{"type":"Feature","properties":{"name_en":"Kyoto","name_zh":"京都","iso3":"JPN","adm1_name":"Kyoto","scalerank":4},"geometry":{"type":"Point","coordinates":[135.748,35.032]}},{"type":"Feature","properties":{"name_en":"Sendai","name_zh":"仙台","iso3":"JPN","adm1_name":"Miyagi","scalerank":4},"geometry":{"type":"Point","coordinates":[140.87,38.268]}},{"type":"Feature","properties":{"name_en":"Sakata","name_zh":"酒田","iso3":"JPN","adm1_name":"Yamagata","scalerank":4},"geometry":{"type":"Point","coordinates":[139.85,38.92]}},{"type":"Feature","properties":{"name_en":"Bandundu","name_zh":"班顿杜","iso3":"COD","adm1_name":"Bandundu","scalerank":4},"geometry":{"type":"Point","coordinates":[17.38,-3.31]}},{"type":"Feature","properties":{"name_en":"Kananga","name_zh":"卡南加","iso3":"COD","adm1_name":"Kasaï-Occidental","scalerank":4},"geometry":{"type":"Point","coordinates":[22.398,-5.888]}},{"type":"Feature","properties":{"name_en":"Kasongo","name_zh":"卡松戈","iso3":"COD","adm1_name":"Maniema","scalerank":4},"geometry":{"type":"Point","coordinates":[26.66,-4.45]}},{"type":"Feature","properties":{"name_en":"Mbuji-Mayi","name_zh":"姆布吉马伊","iso3":"COD","adm1_name":"Kasaï-Oriental","scalerank":4},"geometry":{"type":"Point","coordinates":[23.598,-6.148]}},{"type":"Feature","properties":{"name_en":"Kalemie","name_zh":"卡莱米","iso3":"COD","adm1_name":"Katanga","scalerank":4},"geometry":{"type":"Point","coordinates":[29.2,-5.933]}},{"type":"Feature","properties":{"name_en":"Butembo","name_zh":"布滕博","iso3":"COD","adm1_name":"Nord-Kivu","scalerank":4},"geometry":{"type":"Point","coordinates":[29.28,0.13]}},{"type":"Feature","properties":{"name_en":"Goma","name_zh":"戈马","iso3":"COD","adm1_name":"Nord-Kivu","scalerank":4},"geometry":{"type":"Point","coordinates":[29.222,-1.679]}},{"type":"Feature","properties":{"name_en":"Mzuzu","name_zh":"姆祖祖","iso3":"MWI","adm1_name":"Mzimba","scalerank":4},"geometry":{"type":"Point","coordinates":[34.02,-11.46]}},{"type":"Feature","properties":{"name_en":"Blantyre","name_zh":"布兰太尔","iso3":"MWI","adm1_name":"Blantyre","scalerank":4},"geometry":{"type":"Point","coordinates":[34.99,-15.79]}},{"type":"Feature","properties":{"name_en":"Quetzaltenango","name_zh":"克萨尔特南戈","iso3":"GTM","adm1_name":"Quezaltenango","scalerank":4},"geometry":{"type":"Point","coordinates":[-91.52,14.83]}},{"type":"Feature","properties":{"name_en":"Banjul","name_zh":"班竹","iso3":"GMB","adm1_name":"Banjul","scalerank":4},"geometry":{"type":"Point","coordinates":[-16.592,13.454]}},{"type":"Feature","properties":{"name_en":"Faridabad","name_zh":"法里达巴德","iso3":"IND","adm1_name":"Haryana","scalerank":4},"geometry":{"type":"Point","coordinates":[77.315,28.435]}},{"type":"Feature","properties":{"name_en":"Srinagar","name_zh":"斯利那加","iso3":"IND","adm1_name":"Jammu and Kashmir","scalerank":4},"geometry":{"type":"Point","coordinates":[74.828,34.069]}},{"type":"Feature","properties":{"name_en":"Vijayawada","name_zh":"维杰亚瓦达","iso3":"IND","adm1_name":"Andhra Pradesh","scalerank":4},"geometry":{"type":"Point","coordinates":[80.628,16.522]}},{"type":"Feature","properties":{"name_en":"Thiruvananthapuram","name_zh":"特里凡得琅","iso3":"IND","adm1_name":"Kerala","scalerank":4},"geometry":{"type":"Point","coordinates":[76.925,8.516]}},{"type":"Feature","properties":{"name_en":"Kochi","name_zh":"戈奇","iso3":"IND","adm1_name":"Kerala","scalerank":4},"geometry":{"type":"Point","coordinates":[76.222,10.017]}},{"type":"Feature","properties":{"name_en":"Pochinki","name_zh":"克塔克","iso3":"IND","adm1_name":"Orissa","scalerank":4},"geometry":{"type":"Point","coordinates":[85.89,20.47]}},{"type":"Feature","properties":{"name_en":"Hubli","name_zh":"胡布利","iso3":"IND","adm1_name":"Karnataka","scalerank":4},"geometry":{"type":"Point","coordinates":[75.123,15.362]}},{"type":"Feature","properties":{"name_en":"Mangalore","name_zh":"门格洛尔","iso3":"IND","adm1_name":"Karnataka","scalerank":4},"geometry":{"type":"Point","coordinates":[74.85,12.9]}},{"type":"Feature","properties":{"name_en":"Mysore","name_zh":"迈索尔","iso3":"IND","adm1_name":"Karnataka","scalerank":4},"geometry":{"type":"Point","coordinates":[76.658,12.312]}},{"type":"Feature","properties":{"name_en":"Gulbarga","name_zh":"古巴尔嘎","iso3":"IND","adm1_name":"Karnataka","scalerank":4},"geometry":{"type":"Point","coordinates":[76.82,17.35]}},{"type":"Feature","properties":{"name_en":"Kolhapur","name_zh":"戈尔哈布尔","iso3":"IND","adm1_name":"Maharashtra","scalerank":4},"geometry":{"type":"Point","coordinates":[74.22,16.7]}},{"type":"Feature","properties":{"name_en":"Nanded","name_zh":"楠代德","iso3":"IND","adm1_name":"Maharashtra","scalerank":4},"geometry":{"type":"Point","coordinates":[77.308,19.197]}},{"type":"Feature","properties":{"name_en":"Akola","name_zh":"阿科拉","iso3":"IND","adm1_name":"Maharashtra","scalerank":4},"geometry":{"type":"Point","coordinates":[77.01,20.71]}},{"type":"Feature","properties":{"name_en":"Guwahati","name_zh":"古瓦哈提","iso3":"IND","adm1_name":"Assam","scalerank":4},"geometry":{"type":"Point","coordinates":[91.768,26.162]}},{"type":"Feature","properties":{"name_en":"Kayes","name_zh":"卡耶斯","iso3":"COG","adm1_name":"Bouenza","scalerank":4},"geometry":{"type":"Point","coordinates":[13.28,-4.18]}},{"type":"Feature","properties":{"name_en":"Franceville","name_zh":"弗朗斯维尔","iso3":"GAB","adm1_name":"Haut-Ogooué","scalerank":4},"geometry":{"type":"Point","coordinates":[13.583,-1.633]}},{"type":"Feature","properties":{"name_en":"Bordeaux","name_zh":"波尔多","iso3":"FRA","adm1_name":"Aquitaine","scalerank":4},"geometry":{"type":"Point","coordinates":[-0.597,44.852]}},{"type":"Feature","properties":{"name_en":"Marseille","name_zh":"马赛","iso3":"FRA","adm1_name":"Provence-Alpes-Côte-d'Azur","scalerank":4},"geometry":{"type":"Point","coordinates":[5.373,43.292]}},{"type":"Feature","properties":{"name_en":"Le Havre","name_zh":"勒阿弗尔","iso3":"FRA","adm1_name":"Haute-Normandie","scalerank":4},"geometry":{"type":"Point","coordinates":[0.105,49.505]}},{"type":"Feature","properties":{"name_en":"Gao","name_zh":"加奥","iso3":"MLI","adm1_name":"Gao","scalerank":4},"geometry":{"type":"Point","coordinates":[-0.05,16.267]}},{"type":"Feature","properties":{"name_en":"Coyhaique","name_zh":"科伊艾克","iso3":"CHL","adm1_name":"Aisén del General Carlos Ibáñez del Campo","scalerank":4},"geometry":{"type":"Point","coordinates":[-72.07,-45.57]}},{"type":"Feature","properties":{"name_en":"Arica","name_zh":"阿里卡","iso3":"CHL","adm1_name":"Arica y Parinacota","scalerank":4},"geometry":{"type":"Point","coordinates":[-70.29,-18.5]}},{"type":"Feature","properties":{"name_en":"Copiapó","name_zh":"科皮亚波","iso3":"CHL","adm1_name":"Atacama","scalerank":4},"geometry":{"type":"Point","coordinates":[-70.33,-27.372]}},{"type":"Feature","properties":{"name_en":"La Serena","name_zh":"拉塞雷纳","iso3":"CHL","adm1_name":"Coquimbo","scalerank":4},"geometry":{"type":"Point","coordinates":[-71.25,-29.9]}},{"type":"Feature","properties":{"name_en":"Los Ángeles","name_zh":"洛桑赫莱斯","iso3":"CHL","adm1_name":"Bío-Bío","scalerank":4},"geometry":{"type":"Point","coordinates":[-72.347,-37.48]}},{"type":"Feature","properties":{"name_en":"Narsarsuaq","name_zh":"納沙斯瓦哥","iso3":"GRL","adm1_name":"Kommune Kujalleq","scalerank":4},"geometry":{"type":"Point","coordinates":[-45.417,61.167]}},{"type":"Feature","properties":{"name_en":"Sisimiut","name_zh":"西西缪特","iso3":"GRL","adm1_name":"Qeqqata Kommunia","scalerank":4},"geometry":{"type":"Point","coordinates":[-53.667,66.95]}},{"type":"Feature","properties":{"name_en":"Upernavik","name_zh":"乌佩纳维克","iso3":"GRL","adm1_name":"Qaasuitsup Kommunia","scalerank":4},"geometry":{"type":"Point","coordinates":[-56.142,72.709]}},{"type":"Feature","properties":{"name_en":"Qaanaaq","name_zh":"卡纳克","iso3":"GRL","adm1_name":"Qaasuitsup Kommunia","scalerank":4},"geometry":{"type":"Point","coordinates":[-69.23,77.467]}},{"type":"Feature","properties":{"name_en":"Nouadhibou","name_zh":"努瓦迪布","iso3":"MRT","adm1_name":"Dakhlet Nouadhibou","scalerank":4},"geometry":{"type":"Point","coordinates":[-17.056,20.9]}},{"type":"Feature","properties":{"name_en":"Kayes","name_zh":"卡伊","iso3":"MLI","adm1_name":"Kayes","scalerank":4},"geometry":{"type":"Point","coordinates":[-11.44,14.45]}},{"type":"Feature","properties":{"name_en":"Ayoun el Atrous","name_zh":"阿尤恩阿特魯斯","iso3":"MRT","adm1_name":"Hodh el Gharbi","scalerank":4},"geometry":{"type":"Point","coordinates":[-9.617,16.667]}},{"type":"Feature","properties":{"name_en":"Ségou","name_zh":"塞古","iso3":"MLI","adm1_name":"Ségou","scalerank":4},"geometry":{"type":"Point","coordinates":[-6.26,13.44]}},{"type":"Feature","properties":{"name_en":"Skopje","name_zh":"斯科普里","iso3":"MKD","adm1_name":"Centar","scalerank":4},"geometry":{"type":"Point","coordinates":[21.433,42.0]}},{"type":"Feature","properties":{"name_en":"Al Jawf","name_zh":"焦夫","iso3":"LBY","adm1_name":"Al Kufrah","scalerank":4},"geometry":{"type":"Point","coordinates":[23.29,24.2]}},{"type":"Feature","properties":{"name_en":"Tmassa","name_zh":"马萨","iso3":"LBY","adm1_name":"Murzuq","scalerank":4},"geometry":{"type":"Point","coordinates":[15.8,26.367]}},{"type":"Feature","properties":{"name_en":"Misrata","name_zh":"米苏拉塔","iso3":"LBY","adm1_name":"Misratah","scalerank":4},"geometry":{"type":"Point","coordinates":[15.1,32.38]}},{"type":"Feature","properties":{"name_en":"Zuwara","name_zh":"祖瓦拉","iso3":"LBY","adm1_name":"An Nuqat al Khams","scalerank":4},"geometry":{"type":"Point","coordinates":[12.079,32.934]}},{"type":"Feature","properties":{"name_en":"Kirkuk","name_zh":"基尔库克","iso3":"IRQ","adm1_name":"At-Ta'mim","scalerank":4},"geometry":{"type":"Point","coordinates":[44.392,35.472]}},{"type":"Feature","properties":{"name_en":"Mosul","name_zh":"摩苏尔","iso3":"IRQ","adm1_name":"Ninawa","scalerank":4},"geometry":{"type":"Point","coordinates":[43.143,36.347]}},{"type":"Feature","properties":{"name_en":"Najaf","name_zh":"纳杰夫","iso3":"IRQ","adm1_name":"An-Najaf","scalerank":4},"geometry":{"type":"Point","coordinates":[44.335,32.0]}},{"type":"Feature","properties":{"name_en":"Bahir Dar","name_zh":"巴赫达尔","iso3":"ETH","adm1_name":"Amhara","scalerank":4},"geometry":{"type":"Point","coordinates":[37.383,11.6]}},{"type":"Feature","properties":{"name_en":"Mek'ele","name_zh":"默克莱","iso3":"ETH","adm1_name":"Tigray","scalerank":4},"geometry":{"type":"Point","coordinates":[39.47,13.5]}},{"type":"Feature","properties":{"name_en":"Dire Dawa","name_zh":"德雷达瓦","iso3":"ETH","adm1_name":"Dire Dawa","scalerank":4},"geometry":{"type":"Point","coordinates":[41.86,9.59]}},{"type":"Feature","properties":{"name_en":"Rovaniemi","name_zh":"罗瓦涅米","iso3":"FIN","adm1_name":"Lapland","scalerank":4},"geometry":{"type":"Point","coordinates":[25.716,66.5]}},{"type":"Feature","properties":{"name_en":"Vaasa","name_zh":"瓦萨","iso3":"FIN","adm1_name":"Western Finland","scalerank":4},"geometry":{"type":"Point","coordinates":[21.6,63.1]}},{"type":"Feature","properties":{"name_en":"Tampere","name_zh":"坦佩雷","iso3":"FIN","adm1_name":"Pirkanmaa","scalerank":4},"geometry":{"type":"Point","coordinates":[23.75,61.5]}},{"type":"Feature","properties":{"name_en":"Aktobe","name_zh":"阿克托比","iso3":"KAZ","adm1_name":"Aqtöbe","scalerank":4},"geometry":{"type":"Point","coordinates":[57.17,50.28]}},{"type":"Feature","properties":{"name_en":"Rudniy","name_zh":"鲁德内","iso3":"KAZ","adm1_name":"Qostanay","scalerank":4},"geometry":{"type":"Point","coordinates":[63.13,52.953]}},{"type":"Feature","properties":{"name_en":"Kyzylorda","name_zh":"克孜勒奥尔达","iso3":"KAZ","adm1_name":"Qyzylorda","scalerank":4},"geometry":{"type":"Point","coordinates":[65.465,44.8]}},{"type":"Feature","properties":{"name_en":"Atyrau","name_zh":"阿特劳","iso3":"KAZ","adm1_name":"Atyrau","scalerank":4},"geometry":{"type":"Point","coordinates":[51.92,47.113]}},{"type":"Feature","properties":{"name_en":"Ekibastuz","name_zh":"埃基巴斯图兹","iso3":"KAZ","adm1_name":"Pavlodar","scalerank":4},"geometry":{"type":"Point","coordinates":[75.32,51.73]}},{"type":"Feature","properties":{"name_en":"Pavlodar","name_zh":"巴甫洛达尔","iso3":"KAZ","adm1_name":"Pavlodar","scalerank":4},"geometry":{"type":"Point","coordinates":[76.95,52.3]}},{"type":"Feature","properties":{"name_en":"Semey","name_zh":"塞米伊","iso3":"KAZ","adm1_name":"East Kazakhstan","scalerank":4},"geometry":{"type":"Point","coordinates":[80.275,50.435]}},{"type":"Feature","properties":{"name_en":"Oskemen","name_zh":"厄斯克门","iso3":"KAZ","adm1_name":"East Kazakhstan","scalerank":4},"geometry":{"type":"Point","coordinates":[82.615,49.99]}},{"type":"Feature","properties":{"name_en":"Yazd","name_zh":"亚兹德","iso3":"IRN","adm1_name":"Yazd","scalerank":4},"geometry":{"type":"Point","coordinates":[54.37,31.92]}},{"type":"Feature","properties":{"name_en":"Ahwaz","name_zh":"阿瓦士","iso3":"IRN","adm1_name":"Khuzestan","scalerank":4},"geometry":{"type":"Point","coordinates":[48.718,31.282]}},{"type":"Feature","properties":{"name_en":"Basra","name_zh":"巴士拉","iso3":"IRQ","adm1_name":"Al-Basrah","scalerank":4},"geometry":{"type":"Point","coordinates":[47.812,30.515]}},{"type":"Feature","properties":{"name_en":"Bandar Abbas","name_zh":"阿巴斯港","iso3":"IRN","adm1_name":"Hormozgan","scalerank":4},"geometry":{"type":"Point","coordinates":[56.272,27.204]}},{"type":"Feature","properties":{"name_en":"Hamadan","name_zh":"哈马丹","iso3":"IRN","adm1_name":"Hamadan","scalerank":4},"geometry":{"type":"Point","coordinates":[48.515,34.796]}},{"type":"Feature","properties":{"name_en":"Tabriz","name_zh":"大不里士","iso3":"IRN","adm1_name":"East Azarbaijan","scalerank":4},"geometry":{"type":"Point","coordinates":[46.299,38.088]}},{"type":"Feature","properties":{"name_en":"Ludhiana","name_zh":"卢迪亚纳","iso3":"IND","adm1_name":"Punjab","scalerank":4},"geometry":{"type":"Point","coordinates":[75.87,30.93]}},{"type":"Feature","properties":{"name_en":"Kota","name_zh":"科塔","iso3":"IND","adm1_name":"Rajasthan","scalerank":4},"geometry":{"type":"Point","coordinates":[75.833,25.182]}},{"type":"Feature","properties":{"name_en":"Jodhpur","name_zh":"焦特布尔","iso3":"IND","adm1_name":"Rajasthan","scalerank":4},"geometry":{"type":"Point","coordinates":[73.015,26.294]}},{"type":"Feature","properties":{"name_en":"Shymkent","name_zh":"希姆肯特","iso3":"KAZ","adm1_name":"South Kazakhstan","scalerank":4},"geometry":{"type":"Point","coordinates":[69.595,42.32]}},{"type":"Feature","properties":{"name_en":"Taraz","name_zh":"塔拉兹","iso3":"KAZ","adm1_name":"Zhambyl","scalerank":4},"geometry":{"type":"Point","coordinates":[71.365,42.9]}},{"type":"Feature","properties":{"name_en":"Lucknow","name_zh":"勒克瑙","iso3":"IND","adm1_name":"Uttar Pradesh","scalerank":4},"geometry":{"type":"Point","coordinates":[80.913,26.857]}},{"type":"Feature","properties":{"name_en":"Saharanpur","name_zh":"萨哈兰普尔","iso3":"IND","adm1_name":"Uttar Pradesh","scalerank":4},"geometry":{"type":"Point","coordinates":[77.55,29.97]}},{"type":"Feature","properties":{"name_en":"Ranchi","name_zh":"兰契","iso3":"IND","adm1_name":"Jharkhand","scalerank":4},"geometry":{"type":"Point","coordinates":[85.328,23.372]}},{"type":"Feature","properties":{"name_en":"Bhagalpur","name_zh":"帕格尔布尔","iso3":"IND","adm1_name":"Bihar","scalerank":4},"geometry":{"type":"Point","coordinates":[86.98,25.23]}},{"type":"Feature","properties":{"name_en":"Raipur","name_zh":"赖布尔","iso3":"IND","adm1_name":"Chhattisgarh","scalerank":4},"geometry":{"type":"Point","coordinates":[81.633,21.237]}},{"type":"Feature","properties":{"name_en":"Jabalpur","name_zh":"贾巴尔普尔","iso3":"IND","adm1_name":"Madhya Pradesh","scalerank":4},"geometry":{"type":"Point","coordinates":[79.953,23.177]}},{"type":"Feature","properties":{"name_en":"Indore","name_zh":"因多尔","iso3":"IND","adm1_name":"Madhya Pradesh","scalerank":4},"geometry":{"type":"Point","coordinates":[75.863,22.717]}},{"type":"Feature","properties":{"name_en":"Pondicherry","name_zh":"本地治里","iso3":"IND","adm1_name":"Puducherry","scalerank":4},"geometry":{"type":"Point","coordinates":[79.83,11.935]}},{"type":"Feature","properties":{"name_en":"Salem","name_zh":"萨兰姆","iso3":"IND","adm1_name":"Tamil Nadu","scalerank":4},"geometry":{"type":"Point","coordinates":[78.178,11.672]}},{"type":"Feature","properties":{"name_en":"Trichy","name_zh":"蒂鲁吉拉帕利","iso3":"IND","adm1_name":"Tamil Nadu","scalerank":4},"geometry":{"type":"Point","coordinates":[78.688,10.801]}},{"type":"Feature","properties":{"name_en":"Pointe-Noire","name_zh":"黑角","iso3":"COG","adm1_name":"Kouilou","scalerank":4},"geometry":{"type":"Point","coordinates":[11.88,-4.77]}},{"type":"Feature","properties":{"name_en":"Kankan","name_zh":"坎坎","iso3":"GIN","adm1_name":"Kankan","scalerank":4},"geometry":{"type":"Point","coordinates":[-9.31,10.39]}},{"type":"Feature","properties":{"name_en":"Nzérékoré","name_zh":"恩泽雷科雷","iso3":"GIN","adm1_name":"Nzerekore","scalerank":4},"geometry":{"type":"Point","coordinates":[-8.83,7.76]}},{"type":"Feature","properties":{"name_en":"Bouaké","name_zh":"布瓦凯","iso3":"CIV","adm1_name":"Vallée du Bandama","scalerank":4},"geometry":{"type":"Point","coordinates":[-5.03,7.69]}},{"type":"Feature","properties":{"name_en":"Saint-Denis","name_zh":"圣但尼","iso3":"FRA","adm1_name":"La Réunion","scalerank":4},"geometry":{"type":"Point","coordinates":[55.448,-20.879]}},{"type":"Feature","properties":{"name_en":"Rio Branco","name_zh":"里约布兰科","iso3":"BRA","adm1_name":"Acre","scalerank":4},"geometry":{"type":"Point","coordinates":[-67.8,-9.967]}},{"type":"Feature","properties":{"name_en":"São Luís","name_zh":"圣路易斯","iso3":"BRA","adm1_name":"Maranhão","scalerank":4},"geometry":{"type":"Point","coordinates":[-44.268,-2.514]}},{"type":"Feature","properties":{"name_en":"Porto Velho","name_zh":"韦柳港","iso3":"BRA","adm1_name":"Rondônia","scalerank":4},"geometry":{"type":"Point","coordinates":[-63.9,-8.75]}},{"type":"Feature","properties":{"name_en":"Alvorada","name_zh":"阿尔沃拉达","iso3":"BRA","adm1_name":"Tocantins","scalerank":4},"geometry":{"type":"Point","coordinates":[-49.082,-12.47]}},{"type":"Feature","properties":{"name_en":"Corumbá","name_zh":"科伦巴","iso3":"BRA","adm1_name":"Mato Grosso do Sul","scalerank":4},"geometry":{"type":"Point","coordinates":[-57.65,-19.016]}},{"type":"Feature","properties":{"name_en":"Belo Horizonte","name_zh":"贝洛奥里藏特","iso3":"BRA","adm1_name":"Minas Gerais","scalerank":4},"geometry":{"type":"Point","coordinates":[-43.917,-19.913]}},{"type":"Feature","properties":{"name_en":"Montes Claros","name_zh":"蒙蒂斯克拉鲁斯","iso3":"BRA","adm1_name":"Minas Gerais","scalerank":4},"geometry":{"type":"Point","coordinates":[-43.86,-16.72]}},{"type":"Feature","properties":{"name_en":"Uberlândia","name_zh":"乌贝兰迪亚","iso3":"BRA","adm1_name":"Minas Gerais","scalerank":4},"geometry":{"type":"Point","coordinates":[-48.28,-18.9]}},{"type":"Feature","properties":{"name_en":"Colíder","name_zh":"科利德尔","iso3":"BRA","adm1_name":"Mato Grosso","scalerank":4},"geometry":{"type":"Point","coordinates":[-55.451,-10.817]}},{"type":"Feature","properties":{"name_en":"Alta Floresta","name_zh":"上弗洛雷斯塔","iso3":"BRA","adm1_name":"Mato Grosso","scalerank":4},"geometry":{"type":"Point","coordinates":[-55.91,-9.9]}},{"type":"Feature","properties":{"name_en":"Cuiabá","name_zh":"库亚巴","iso3":"BRA","adm1_name":"Mato Grosso","scalerank":4},"geometry":{"type":"Point","coordinates":[-56.087,-15.568]}},{"type":"Feature","properties":{"name_en":"Pelotas","name_zh":"佩洛塔斯","iso3":"BRA","adm1_name":"Rio Grande do Sul","scalerank":4},"geometry":{"type":"Point","coordinates":[-52.33,-31.75]}},{"type":"Feature","properties":{"name_en":"Caxias do Sul","name_zh":"南卡希亚斯","iso3":"BRA","adm1_name":"Rio Grande do Sul","scalerank":4},"geometry":{"type":"Point","coordinates":[-51.17,-29.18]}},{"type":"Feature","properties":{"name_en":"Ponta Grossa","name_zh":"蓬塔格罗萨","iso3":"BRA","adm1_name":"Paraná","scalerank":4},"geometry":{"type":"Point","coordinates":[-50.16,-25.09]}},{"type":"Feature","properties":{"name_en":"Teresina","name_zh":"特雷西纳","iso3":"BRA","adm1_name":"Piauí","scalerank":4},"geometry":{"type":"Point","coordinates":[-42.782,-5.093]}},{"type":"Feature","properties":{"name_en":"Maceió","name_zh":"马塞约","iso3":"BRA","adm1_name":"Alagoas","scalerank":4},"geometry":{"type":"Point","coordinates":[-35.732,-9.618]}},{"type":"Feature","properties":{"name_en":"Vitória da Conquista","name_zh":"维多利亚-达孔基斯塔","iso3":"BRA","adm1_name":"Bahia","scalerank":4},"geometry":{"type":"Point","coordinates":[-40.84,-14.85]}},{"type":"Feature","properties":{"name_en":"Barreiras","name_zh":"巴雷拉斯","iso3":"BRA","adm1_name":"Bahia","scalerank":4},"geometry":{"type":"Point","coordinates":[-45.0,-12.14]}},{"type":"Feature","properties":{"name_en":"Vila Velha","name_zh":"韦利亚镇","iso3":"BRA","adm1_name":"Espírito Santo","scalerank":4},"geometry":{"type":"Point","coordinates":[-40.29,-20.338]}},{"type":"Feature","properties":{"name_en":"Natal","name_zh":"纳塔尔","iso3":"BRA","adm1_name":"Rio Grande do Norte","scalerank":4},"geometry":{"type":"Point","coordinates":[-35.242,-5.778]}},{"type":"Feature","properties":{"name_en":"Thompson","name_zh":"汤普森","iso3":"CAN","adm1_name":"Manitoba","scalerank":4},"geometry":{"type":"Point","coordinates":[-97.867,55.75]}},{"type":"Feature","properties":{"name_en":"Brandon","name_zh":"布兰登","iso3":"CAN","adm1_name":"Manitoba","scalerank":4},"geometry":{"type":"Point","coordinates":[-99.95,49.833]}},{"type":"Feature","properties":{"name_en":"Fort Smith","name_zh":"史密斯堡","iso3":"CAN","adm1_name":"Alberta","scalerank":4},"geometry":{"type":"Point","coordinates":[-111.883,60.0]}},{"type":"Feature","properties":{"name_en":"Fort McMurray","name_zh":"麦克默里堡","iso3":"CAN","adm1_name":"Alberta","scalerank":4},"geometry":{"type":"Point","coordinates":[-111.383,56.733]}},{"type":"Feature","properties":{"name_en":"Peace River","name_zh":"皮斯里弗","iso3":"CAN","adm1_name":"Alberta","scalerank":4},"geometry":{"type":"Point","coordinates":[-117.283,56.233]}},{"type":"Feature","properties":{"name_en":"Fort St. John","name_zh":"圣约翰堡","iso3":"CAN","adm1_name":"British Columbia","scalerank":4},"geometry":{"type":"Point","coordinates":[-120.833,56.25]}},{"type":"Feature","properties":{"name_en":"Iqaluit","name_zh":"伊魁特","iso3":"CAN","adm1_name":"Nunavut","scalerank":4},"geometry":{"type":"Point","coordinates":[-68.5,63.75]}},{"type":"Feature","properties":{"name_en":"Cambridge Bay","name_zh":"剑桥湾","iso3":"CAN","adm1_name":"Nunavut","scalerank":4},"geometry":{"type":"Point","coordinates":[-105.033,69.117]}},{"type":"Feature","properties":{"name_en":"Kugluktuk","name_zh":"库格鲁克图克","iso3":"CAN","adm1_name":"Nunavut","scalerank":4},"geometry":{"type":"Point","coordinates":[-115.125,67.799]}},{"type":"Feature","properties":{"name_en":"Chesterfield Inlet","name_zh":"切斯特菲尔德入口","iso3":"CAN","adm1_name":"Nunavut","scalerank":4},"geometry":{"type":"Point","coordinates":[-90.7,63.338]}},{"type":"Feature","properties":{"name_en":"Arviat","name_zh":"亚怀亚特","iso3":"CAN","adm1_name":"Nunavut","scalerank":4},"geometry":{"type":"Point","coordinates":[-94.059,61.109]}},{"type":"Feature","properties":{"name_en":"Taloyoak","name_zh":"塔洛約克","iso3":"CAN","adm1_name":"Nunavut","scalerank":4},"geometry":{"type":"Point","coordinates":[-93.533,69.533]}},{"type":"Feature","properties":{"name_en":"Igloolik","name_zh":"伊格卢利克","iso3":"CAN","adm1_name":"Nunavut","scalerank":4},"geometry":{"type":"Point","coordinates":[-81.794,69.257]}},{"type":"Feature","properties":{"name_en":"Dawson City","name_zh":"道森","iso3":"CAN","adm1_name":"Yukon","scalerank":4},"geometry":{"type":"Point","coordinates":[-139.417,64.067]}},{"type":"Feature","properties":{"name_en":"Timmins","name_zh":"蒂明斯","iso3":"CAN","adm1_name":"Ontario","scalerank":4},"geometry":{"type":"Point","coordinates":[-81.333,48.467]}},{"type":"Feature","properties":{"name_en":"North Bay","name_zh":"北湾","iso3":"CAN","adm1_name":"Ontario","scalerank":4},"geometry":{"type":"Point","coordinates":[-79.45,46.3]}},{"type":"Feature","properties":{"name_en":"Kuujjuarapik","name_zh":"库居阿尔阿皮克","iso3":"CAN","adm1_name":"Québec","scalerank":4},"geometry":{"type":"Point","coordinates":[-77.766,55.281]}},{"type":"Feature","properties":{"name_en":"Kuujjuaq","name_zh":"库朱瓦克","iso3":"CAN","adm1_name":"Québec","scalerank":4},"geometry":{"type":"Point","coordinates":[-68.4,58.1]}},{"type":"Feature","properties":{"name_en":"Sydney","name_zh":"悉尼","iso3":"CAN","adm1_name":"Nova Scotia","scalerank":4},"geometry":{"type":"Point","coordinates":[-60.18,46.066]}},{"type":"Feature","properties":{"name_en":"Labrador City","name_zh":"拉布拉多","iso3":"CAN","adm1_name":"Newfoundland and Labrador","scalerank":4},"geometry":{"type":"Point","coordinates":[-66.916,52.941]}},{"type":"Feature","properties":{"name_en":"Ebolowa","name_zh":"埃博洛瓦","iso3":"CMR","adm1_name":"Sud","scalerank":4},"geometry":{"type":"Point","coordinates":[11.15,2.9]}},{"type":"Feature","properties":{"name_en":"Bambari","name_zh":"班巴里","iso3":"CAF","adm1_name":"Ouaka","scalerank":4},"geometry":{"type":"Point","coordinates":[20.667,5.762]}},{"type":"Feature","properties":{"name_en":"Venice","name_zh":"威尼斯","iso3":"ITA","adm1_name":"Veneto","scalerank":4},"geometry":{"type":"Point","coordinates":[12.335,45.439]}},{"type":"Feature","properties":{"name_en":"El Calafate","name_zh":"埃尔卡拉法特","iso3":"ARG","adm1_name":"Santa Cruz","scalerank":4},"geometry":{"type":"Point","coordinates":[-72.3,-50.333]}},{"type":"Feature","properties":{"name_en":"San Juan","name_zh":"圣胡安","iso3":"ARG","adm1_name":"San Juan","scalerank":4},"geometry":{"type":"Point","coordinates":[-68.52,-31.55]}},{"type":"Feature","properties":{"name_en":"Rawson","name_zh":"罗森","iso3":"ARG","adm1_name":"Chubut","scalerank":4},"geometry":{"type":"Point","coordinates":[-65.1,-43.3]}},{"type":"Feature","properties":{"name_en":"Neuquén","name_zh":"内乌肯","iso3":"ARG","adm1_name":"Neuquén","scalerank":4},"geometry":{"type":"Point","coordinates":[-68.06,-38.95]}},{"type":"Feature","properties":{"name_en":"Trinidad","name_zh":"特立尼达","iso3":"BOL","adm1_name":"El Beni","scalerank":4},"geometry":{"type":"Point","coordinates":[-64.9,-14.833]}},{"type":"Feature","properties":{"name_en":"Santa Rosa","name_zh":"圣罗莎","iso3":"ARG","adm1_name":"La Pampa","scalerank":4},"geometry":{"type":"Point","coordinates":[-64.3,-36.62]}},{"type":"Feature","properties":{"name_en":"Bariloche","name_zh":"圣卡洛斯-德巴里洛切","iso3":"ARG","adm1_name":"Río Negro","scalerank":4},"geometry":{"type":"Point","coordinates":[-71.3,-41.15]}},{"type":"Feature","properties":{"name_en":"Salta","name_zh":"萨尔塔","iso3":"ARG","adm1_name":"Salta","scalerank":4},"geometry":{"type":"Point","coordinates":[-65.417,-24.783]}},{"type":"Feature","properties":{"name_en":"San Miguel de Tucumán","name_zh":"圣米格尔-德-图库曼","iso3":"ARG","adm1_name":"Tucumán","scalerank":4},"geometry":{"type":"Point","coordinates":[-65.219,-26.814]}},{"type":"Feature","properties":{"name_en":"Formosa","name_zh":"福莫萨","iso3":"ARG","adm1_name":"Formosa","scalerank":4},"geometry":{"type":"Point","coordinates":[-58.183,-26.173]}},{"type":"Feature","properties":{"name_en":"Santa Fe","name_zh":"圣菲","iso3":"ARG","adm1_name":"Santa Fe","scalerank":4},"geometry":{"type":"Point","coordinates":[-60.69,-31.624]}},{"type":"Feature","properties":{"name_en":"Rosario","name_zh":"罗萨里奥","iso3":"ARG","adm1_name":"Santa Fe","scalerank":4},"geometry":{"type":"Point","coordinates":[-60.668,-32.949]}},{"type":"Feature","properties":{"name_en":"Campinas","name_zh":"坎皮纳斯","iso3":"BRA","adm1_name":"São Paulo","scalerank":4},"geometry":{"type":"Point","coordinates":[-47.056,-22.908]}},{"type":"Feature","properties":{"name_en":"Sorocaba","name_zh":"索罗卡巴","iso3":"BRA","adm1_name":"São Paulo","scalerank":4},"geometry":{"type":"Point","coordinates":[-47.47,-23.49]}},{"type":"Feature","properties":{"name_en":"Ribeirão Preto","name_zh":"里贝朗普雷图","iso3":"BRA","adm1_name":"São Paulo","scalerank":4},"geometry":{"type":"Point","coordinates":[-47.83,-21.17]}},{"type":"Feature","properties":{"name_en":"Petrolina","name_zh":"彼得罗利纳","iso3":"BRA","adm1_name":"Pernambuco","scalerank":4},"geometry":{"type":"Point","coordinates":[-40.51,-9.38]}},{"type":"Feature","properties":{"name_en":"Bamenda","name_zh":"巴门达","iso3":"CMR","adm1_name":"Nord-Ouest","scalerank":4},"geometry":{"type":"Point","coordinates":[10.15,5.96]}},{"type":"Feature","properties":{"name_en":"Garoua","name_zh":"加鲁阿","iso3":"CMR","adm1_name":"Nord","scalerank":4},"geometry":{"type":"Point","coordinates":[13.39,9.3]}},{"type":"Feature","properties":{"name_en":"Herat","name_zh":"赫拉特","iso3":"AFG","adm1_name":"Hirat","scalerank":4},"geometry":{"type":"Point","coordinates":[62.17,34.33]}},{"type":"Feature","properties":{"name_en":"Mazar-i-Sharif","name_zh":"马扎里沙里夫","iso3":"AFG","adm1_name":"Balkh","scalerank":4},"geometry":{"type":"Point","coordinates":[67.1,36.7]}},{"type":"Feature","properties":{"name_en":"Battambang","name_zh":"马德望","iso3":"KHM","adm1_name":"Batdâmbâng","scalerank":4},"geometry":{"type":"Point","coordinates":[103.2,13.1]}},{"type":"Feature","properties":{"name_en":"Siem Reap","name_zh":"暹粒","iso3":"KHM","adm1_name":"Siemréab","scalerank":4},"geometry":{"type":"Point","coordinates":[103.85,13.367]}},{"type":"Feature","properties":{"name_en":"Malanje","name_zh":"马兰哲","iso3":"AGO","adm1_name":"Malanje","scalerank":4},"geometry":{"type":"Point","coordinates":[16.34,-9.54]}},{"type":"Feature","properties":{"name_en":"Benguela","name_zh":"本格拉","iso3":"AGO","adm1_name":"Benguela","scalerank":4},"geometry":{"type":"Point","coordinates":[13.407,-12.578]}},{"type":"Feature","properties":{"name_en":"Lubango","name_zh":"盧班戈","iso3":"AGO","adm1_name":"Huíla","scalerank":4},"geometry":{"type":"Point","coordinates":[13.49,-14.91]}},{"type":"Feature","properties":{"name_en":"Moçâmedes","name_zh":"纳米贝","iso3":"AGO","adm1_name":"Namibe","scalerank":4},"geometry":{"type":"Point","coordinates":[12.16,-15.19]}},{"type":"Feature","properties":{"name_en":"Tarija","name_zh":"塔里哈","iso3":"BOL","adm1_name":"Tarija","scalerank":4},"geometry":{"type":"Point","coordinates":[-64.75,-21.517]}},{"type":"Feature","properties":{"name_en":"Bridgetown","name_zh":"布里奇顿","iso3":"BRB","adm1_name":"Saint Michael","scalerank":4},"geometry":{"type":"Point","coordinates":[-59.617,13.102]}},{"type":"Feature","properties":{"name_en":"Annaba","name_zh":"安纳巴","iso3":"DZA","adm1_name":"Annaba","scalerank":4},"geometry":{"type":"Point","coordinates":[7.76,36.92]}},{"type":"Feature","properties":{"name_en":"Parakou","name_zh":"帕拉库","iso3":"BEN","adm1_name":"Borgou","scalerank":4},"geometry":{"type":"Point","coordinates":[2.62,9.34]}},{"type":"Feature","properties":{"name_en":"Porto-Novo","name_zh":"波多诺伏","iso3":"BEN","adm1_name":"Ouémé","scalerank":4},"geometry":{"type":"Point","coordinates":[2.617,6.483]}},{"type":"Feature","properties":{"name_en":"Constantine","name_zh":"君士坦丁","iso3":"DZA","adm1_name":"Constantine","scalerank":4},"geometry":{"type":"Point","coordinates":[6.6,36.36]}},{"type":"Feature","properties":{"name_en":"Brest","name_zh":"布列斯特","iso3":"BLR","adm1_name":"Brest","scalerank":4},"geometry":{"type":"Point","coordinates":[23.7,52.1]}},{"type":"Feature","properties":{"name_en":"Khulna","name_zh":"库尔纳","iso3":"BGD","adm1_name":"Khulna","scalerank":4},"geometry":{"type":"Point","coordinates":[89.558,22.842]}},{"type":"Feature","properties":{"name_en":"Francistown","name_zh":"弗朗西斯敦","iso3":"BWA","adm1_name":"Central","scalerank":4},"geometry":{"type":"Point","coordinates":[27.5,-21.17]}},{"type":"Feature","properties":{"name_en":"Mahalapye","name_zh":"马哈拉佩","iso3":"BWA","adm1_name":"Central","scalerank":4},"geometry":{"type":"Point","coordinates":[26.82,-23.1]}},{"type":"Feature","properties":{"name_en":"Serowe","name_zh":"塞罗韦","iso3":"BWA","adm1_name":"Central","scalerank":4},"geometry":{"type":"Point","coordinates":[26.71,-22.39]}},{"type":"Feature","properties":{"name_en":"Katherine","name_zh":"凱瑟琳","iso3":"AUS","adm1_name":"Northern Territory","scalerank":4},"geometry":{"type":"Point","coordinates":[132.267,-14.467]}},{"type":"Feature","properties":{"name_en":"Busselton","name_zh":"巴瑟尔顿","iso3":"AUS","adm1_name":"Western Australia","scalerank":4},"geometry":{"type":"Point","coordinates":[115.349,-33.656]}},{"type":"Feature","properties":{"name_en":"Mandurah","name_zh":"曼杜拉","iso3":"AUS","adm1_name":"Western Australia","scalerank":4},"geometry":{"type":"Point","coordinates":[115.747,-32.523]}},{"type":"Feature","properties":{"name_en":"Broome","name_zh":"布鲁姆","iso3":"AUS","adm1_name":"Western Australia","scalerank":4},"geometry":{"type":"Point","coordinates":[122.231,-17.962]}},{"type":"Feature","properties":{"name_en":"Kalgoorlie","name_zh":"卡尔古利","iso3":"AUS","adm1_name":"Western Australia","scalerank":4},"geometry":{"type":"Point","coordinates":[121.46,-30.735]}},{"type":"Feature","properties":{"name_en":"Albany","name_zh":"奥班尼","iso3":"AUS","adm1_name":"Western Australia","scalerank":4},"geometry":{"type":"Point","coordinates":[117.892,-35.017]}},{"type":"Feature","properties":{"name_en":"Port Hedland","name_zh":"黑德蘭港姆","iso3":"AUS","adm1_name":"Western Australia","scalerank":4},"geometry":{"type":"Point","coordinates":[118.606,-20.31]}},{"type":"Feature","properties":{"name_en":"Karratha","name_zh":"卡拉萨","iso3":"AUS","adm1_name":"Western Australia","scalerank":4},"geometry":{"type":"Point","coordinates":[116.87,-20.73]}},{"type":"Feature","properties":{"name_en":"Geraldton","name_zh":"杰拉尔顿","iso3":"AUS","adm1_name":"Western Australia","scalerank":4},"geometry":{"type":"Point","coordinates":[114.6,-28.767]}},{"type":"Feature","properties":{"name_en":"Griffith","name_zh":"葛瑞菲斯","iso3":"AUS","adm1_name":"New South Wales","scalerank":4},"geometry":{"type":"Point","coordinates":[146.04,-34.29]}},{"type":"Feature","properties":{"name_en":"Orange","name_zh":"奥兰治","iso3":"AUS","adm1_name":"New South Wales","scalerank":4},"geometry":{"type":"Point","coordinates":[149.1,-33.28]}},{"type":"Feature","properties":{"name_en":"Dubbo","name_zh":"达博","iso3":"AUS","adm1_name":"New South Wales","scalerank":4},"geometry":{"type":"Point","coordinates":[148.597,-32.26]}},{"type":"Feature","properties":{"name_en":"Armidale","name_zh":"阿米代尔","iso3":"AUS","adm1_name":"New South Wales","scalerank":4},"geometry":{"type":"Point","coordinates":[151.667,-30.512]}},{"type":"Feature","properties":{"name_en":"Broken Hill","name_zh":"布罗肯希尔","iso3":"AUS","adm1_name":"New South Wales","scalerank":4},"geometry":{"type":"Point","coordinates":[141.433,-31.95]}},{"type":"Feature","properties":{"name_en":"Port Lincoln","name_zh":"林肯港","iso3":"AUS","adm1_name":"South Australia","scalerank":4},"geometry":{"type":"Point","coordinates":[135.867,-34.733]}},{"type":"Feature","properties":{"name_en":"Whyalla","name_zh":"怀阿拉","iso3":"AUS","adm1_name":"South Australia","scalerank":4},"geometry":{"type":"Point","coordinates":[137.561,-33.025]}},{"type":"Feature","properties":{"name_en":"Portland","name_zh":"波特兰","iso3":"AUS","adm1_name":"Victoria","scalerank":4},"geometry":{"type":"Point","coordinates":[141.59,-38.34]}},{"type":"Feature","properties":{"name_en":"Bendigo","name_zh":"本迪戈","iso3":"AUS","adm1_name":"Victoria","scalerank":4},"geometry":{"type":"Point","coordinates":[144.28,-36.76]}},{"type":"Feature","properties":{"name_en":"Wangaratta","name_zh":"旺加拉塔","iso3":"AUS","adm1_name":"Victoria","scalerank":4},"geometry":{"type":"Point","coordinates":[146.3,-36.36]}},{"type":"Feature","properties":{"name_en":"Windorah","name_zh":"温多拉","iso3":"AUS","adm1_name":"Queensland","scalerank":4},"geometry":{"type":"Point","coordinates":[142.65,-25.433]}},{"type":"Feature","properties":{"name_en":"Mount Isa","name_zh":"伊萨山","iso3":"AUS","adm1_name":"Queensland","scalerank":4},"geometry":{"type":"Point","coordinates":[139.49,-20.724]}},{"type":"Feature","properties":{"name_en":"Rockhampton","name_zh":"洛坎普顿","iso3":"AUS","adm1_name":"Queensland","scalerank":4},"geometry":{"type":"Point","coordinates":[150.52,-23.364]}},{"type":"Feature","properties":{"name_en":"Cairns","name_zh":"凯恩斯","iso3":"AUS","adm1_name":"Queensland","scalerank":4},"geometry":{"type":"Point","coordinates":[145.763,-16.888]}},{"type":"Feature","properties":{"name_en":"Gold Coast","name_zh":"黄金海岸","iso3":"AUS","adm1_name":"Queensland","scalerank":4},"geometry":{"type":"Point","coordinates":[153.448,-28.082]}},{"type":"Feature","properties":{"name_en":"Devonport","name_zh":"德文港","iso3":"AUS","adm1_name":"Tasmania","scalerank":4},"geometry":{"type":"Point","coordinates":[146.331,-41.193]}},{"type":"Feature","properties":{"name_en":"Bobo Dioulasso","name_zh":"博博迪乌拉索","iso3":"BFA","adm1_name":"Houet","scalerank":4},"geometry":{"type":"Point","coordinates":[-4.29,11.18]}},{"type":"Feature","properties":{"name_en":"Rajshahi","name_zh":"拉杰沙希","iso3":"BGD","adm1_name":"Rajshahi","scalerank":4},"geometry":{"type":"Point","coordinates":[88.603,24.377]}},{"type":"Feature","properties":{"name_en":"Mandalay","name_zh":"曼德勒","iso3":"MMR","adm1_name":"Mandalay","scalerank":4},"geometry":{"type":"Point","coordinates":[96.083,21.972]}},{"type":"Feature","properties":{"name_en":"Sittwe","name_zh":"实兑","iso3":"MMR","adm1_name":"Rakhine","scalerank":4},"geometry":{"type":"Point","coordinates":[92.88,20.14]}},{"type":"Feature","properties":{"name_en":"Bujumbura","name_zh":"布琼布拉","iso3":"BDI","adm1_name":"Bujumbura Mairie","scalerank":4},"geometry":{"type":"Point","coordinates":[29.36,-3.376]}},{"type":"Feature","properties":{"name_en":"Pago Pago","name_zh":"帕果帕果","iso3":"ASM","adm1_name":"","scalerank":4},"geometry":{"type":"Point","coordinates":[-170.707,-14.277]}},{"type":"Feature","properties":{"name_en":"Kingstown","name_zh":"金斯敦","iso3":"VCT","adm1_name":"","scalerank":4},"geometry":{"type":"Point","coordinates":[-61.22,13.156]}},{"type":"Feature","properties":{"name_en":"Castries","name_zh":"卡斯特里","iso3":"LCA","adm1_name":"","scalerank":4},"geometry":{"type":"Point","coordinates":[-60.993,14.008]}},{"type":"Feature","properties":{"name_en":"Basseterre","name_zh":"巴斯特尔","iso3":"KNA","adm1_name":"","scalerank":4},"geometry":{"type":"Point","coordinates":[-62.717,17.302]}},{"type":"Feature","properties":{"name_en":"Las Palmas de Gran Canaria","name_zh":"拉斯帕尔马斯","iso3":"ESP","adm1_name":"","scalerank":4},"geometry":{"type":"Point","coordinates":[-15.43,28.1]}},{"type":"Feature","properties":{"name_en":"Berbera","name_zh":"柏培拉","iso3":"SOL","adm1_name":"","scalerank":4},"geometry":{"type":"Point","coordinates":[45.016,10.436]}},{"type":"Feature","properties":{"name_en":"Port Louis","name_zh":"路易港","iso3":"MUS","adm1_name":"","scalerank":4},"geometry":{"type":"Point","coordinates":[57.5,-20.167]}},{"type":"Feature","properties":{"name_en":"Gaza City","name_zh":"加薩","iso3":"PSX","adm1_name":"","scalerank":4},"geometry":{"type":"Point","coordinates":[34.445,31.53]}},{"type":"Feature","properties":{"name_en":"St. George's","name_zh":"圣乔治","iso3":"GRD","adm1_name":"","scalerank":4},"geometry":{"type":"Point","coordinates":[-61.742,12.053]}},{"type":"Feature","properties":{"name_en":"Papeete","name_zh":"帕皮提","iso3":"PYF","adm1_name":"","scalerank":4},"geometry":{"type":"Point","coordinates":[-149.567,-17.533]}},{"type":"Feature","properties":{"name_en":"Manama","name_zh":"麦纳麦","iso3":"BHR","adm1_name":"","scalerank":4},"geometry":{"type":"Point","coordinates":[50.583,26.236]}},{"type":"Feature","properties":{"name_en":"Freeport","name_zh":"自由港","iso3":"BHS","adm1_name":"","scalerank":4},"geometry":{"type":"Point","coordinates":[-78.7,26.533]}},{"type":"Feature","properties":{"name_en":"Saint John's","name_zh":"圣约翰","iso3":"ATG","adm1_name":"","scalerank":4},"geometry":{"type":"Point","coordinates":[-61.85,17.118]}},{"type":"Feature","properties":{"name_en":"Taichung","name_zh":"台中","iso3":"TWN","adm1_name":"Taichung City","scalerank":4},"geometry":{"type":"Point","coordinates":[120.682,24.152]}},{"type":"Feature","properties":{"name_en":"Napier","name_zh":"内皮尔","iso3":"NZL","adm1_name":"Gisborne","scalerank":4},"geometry":{"type":"Point","coordinates":[176.926,-39.49]}},{"type":"Feature","properties":{"name_en":"Manukau City","name_zh":"曼努考","iso3":"NZL","adm1_name":"Auckland","scalerank":4},"geometry":{"type":"Point","coordinates":[174.885,-37.0]}},{"type":"Feature","properties":{"name_en":"Hamilton","name_zh":"哈密尔顿","iso3":"NZL","adm1_name":"Waikato","scalerank":4},"geometry":{"type":"Point","coordinates":[175.29,-37.778]}},{"type":"Feature","properties":{"name_en":"Blenheim","name_zh":"布伦亨","iso3":"NZL","adm1_name":"Marlborough","scalerank":4},"geometry":{"type":"Point","coordinates":[173.955,-41.514]}},{"type":"Feature","properties":{"name_en":"Dunedin","name_zh":"达尼丁","iso3":"NZL","adm1_name":"Otago","scalerank":4},"geometry":{"type":"Point","coordinates":[170.491,-45.885]}},{"type":"Feature","properties":{"name_en":"Leh","name_zh":"莱镇","iso3":"IND","adm1_name":"Ladakh","scalerank":4},"geometry":{"type":"Point","coordinates":[77.572,34.162]}},{"type":"Feature","properties":{"name_en":"Amaravati","name_zh":"阿马拉瓦蒂","iso3":"IND","adm1_name":"Andhra Pradesh","scalerank":4},"geometry":{"type":"Point","coordinates":[80.524,16.534]}},{"type":"Feature","properties":{"name_en":"Kozhikode","name_zh":"科兹科德","iso3":"IND","adm1_name":"Kerala","scalerank":3},"geometry":{"type":"Point","coordinates":[75.768,11.252]}},{"type":"Feature","properties":{"name_en":"Bhubaneswar","name_zh":"布巴内什瓦尔","iso3":"IND","adm1_name":"Orissa","scalerank":3},"geometry":{"type":"Point","coordinates":[85.825,20.272]}},{"type":"Feature","properties":{"name_en":"Jamshedpur","name_zh":"贾姆谢德布尔","iso3":"IND","adm1_name":"Jharkhand","scalerank":3},"geometry":{"type":"Point","coordinates":[86.196,22.789]}},{"type":"Feature","properties":{"name_en":"Montevideo","name_zh":"蒙得维的亚","iso3":"URY","adm1_name":"Montevideo","scalerank":3},"geometry":{"type":"Point","coordinates":[-56.187,-34.905]}},{"type":"Feature","properties":{"name_en":"Helena","name_zh":"赫勒拿","iso3":"USA","adm1_name":"Montana","scalerank":3},"geometry":{"type":"Point","coordinates":[-112.035,46.593]}},{"type":"Feature","properties":{"name_en":"Bismarck","name_zh":"俾斯麦","iso3":"USA","adm1_name":"North Dakota","scalerank":3},"geometry":{"type":"Point","coordinates":[-100.783,46.808]}},{"type":"Feature","properties":{"name_en":"Boise","name_zh":"博伊西","iso3":"USA","adm1_name":"Idaho","scalerank":3},"geometry":{"type":"Point","coordinates":[-116.227,43.609]}},{"type":"Feature","properties":{"name_en":"San Jose","name_zh":"圣何塞","iso3":"USA","adm1_name":"California","scalerank":3},"geometry":{"type":"Point","coordinates":[-121.888,37.331]}},{"type":"Feature","properties":{"name_en":"Sacramento","name_zh":"沙加缅度","iso3":"USA","adm1_name":"California","scalerank":3},"geometry":{"type":"Point","coordinates":[-121.472,38.577]}},{"type":"Feature","properties":{"name_en":"Las Vegas","name_zh":"拉斯维加斯","iso3":"USA","adm1_name":"Nevada","scalerank":3},"geometry":{"type":"Point","coordinates":[-115.151,36.165]}},{"type":"Feature","properties":{"name_en":"Santa Fe","name_zh":"圣菲","iso3":"USA","adm1_name":"New Mexico","scalerank":3},"geometry":{"type":"Point","coordinates":[-105.937,35.687]}},{"type":"Feature","properties":{"name_en":"Portland","name_zh":"波特兰","iso3":"USA","adm1_name":"Oregon","scalerank":3},"geometry":{"type":"Point","coordinates":[-122.682,45.522]}},{"type":"Feature","properties":{"name_en":"Salt Lake City","name_zh":"盐湖城","iso3":"USA","adm1_name":"Utah","scalerank":3},"geometry":{"type":"Point","coordinates":[-111.932,40.777]}},{"type":"Feature","properties":{"name_en":"Cheyenne","name_zh":"夏延","iso3":"USA","adm1_name":"Wyoming","scalerank":3},"geometry":{"type":"Point","coordinates":[-104.82,41.14]}},{"type":"Feature","properties":{"name_en":"Des Moines","name_zh":"德梅因","iso3":"USA","adm1_name":"Iowa","scalerank":3},"geometry":{"type":"Point","coordinates":[-93.62,41.58]}},{"type":"Feature","properties":{"name_en":"Omaha","name_zh":"奥马哈","iso3":"USA","adm1_name":"Nebraska","scalerank":3},"geometry":{"type":"Point","coordinates":[-96.01,41.24]}},{"type":"Feature","properties":{"name_en":"Oklahoma City","name_zh":"奧克拉荷馬","iso3":"USA","adm1_name":"Oklahoma","scalerank":3},"geometry":{"type":"Point","coordinates":[-97.521,35.472]}},{"type":"Feature","properties":{"name_en":"Pierre","name_zh":"皮尔","iso3":"USA","adm1_name":"South Dakota","scalerank":3},"geometry":{"type":"Point","coordinates":[-100.351,44.368]}},{"type":"Feature","properties":{"name_en":"San Antonio","name_zh":"圣安东尼奥","iso3":"USA","adm1_name":"Texas","scalerank":3},"geometry":{"type":"Point","coordinates":[-98.493,29.42]}},{"type":"Feature","properties":{"name_en":"San Cristóbal","name_zh":"圣克里斯托瓦尔","iso3":"VEN","adm1_name":"Táchira","scalerank":3},"geometry":{"type":"Point","coordinates":[-72.25,7.77]}},{"type":"Feature","properties":{"name_en":"Valencia","name_zh":"巴伦西亚","iso3":"VEN","adm1_name":"Carabobo","scalerank":3},"geometry":{"type":"Point","coordinates":[-67.982,10.232]}},{"type":"Feature","properties":{"name_en":"Jackson","name_zh":"杰克逊","iso3":"USA","adm1_name":"Mississippi","scalerank":3},"geometry":{"type":"Point","coordinates":[-90.185,32.299]}},{"type":"Feature","properties":{"name_en":"Raleigh","name_zh":"罗利","iso3":"USA","adm1_name":"North Carolina","scalerank":3},"geometry":{"type":"Point","coordinates":[-78.647,35.773]}},{"type":"Feature","properties":{"name_en":"Cleveland","name_zh":"克里夫兰","iso3":"USA","adm1_name":"Ohio","scalerank":3},"geometry":{"type":"Point","coordinates":[-81.697,41.472]}},{"type":"Feature","properties":{"name_en":"Cincinnati","name_zh":"辛辛那提","iso3":"USA","adm1_name":"Ohio","scalerank":3},"geometry":{"type":"Point","coordinates":[-84.459,39.164]}},{"type":"Feature","properties":{"name_en":"Nashville","name_zh":"纳什维尔","iso3":"USA","adm1_name":"Tennessee","scalerank":3},"geometry":{"type":"Point","coordinates":[-86.782,36.172]}},{"type":"Feature","properties":{"name_en":"Memphis","name_zh":"孟菲斯","iso3":"USA","adm1_name":"Tennessee","scalerank":3},"geometry":{"type":"Point","coordinates":[-90.029,35.145]}},{"type":"Feature","properties":{"name_en":"Norfolk","name_zh":"諾福克","iso3":"USA","adm1_name":"Virginia","scalerank":3},"geometry":{"type":"Point","coordinates":[-76.28,36.85]}},{"type":"Feature","properties":{"name_en":"Milwaukee","name_zh":"密尔沃基","iso3":"USA","adm1_name":"Wisconsin","scalerank":3},"geometry":{"type":"Point","coordinates":[-87.917,43.03]}},{"type":"Feature","properties":{"name_en":"Buffalo","name_zh":"水牛城","iso3":"USA","adm1_name":"New York","scalerank":3},"geometry":{"type":"Point","coordinates":[-78.882,42.882]}},{"type":"Feature","properties":{"name_en":"Pittsburgh","name_zh":"匹兹堡","iso3":"USA","adm1_name":"Pennsylvania","scalerank":3},"geometry":{"type":"Point","coordinates":[-80.002,40.432]}},{"type":"Feature","properties":{"name_en":"Ciudad Guayana","name_zh":"圭亚那城","iso3":"VEN","adm1_name":"Bolívar","scalerank":3},"geometry":{"type":"Point","coordinates":[-62.62,8.37]}},{"type":"Feature","properties":{"name_en":"Lomé","name_zh":"洛美","iso3":"TGO","adm1_name":"Maritime","scalerank":3},"geometry":{"type":"Point","coordinates":[1.221,6.134]}},{"type":"Feature","properties":{"name_en":"Tunis","name_zh":"突尼斯","iso3":"TUN","adm1_name":"Tunis","scalerank":3},"geometry":{"type":"Point","coordinates":[10.18,36.803]}},{"type":"Feature","properties":{"name_en":"Kodiak","name_zh":"科迪亚克","iso3":"USA","adm1_name":"Alaska","scalerank":3},"geometry":{"type":"Point","coordinates":[-152.407,57.79]}},{"type":"Feature","properties":{"name_en":"Cold Bay","name_zh":"冷湾","iso3":"USA","adm1_name":"Alaska","scalerank":3},"geometry":{"type":"Point","coordinates":[-162.715,55.2]}},{"type":"Feature","properties":{"name_en":"Bethel","name_zh":"伯特利","iso3":"USA","adm1_name":"Alaska","scalerank":3},"geometry":{"type":"Point","coordinates":[-161.756,60.793]}},{"type":"Feature","properties":{"name_en":"Point Hope","name_zh":"波因特霍普","iso3":"USA","adm1_name":"Alaska","scalerank":3},"geometry":{"type":"Point","coordinates":[-166.808,68.348]}},{"type":"Feature","properties":{"name_en":"Utqiagvik","name_zh":"巴罗","iso3":"USA","adm1_name":"Alaska","scalerank":3},"geometry":{"type":"Point","coordinates":[-156.789,71.291]}},{"type":"Feature","properties":{"name_en":"Nome","name_zh":"诺姆","iso3":"USA","adm1_name":"Alaska","scalerank":3},"geometry":{"type":"Point","coordinates":[-165.406,64.506]}},{"type":"Feature","properties":{"name_en":"Valdez","name_zh":"瓦尔迪兹","iso3":"USA","adm1_name":"Alaska","scalerank":3},"geometry":{"type":"Point","coordinates":[-146.348,61.136]}},{"type":"Feature","properties":{"name_en":"Juneau","name_zh":"朱諾","iso3":"USA","adm1_name":"Alaska","scalerank":3},"geometry":{"type":"Point","coordinates":[-134.401,58.303]}},{"type":"Feature","properties":{"name_en":"Fairbanks","name_zh":"费尔班克斯","iso3":"USA","adm1_name":"Alaska","scalerank":3},"geometry":{"type":"Point","coordinates":[-147.711,64.837]}},{"type":"Feature","properties":{"name_en":"Prudhoe Bay","name_zh":"普拉德霍湾","iso3":"USA","adm1_name":"Alaska","scalerank":3},"geometry":{"type":"Point","coordinates":[-148.669,70.292]}},{"type":"Feature","properties":{"name_en":"Sevastopol","name_zh":"塞瓦斯托波尔","iso3":"RUS","adm1_name":"Crimea","scalerank":3},"geometry":{"type":"Point","coordinates":[33.524,44.604]}},{"type":"Feature","properties":{"name_en":"Abu Dhabi","name_zh":"阿布扎比","iso3":"ARE","adm1_name":"Abu Dhabi","scalerank":3},"geometry":{"type":"Point","coordinates":[54.367,24.467]}},{"type":"Feature","properties":{"name_en":"Ashgabat","name_zh":"阿什哈巴德","iso3":"TKM","adm1_name":"Ahal","scalerank":3},"geometry":{"type":"Point","coordinates":[58.383,37.95]}},{"type":"Feature","properties":{"name_en":"Samarkand","name_zh":"撒马尔罕","iso3":"UZB","adm1_name":"Samarkand","scalerank":3},"geometry":{"type":"Point","coordinates":[66.945,39.67]}},{"type":"Feature","properties":{"name_en":"Lusaka","name_zh":"卢萨卡","iso3":"ZMB","adm1_name":"Lusaka","scalerank":3},"geometry":{"type":"Point","coordinates":[28.281,-15.415]}},{"type":"Feature","properties":{"name_en":"Harare","name_zh":"哈拉雷","iso3":"ZWE","adm1_name":"Harare","scalerank":3},"geometry":{"type":"Point","coordinates":[31.043,-17.816]}},{"type":"Feature","properties":{"name_en":"Bulawayo","name_zh":"布拉瓦约","iso3":"ZWE","adm1_name":"Bulawayo","scalerank":3},"geometry":{"type":"Point","coordinates":[28.58,-20.17]}},{"type":"Feature","properties":{"name_en":"Dili","name_zh":"帝力","iso3":"TLS","adm1_name":"Dili","scalerank":3},"geometry":{"type":"Point","coordinates":[125.579,-8.559]}},{"type":"Feature","properties":{"name_en":"Port Vila","name_zh":"维拉港","iso3":"VUT","adm1_name":"Shefa","scalerank":3},"geometry":{"type":"Point","coordinates":[168.317,-17.733]}},{"type":"Feature","properties":{"name_en":"Tegucigalpa","name_zh":"特古西加尔巴","iso3":"HND","adm1_name":"Francisco Morazán","scalerank":3},"geometry":{"type":"Point","coordinates":[-87.219,14.104]}},{"type":"Feature","properties":{"name_en":"Georgetown","name_zh":"乔治敦","iso3":"GUY","adm1_name":"East Berbice-Corentyne","scalerank":3},"geometry":{"type":"Point","coordinates":[-58.167,6.802]}},{"type":"Feature","properties":{"name_en":"Reykjavík","name_zh":"雷克雅未克","iso3":"ISL","adm1_name":"Suðurnes","scalerank":3},"geometry":{"type":"Point","coordinates":[-21.937,64.143]}},{"type":"Feature","properties":{"name_en":"Port-au-Prince","name_zh":"太子港","iso3":"HTI","adm1_name":"Ouest","scalerank":3},"geometry":{"type":"Point","coordinates":[-72.338,18.543]}},{"type":"Feature","properties":{"name_en":"Glasgow","name_zh":"格拉斯哥","iso3":"GBR","adm1_name":"Glasgow","scalerank":3},"geometry":{"type":"Point","coordinates":[-4.239,55.862]}},{"type":"Feature","properties":{"name_en":"Kampala","name_zh":"坎帕拉","iso3":"UGA","adm1_name":"Kampala","scalerank":3},"geometry":{"type":"Point","coordinates":[32.581,0.319]}},{"type":"Feature","properties":{"name_en":"Aden","name_zh":"亚丁","iso3":"YEM","adm1_name":"`Adan","scalerank":3},"geometry":{"type":"Point","coordinates":[45.009,12.78]}},{"type":"Feature","properties":{"name_en":"Paramaribo","name_zh":"帕拉马里博","iso3":"SUR","adm1_name":"Paramaribo","scalerank":3},"geometry":{"type":"Point","coordinates":[-55.167,5.835]}},{"type":"Feature","properties":{"name_en":"Seville","name_zh":"塞维利亚","iso3":"ESP","adm1_name":"Andalucía","scalerank":3},"geometry":{"type":"Point","coordinates":[-5.98,37.405]}},{"type":"Feature","properties":{"name_en":"Zinder","name_zh":"津德尔","iso3":"NER","adm1_name":"Zinder","scalerank":3},"geometry":{"type":"Point","coordinates":[8.983,13.8]}},{"type":"Feature","properties":{"name_en":"Niamey","name_zh":"尼亚美","iso3":"NER","adm1_name":"Niamey","scalerank":3},"geometry":{"type":"Point","coordinates":[2.115,13.519]}},{"type":"Feature","properties":{"name_en":"Port Sudan","name_zh":"苏丹港","iso3":"SDN","adm1_name":"Red Sea","scalerank":3},"geometry":{"type":"Point","coordinates":[37.216,19.616]}},{"type":"Feature","properties":{"name_en":"Dushanbe","name_zh":"杜尚别","iso3":"TJK","adm1_name":"Tadzhikistan Territories","scalerank":3},"geometry":{"type":"Point","coordinates":[68.774,38.56]}},{"type":"Feature","properties":{"name_en":"Cuzco","name_zh":"库斯科","iso3":"PER","adm1_name":"Cusco","scalerank":3},"geometry":{"type":"Point","coordinates":[-71.972,-13.525]}},{"type":"Feature","properties":{"name_en":"Tacna","name_zh":"塔克纳","iso3":"PER","adm1_name":"Tacna","scalerank":3},"geometry":{"type":"Point","coordinates":[-70.25,-18.0]}},{"type":"Feature","properties":{"name_en":"Trujillo","name_zh":"特鲁希略","iso3":"PER","adm1_name":"La Libertad","scalerank":3},"geometry":{"type":"Point","coordinates":[-79.02,-8.12]}},{"type":"Feature","properties":{"name_en":"Ica","name_zh":"伊卡","iso3":"PER","adm1_name":"Ica","scalerank":3},"geometry":{"type":"Point","coordinates":[-75.725,-14.068]}},{"type":"Feature","properties":{"name_en":"Asunción","name_zh":"亚松森","iso3":"PRY","adm1_name":"Asunción","scalerank":3},"geometry":{"type":"Point","coordinates":[-57.626,-25.291]}},{"type":"Feature","properties":{"name_en":"Managua","name_zh":"馬拿瓜","iso3":"NIC","adm1_name":"Managua","scalerank":3},"geometry":{"type":"Point","coordinates":[-86.27,12.155]}},{"type":"Feature","properties":{"name_en":"Freetown","name_zh":"弗里敦","iso3":"SLE","adm1_name":"Western","scalerank":3},"geometry":{"type":"Point","coordinates":[-13.236,8.472]}},{"type":"Feature","properties":{"name_en":"Agadez","name_zh":"阿加德兹","iso3":"NER","adm1_name":"Agadez","scalerank":3},"geometry":{"type":"Point","coordinates":[7.983,16.996]}},{"type":"Feature","properties":{"name_en":"Nyala","name_zh":"尼亚拉","iso3":"SDN","adm1_name":"South Darfur","scalerank":3},"geometry":{"type":"Point","coordinates":[24.89,12.06]}},{"type":"Feature","properties":{"name_en":"Wau","name_zh":"瓦乌","iso3":"SSD","adm1_name":"West Bahr-al-Ghazal","scalerank":3},"geometry":{"type":"Point","coordinates":[27.99,7.7]}},{"type":"Feature","properties":{"name_en":"Karma","name_zh":"栋古拉","iso3":"SDN","adm1_name":"Northern","scalerank":3},"geometry":{"type":"Point","coordinates":[30.483,19.167]}},{"type":"Feature","properties":{"name_en":"Kassala","name_zh":"卡薩拉","iso3":"SDN","adm1_name":"Kassala","scalerank":3},"geometry":{"type":"Point","coordinates":[36.39,15.46]}},{"type":"Feature","properties":{"name_en":"Tromsø","name_zh":"特罗姆瑟","iso3":"NOR","adm1_name":"Troms","scalerank":3},"geometry":{"type":"Point","coordinates":[18.992,69.635]}},{"type":"Feature","properties":{"name_en":"Trondheim","name_zh":"特隆赫姆","iso3":"NOR","adm1_name":"Sør-Trøndelag","scalerank":3},"geometry":{"type":"Point","coordinates":[10.417,63.417]}},{"type":"Feature","properties":{"name_en":"Bergen","name_zh":"卑尔根","iso3":"NOR","adm1_name":"Hordaland","scalerank":3},"geometry":{"type":"Point","coordinates":[5.325,60.391]}},{"type":"Feature","properties":{"name_en":"Islamabad","name_zh":"伊斯兰堡","iso3":"PAK","adm1_name":"F.C.T.","scalerank":3},"geometry":{"type":"Point","coordinates":[73.081,33.689]}},{"type":"Feature","properties":{"name_en":"Multan","name_zh":"木尔坦","iso3":"PAK","adm1_name":"Punjab","scalerank":3},"geometry":{"type":"Point","coordinates":[71.453,30.202]}},{"type":"Feature","properties":{"name_en":"Hyderabad","name_zh":"海得拉巴","iso3":"PAK","adm1_name":"Sind","scalerank":3},"geometry":{"type":"Point","coordinates":[68.373,25.382]}},{"type":"Feature","properties":{"name_en":"Peshawar","name_zh":"白沙瓦","iso3":"PAK","adm1_name":"N.W.F.P.","scalerank":3},"geometry":{"type":"Point","coordinates":[71.533,34.007]}},{"type":"Feature","properties":{"name_en":"Kathmandu","name_zh":"加德满都","iso3":"NPL","adm1_name":"Bhaktapur","scalerank":3},"geometry":{"type":"Point","coordinates":[85.315,27.719]}},{"type":"Feature","properties":{"name_en":"Nacala","name_zh":"纳卡拉","iso3":"MOZ","adm1_name":"Nampula","scalerank":3},"geometry":{"type":"Point","coordinates":[40.715,-14.519]}},{"type":"Feature","properties":{"name_en":"Bloemfontein","name_zh":"布隆方丹","iso3":"ZAF","adm1_name":"Orange Free State","scalerank":3},"geometry":{"type":"Point","coordinates":[26.23,-29.12]}},{"type":"Feature","properties":{"name_en":"Pretoria","name_zh":"比勒陀利亚","iso3":"ZAF","adm1_name":"Gauteng","scalerank":3},"geometry":{"type":"Point","coordinates":[28.227,-25.705]}},{"type":"Feature","properties":{"name_en":"Port Moresby","name_zh":"莫尔兹比港","iso3":"PNG","adm1_name":"Central","scalerank":3},"geometry":{"type":"Point","coordinates":[147.193,-9.465]}},{"type":"Feature","properties":{"name_en":"Honiara","name_zh":"霍尼亚拉","iso3":"SLB","adm1_name":"Guadalcanal","scalerank":3},"geometry":{"type":"Point","coordinates":[159.95,-9.438]}},{"type":"Feature","properties":{"name_en":"Panama City","name_zh":"巴拿马城","iso3":"PAN","adm1_name":"Panama","scalerank":3},"geometry":{"type":"Point","coordinates":[-79.535,8.97]}},{"type":"Feature","properties":{"name_en":"Fez","name_zh":"非斯","iso3":"MAR","adm1_name":"Fès - Boulemane","scalerank":3},"geometry":{"type":"Point","coordinates":[-5.002,34.057]}},{"type":"Feature","properties":{"name_en":"Rabat","name_zh":"拉巴特","iso3":"MAR","adm1_name":"Rabat - Salé - Zemmour - Zaer","scalerank":3},"geometry":{"type":"Point","coordinates":[-6.836,34.025]}},{"type":"Feature","properties":{"name_en":"Marrakesh","name_zh":"马拉喀什","iso3":"MAR","adm1_name":"Marrakech - Tensift - Al Haouz","scalerank":3},"geometry":{"type":"Point","coordinates":[-8.002,31.632]}},{"type":"Feature","properties":{"name_en":"Chișinău","name_zh":"基希讷乌","iso3":"MDA","adm1_name":"Chisinau","scalerank":3},"geometry":{"type":"Point","coordinates":[28.858,47.005]}},{"type":"Feature","properties":{"name_en":"Beira","name_zh":"贝拉","iso3":"MOZ","adm1_name":"Sofala","scalerank":3},"geometry":{"type":"Point","coordinates":[34.87,-19.82]}},{"type":"Feature","properties":{"name_en":"Port Elizabeth","name_zh":"伊莉莎白港","iso3":"ZAF","adm1_name":"Eastern Cape","scalerank":3},"geometry":{"type":"Point","coordinates":[25.598,-33.968]}},{"type":"Feature","properties":{"name_en":"Maputo","name_zh":"马普托","iso3":"MOZ","adm1_name":"Maputo","scalerank":3},"geometry":{"type":"Point","coordinates":[32.587,-25.953]}},{"type":"Feature","properties":{"name_en":"Tomsk","name_zh":"托木斯克","iso3":"RUS","adm1_name":"Tomsk","scalerank":3},"geometry":{"type":"Point","coordinates":[84.975,56.495]}},{"type":"Feature","properties":{"name_en":"Anadyr","name_zh":"阿纳德尔","iso3":"RUS","adm1_name":"Chukchi Autonomous Okrug","scalerank":3},"geometry":{"type":"Point","coordinates":[177.475,64.737]}},{"type":"Feature","properties":{"name_en":"Murmansk","name_zh":"摩尔曼斯克","iso3":"RUS","adm1_name":"Murmansk","scalerank":3},"geometry":{"type":"Point","coordinates":[33.1,68.97]}},{"type":"Feature","properties":{"name_en":"Arkhangelsk","name_zh":"阿尔汉格尔斯克","iso3":"RUS","adm1_name":"Arkhangel'sk","scalerank":3},"geometry":{"type":"Point","coordinates":[40.545,64.575]}},{"type":"Feature","properties":{"name_en":"Nizhny Novgorod","name_zh":"下诺夫哥罗德","iso3":"RUS","adm1_name":"Nizhegorod","scalerank":3},"geometry":{"type":"Point","coordinates":[43.998,56.335]}},{"type":"Feature","properties":{"name_en":"Volgograd","name_zh":"伏尔加格勒","iso3":"RUS","adm1_name":"Volgograd","scalerank":3},"geometry":{"type":"Point","coordinates":[44.498,48.712]}},{"type":"Feature","properties":{"name_en":"Ufa","name_zh":"乌法","iso3":"RUS","adm1_name":"Bashkortostan","scalerank":3},"geometry":{"type":"Point","coordinates":[56.038,54.792]}},{"type":"Feature","properties":{"name_en":"Yekaterinburg","name_zh":"叶卡捷琳堡","iso3":"RUS","adm1_name":"Sverdlovsk","scalerank":3},"geometry":{"type":"Point","coordinates":[60.598,56.852]}},{"type":"Feature","properties":{"name_en":"Samara","name_zh":"萨马拉","iso3":"RUS","adm1_name":"Samara","scalerank":3},"geometry":{"type":"Point","coordinates":[50.149,53.197]}},{"type":"Feature","properties":{"name_en":"Kazan","name_zh":"喀山","iso3":"RUS","adm1_name":"Tatarstan","scalerank":3},"geometry":{"type":"Point","coordinates":[49.124,55.752]}},{"type":"Feature","properties":{"name_en":"Surgut","name_zh":"苏尔古特","iso3":"RUS","adm1_name":"Khanty-Mansiy","scalerank":3},"geometry":{"type":"Point","coordinates":[73.425,61.26]}},{"type":"Feature","properties":{"name_en":"Barnaul","name_zh":"巴尔瑙尔","iso3":"RUS","adm1_name":"Altay","scalerank":3},"geometry":{"type":"Point","coordinates":[83.745,53.355]}},{"type":"Feature","properties":{"name_en":"Novosibirsk","name_zh":"新西伯利亚","iso3":"RUS","adm1_name":"Novosibirsk","scalerank":3},"geometry":{"type":"Point","coordinates":[82.958,55.032]}},{"type":"Feature","properties":{"name_en":"Mogadishu","name_zh":"摩加迪休","iso3":"SOM","adm1_name":"Banaadir","scalerank":3},"geometry":{"type":"Point","coordinates":[45.365,2.069]}},{"type":"Feature","properties":{"name_en":"Muscat","name_zh":"马斯喀特","iso3":"OMN","adm1_name":"Muscat","scalerank":3},"geometry":{"type":"Point","coordinates":[58.378,23.585]}},{"type":"Feature","properties":{"name_en":"Colombo","name_zh":"科伦坡","iso3":"LKA","adm1_name":"Colombo","scalerank":3},"geometry":{"type":"Point","coordinates":[79.858,6.932]}},{"type":"Feature","properties":{"name_en":"Cebu City","name_zh":"宿雾","iso3":"PHL","adm1_name":"Cebu","scalerank":3},"geometry":{"type":"Point","coordinates":[123.898,10.322]}},{"type":"Feature","properties":{"name_en":"Iloilo City","name_zh":"伊洛伊洛","iso3":"PHL","adm1_name":"Iloilo","scalerank":3},"geometry":{"type":"Point","coordinates":[122.545,10.705]}},{"type":"Feature","properties":{"name_en":"Davao City","name_zh":"达沃","iso3":"PHL","adm1_name":"Davao Del Sur","scalerank":3},"geometry":{"type":"Point","coordinates":[125.628,7.112]}},{"type":"Feature","properties":{"name_en":"Bratsk","name_zh":"布拉茨克","iso3":"RUS","adm1_name":"Irkutsk","scalerank":3},"geometry":{"type":"Point","coordinates":[101.615,56.157]}},{"type":"Feature","properties":{"name_en":"Irkutsk","name_zh":"伊尔库茨克","iso3":"RUS","adm1_name":"Irkutsk","scalerank":3},"geometry":{"type":"Point","coordinates":[104.284,52.285]}},{"type":"Feature","properties":{"name_en":"Krasnoyarsk","name_zh":"克拉斯诺亚尔斯克","iso3":"RUS","adm1_name":"Krasnoyarsk","scalerank":3},"geometry":{"type":"Point","coordinates":[92.864,56.016]}},{"type":"Feature","properties":{"name_en":"Dikson","name_zh":"迪克森","iso3":"RUS","adm1_name":"Taymyr","scalerank":3},"geometry":{"type":"Point","coordinates":[80.545,73.507]}},{"type":"Feature","properties":{"name_en":"Chita","name_zh":"赤塔","iso3":"RUS","adm1_name":"Chita","scalerank":3},"geometry":{"type":"Point","coordinates":[113.465,52.055]}},{"type":"Feature","properties":{"name_en":"Vladivostok","name_zh":"海参崴","iso3":"RUS","adm1_name":"Primor'ye","scalerank":3},"geometry":{"type":"Point","coordinates":[131.91,43.13]}},{"type":"Feature","properties":{"name_en":"Nizhneyansk","name_zh":"下揚斯克","iso3":"RUS","adm1_name":"Sakha (Yakutia)","scalerank":3},"geometry":{"type":"Point","coordinates":[136.067,71.433]}},{"type":"Feature","properties":{"name_en":"Yakutsk","name_zh":"雅库茨克","iso3":"RUS","adm1_name":"Sakha (Yakutia)","scalerank":3},"geometry":{"type":"Point","coordinates":[129.735,62.035]}},{"type":"Feature","properties":{"name_en":"Tiksi","name_zh":"季克西","iso3":"RUS","adm1_name":"Sakha (Yakutia)","scalerank":3},"geometry":{"type":"Point","coordinates":[128.835,71.627]}},{"type":"Feature","properties":{"name_en":"Magadan","name_zh":"马加丹","iso3":"RUS","adm1_name":"Maga Buryatdan","scalerank":3},"geometry":{"type":"Point","coordinates":[150.81,59.575]}},{"type":"Feature","properties":{"name_en":"Tijuana","name_zh":"蒂华纳","iso3":"MEX","adm1_name":"Baja California","scalerank":3},"geometry":{"type":"Point","coordinates":[-117.082,32.502]}},{"type":"Feature","properties":{"name_en":"Chihuahua City","name_zh":"奇瓦瓦","iso3":"MEX","adm1_name":"Chihuahua","scalerank":3},"geometry":{"type":"Point","coordinates":[-106.087,28.647]}},{"type":"Feature","properties":{"name_en":"Juarez","name_zh":"马萨特兰","iso3":"MEX","adm1_name":"Sinaloa","scalerank":3},"geometry":{"type":"Point","coordinates":[-106.42,23.221]}},{"type":"Feature","properties":{"name_en":"Ciudad Madero Tamaulipas","name_zh":"坦皮科","iso3":"MEX","adm1_name":"Tamaulipas","scalerank":3},"geometry":{"type":"Point","coordinates":[-97.87,22.3]}},{"type":"Feature","properties":{"name_en":"Acapulco de Juárez","name_zh":"阿卡普尔科","iso3":"MEX","adm1_name":"Guerrero","scalerank":3},"geometry":{"type":"Point","coordinates":[-99.916,16.85]}},{"type":"Feature","properties":{"name_en":"Veracruz","name_zh":"韦拉克鲁斯","iso3":"MEX","adm1_name":"Veracruz","scalerank":3},"geometry":{"type":"Point","coordinates":[-96.16,19.177]}},{"type":"Feature","properties":{"name_en":"Tuxtla Gutiérrez","name_zh":"图斯特拉－古铁雷斯","iso3":"MEX","adm1_name":"Chiapas","scalerank":3},"geometry":{"type":"Point","coordinates":[-93.15,16.75]}},{"type":"Feature","properties":{"name_en":"Cancun","name_zh":"坎昆","iso3":"MEX","adm1_name":"Quintana Roo","scalerank":3},"geometry":{"type":"Point","coordinates":[-86.83,21.17]}},{"type":"Feature","properties":{"name_en":"Mérida","name_zh":"梅里达","iso3":"MEX","adm1_name":"Yucatán","scalerank":3},"geometry":{"type":"Point","coordinates":[-89.619,20.969]}},{"type":"Feature","properties":{"name_en":"Enugu","name_zh":"埃努古","iso3":"NGA","adm1_name":"Enugu","scalerank":3},"geometry":{"type":"Point","coordinates":[7.5,6.45]}},{"type":"Feature","properties":{"name_en":"Sokoto","name_zh":"索科托","iso3":"NGA","adm1_name":"Sokoto","scalerank":3},"geometry":{"type":"Point","coordinates":[5.24,13.06]}},{"type":"Feature","properties":{"name_en":"Perm","name_zh":"彼尔姆","iso3":"RUS","adm1_name":"Perm'","scalerank":3},"geometry":{"type":"Point","coordinates":[56.248,58.002]}},{"type":"Feature","properties":{"name_en":"Erdenet","name_zh":"额尔登特","iso3":"MNG","adm1_name":"Orhon","scalerank":3},"geometry":{"type":"Point","coordinates":[104.118,49.053]}},{"type":"Feature","properties":{"name_en":"Ulaanbaatar","name_zh":"乌兰巴托","iso3":"MNG","adm1_name":"Ulaanbaatar","scalerank":3},"geometry":{"type":"Point","coordinates":[106.915,47.919]}},{"type":"Feature","properties":{"name_en":"Mbeya","name_zh":"姆贝亚","iso3":"TZA","adm1_name":"Mbeya","scalerank":3},"geometry":{"type":"Point","coordinates":[33.43,-8.89]}},{"type":"Feature","properties":{"name_en":"Windhoek","name_zh":"温得和克","iso3":"NAM","adm1_name":"Khomas","scalerank":3},"geometry":{"type":"Point","coordinates":[17.084,-22.57]}},{"type":"Feature","properties":{"name_en":"Grootfontein","name_zh":"赫鲁特方丹","iso3":"NAM","adm1_name":"Otjozondjupa","scalerank":3},"geometry":{"type":"Point","coordinates":[18.117,-19.567]}},{"type":"Feature","properties":{"name_en":"Zanzibar City","name_zh":"桑给巴尔","iso3":"TZA","adm1_name":"Zanzibar West","scalerank":3},"geometry":{"type":"Point","coordinates":[39.2,-6.16]}},{"type":"Feature","properties":{"name_en":"Valencia","name_zh":"巴伦西亚","iso3":"ESP","adm1_name":"Comunidad Valenciana","scalerank":3},"geometry":{"type":"Point","coordinates":[-0.402,39.487]}},{"type":"Feature","properties":{"name_en":"Palana","name_zh":"帕拉纳","iso3":"RUS","adm1_name":"Kamchatka","scalerank":3},"geometry":{"type":"Point","coordinates":[159.95,59.084]}},{"type":"Feature","properties":{"name_en":"Petropavlovsk-Kamchatsky","name_zh":"堪察加彼得巴甫洛夫斯克","iso3":"RUS","adm1_name":"Kamchatka","scalerank":3},"geometry":{"type":"Point","coordinates":[158.623,53.062]}},{"type":"Feature","properties":{"name_en":"Abuja","name_zh":"阿布贾","iso3":"NGA","adm1_name":"Federal Capital Territory","scalerank":3},"geometry":{"type":"Point","coordinates":[7.49,9.055]}},{"type":"Feature","properties":{"name_en":"Padang","name_zh":"巴东","iso3":"IDN","adm1_name":"Sumatera Barat","scalerank":3},"geometry":{"type":"Point","coordinates":[100.358,-0.958]}},{"type":"Feature","properties":{"name_en":"Bissau","name_zh":"比绍","iso3":"GNB","adm1_name":"Bissau","scalerank":3},"geometry":{"type":"Point","coordinates":[-15.598,11.865]}},{"type":"Feature","properties":{"name_en":"Palermo","name_zh":"巴勒莫","iso3":"ITA","adm1_name":"Sicily","scalerank":3},"geometry":{"type":"Point","coordinates":[13.348,38.127]}},{"type":"Feature","properties":{"name_en":"Amman","name_zh":"安曼","iso3":"JOR","adm1_name":"Amman","scalerank":3},"geometry":{"type":"Point","coordinates":[35.931,31.952]}},{"type":"Feature","properties":{"name_en":"Vilnius","name_zh":"维尔纽斯","iso3":"LTU","adm1_name":"Vilniaus","scalerank":3},"geometry":{"type":"Point","coordinates":[25.317,54.683]}},{"type":"Feature","properties":{"name_en":"Riga","name_zh":"里加","iso3":"LVA","adm1_name":"Riga","scalerank":3},"geometry":{"type":"Point","coordinates":[24.1,56.95]}},{"type":"Feature","properties":{"name_en":"Bishkek","name_zh":"比什凯克","iso3":"KGZ","adm1_name":"Bishkek","scalerank":3},"geometry":{"type":"Point","coordinates":[74.583,42.875]}},{"type":"Feature","properties":{"name_en":"Jiayuguan City","name_zh":"嘉峪关","iso3":"CHN","adm1_name":"Gansu","scalerank":3},"geometry":{"type":"Point","coordinates":[98.3,39.82]}},{"type":"Feature","properties":{"name_en":"Xining","name_zh":"西宁","iso3":"CHN","adm1_name":"Gansu","scalerank":3},"geometry":{"type":"Point","coordinates":[101.768,36.622]}},{"type":"Feature","properties":{"name_en":"Guilin","name_zh":"桂林","iso3":"CHN","adm1_name":"Guangxi","scalerank":3},"geometry":{"type":"Point","coordinates":[110.278,25.282]}},{"type":"Feature","properties":{"name_en":"Huainan","name_zh":"淮南","iso3":"CHN","adm1_name":"Anhui","scalerank":3},"geometry":{"type":"Point","coordinates":[116.978,32.632]}},{"type":"Feature","properties":{"name_en":"Shantou","name_zh":"汕头","iso3":"CHN","adm1_name":"Guangdong","scalerank":3},"geometry":{"type":"Point","coordinates":[116.668,23.372]}},{"type":"Feature","properties":{"name_en":"Tarakan","name_zh":"打拉根","iso3":"IDN","adm1_name":"Kalimantan Timur","scalerank":3},"geometry":{"type":"Point","coordinates":[117.633,3.3]}},{"type":"Feature","properties":{"name_en":"Mombasa","name_zh":"蒙巴萨","iso3":"KEN","adm1_name":"Coast","scalerank":3},"geometry":{"type":"Point","coordinates":[39.688,-4.038]}},{"type":"Feature","properties":{"name_en":"Maseru","name_zh":"马塞卢","iso3":"LSO","adm1_name":"Maseru","scalerank":3},"geometry":{"type":"Point","coordinates":[27.483,-29.317]}},{"type":"Feature","properties":{"name_en":"Antananarivo","name_zh":"塔那那利佛","iso3":"MDG","adm1_name":"Antananarivo","scalerank":3},"geometry":{"type":"Point","coordinates":[47.515,-18.915]}},{"type":"Feature","properties":{"name_en":"Semarang","name_zh":"三宝垄","iso3":"IDN","adm1_name":"Jawa Tengah","scalerank":3},"geometry":{"type":"Point","coordinates":[110.418,-6.965]}},{"type":"Feature","properties":{"name_en":"Palembang","name_zh":"巨港","iso3":"IDN","adm1_name":"Sumatera Selatan","scalerank":3},"geometry":{"type":"Point","coordinates":[104.748,-2.978]}},{"type":"Feature","properties":{"name_en":"Banjarmasin","name_zh":"马辰","iso3":"IDN","adm1_name":"Kalimantan Selatan","scalerank":3},"geometry":{"type":"Point","coordinates":[114.58,-3.33]}},{"type":"Feature","properties":{"name_en":"Makassar","name_zh":"望加锡","iso3":"IDN","adm1_name":"Sulawesi Selatan","scalerank":3},"geometry":{"type":"Point","coordinates":[119.43,-5.138]}},{"type":"Feature","properties":{"name_en":"Lyon","name_zh":"里昂","iso3":"FRA","adm1_name":"Rhône-Alpes","scalerank":3},"geometry":{"type":"Point","coordinates":[4.828,45.772]}},{"type":"Feature","properties":{"name_en":"Quito","name_zh":"基多","iso3":"ECU","adm1_name":"Pichincha","scalerank":3},"geometry":{"type":"Point","coordinates":[-78.502,-0.213]}},{"type":"Feature","properties":{"name_en":"San José","name_zh":"圣荷西","iso3":"CRI","adm1_name":"San José","scalerank":3},"geometry":{"type":"Point","coordinates":[-84.079,9.93]}},{"type":"Feature","properties":{"name_en":"San Salvador","name_zh":"圣萨尔瓦多","iso3":"SLV","adm1_name":"San Salvador","scalerank":3},"geometry":{"type":"Point","coordinates":[-89.216,13.703]}},{"type":"Feature","properties":{"name_en":"Kingston","name_zh":"京斯敦","iso3":"JAM","adm1_name":"Kingston","scalerank":3},"geometry":{"type":"Point","coordinates":[-76.767,17.977]}},{"type":"Feature","properties":{"name_en":"Cartagena","name_zh":"卡塔赫纳","iso3":"COL","adm1_name":"Bolívar","scalerank":3},"geometry":{"type":"Point","coordinates":[-75.516,10.402]}},{"type":"Feature","properties":{"name_en":"Mitú","name_zh":"米图","iso3":"COL","adm1_name":"Vaupés","scalerank":3},"geometry":{"type":"Point","coordinates":[-70.174,1.198]}},{"type":"Feature","properties":{"name_en":"Bumba","name_zh":"奔巴","iso3":"COD","adm1_name":"Équateur","scalerank":3},"geometry":{"type":"Point","coordinates":[22.46,2.19]}},{"type":"Feature","properties":{"name_en":"N'Djamena","name_zh":"恩贾梅纳","iso3":"TCD","adm1_name":"Hadjer-Lamis","scalerank":3},"geometry":{"type":"Point","coordinates":[15.047,12.115]}},{"type":"Feature","properties":{"name_en":"Abéché","name_zh":"阿贝歇","iso3":"TCD","adm1_name":"Ouaddaï","scalerank":3},"geometry":{"type":"Point","coordinates":[20.83,13.84]}},{"type":"Feature","properties":{"name_en":"Malabo","name_zh":"马拉博","iso3":"GNQ","adm1_name":"Bioko Norte","scalerank":3},"geometry":{"type":"Point","coordinates":[8.783,3.75]}},{"type":"Feature","properties":{"name_en":"Luxor","name_zh":"卢克索","iso3":"EGY","adm1_name":"Qina","scalerank":3},"geometry":{"type":"Point","coordinates":[32.65,25.7]}},{"type":"Feature","properties":{"name_en":"Asmara","name_zh":"阿斯马拉","iso3":"ERI","adm1_name":"Anseba","scalerank":3},"geometry":{"type":"Point","coordinates":[38.933,15.333]}},{"type":"Feature","properties":{"name_en":"Zagreb","name_zh":"萨格勒布","iso3":"HRV","adm1_name":"Grad Zagreb","scalerank":3},"geometry":{"type":"Point","coordinates":[16.0,45.8]}},{"type":"Feature","properties":{"name_en":"Tallinn","name_zh":"塔林","iso3":"EST","adm1_name":"Harju","scalerank":3},"geometry":{"type":"Point","coordinates":[24.728,59.434]}},{"type":"Feature","properties":{"name_en":"Lhasa","name_zh":"拉萨","iso3":"CHN","adm1_name":"Xizang","scalerank":3},"geometry":{"type":"Point","coordinates":[91.1,29.645]}},{"type":"Feature","properties":{"name_en":"Yizhou","name_zh":"伊州区","iso3":"CHN","adm1_name":"Xinjiang Uygur","scalerank":3},"geometry":{"type":"Point","coordinates":[93.515,42.827]}},{"type":"Feature","properties":{"name_en":"Hotan","name_zh":"和田","iso3":"CHN","adm1_name":"Xinjiang Uygur","scalerank":3},"geometry":{"type":"Point","coordinates":[79.927,37.1]}},{"type":"Feature","properties":{"name_en":"Kashgar City","name_zh":"喀什","iso3":"CHN","adm1_name":"Xinjiang Uygur","scalerank":3},"geometry":{"type":"Point","coordinates":[75.97,39.476]}},{"type":"Feature","properties":{"name_en":"Yinchuan","name_zh":"银川","iso3":"CHN","adm1_name":"Ningxia Hui","scalerank":3},"geometry":{"type":"Point","coordinates":[106.271,38.47]}},{"type":"Feature","properties":{"name_en":"Pingxiang","name_zh":"萍乡","iso3":"CHN","adm1_name":"Jiangxi","scalerank":3},"geometry":{"type":"Point","coordinates":[113.848,27.622]}},{"type":"Feature","properties":{"name_en":"Nagasaki","name_zh":"长崎","iso3":"JPN","adm1_name":"Nagasaki","scalerank":3},"geometry":{"type":"Point","coordinates":[129.885,32.765]}},{"type":"Feature","properties":{"name_en":"Qiqihar","name_zh":"齐齐哈尔","iso3":"CHN","adm1_name":"Heilongjiang","scalerank":3},"geometry":{"type":"Point","coordinates":[123.988,47.347]}},{"type":"Feature","properties":{"name_en":"Kikwit","name_zh":"基奎特","iso3":"COD","adm1_name":"Bandundu","scalerank":3},"geometry":{"type":"Point","coordinates":[18.85,-5.03]}},{"type":"Feature","properties":{"name_en":"Matadi","name_zh":"马塔迪","iso3":"COD","adm1_name":"Bas-Congo","scalerank":3},"geometry":{"type":"Point","coordinates":[13.45,-5.817]}},{"type":"Feature","properties":{"name_en":"Kolwezi","name_zh":"科卢韦齐","iso3":"COD","adm1_name":"Katanga","scalerank":3},"geometry":{"type":"Point","coordinates":[25.472,-10.717]}},{"type":"Feature","properties":{"name_en":"Lubumbashi","name_zh":"卢本巴希","iso3":"COD","adm1_name":"Katanga","scalerank":3},"geometry":{"type":"Point","coordinates":[27.478,-11.678]}},{"type":"Feature","properties":{"name_en":"Lilongwe","name_zh":"利隆圭","iso3":"MWI","adm1_name":"Lilongwe","scalerank":3},"geometry":{"type":"Point","coordinates":[33.783,-13.983]}},{"type":"Feature","properties":{"name_en":"Guatemala City","name_zh":"瓜地馬拉","iso3":"GTM","adm1_name":"Guatemala","scalerank":3},"geometry":{"type":"Point","coordinates":[-90.529,14.623]}},{"type":"Feature","properties":{"name_en":"Cayenne","name_zh":"卡宴","iso3":"FRA","adm1_name":"Guinaa","scalerank":3},"geometry":{"type":"Point","coordinates":[-52.33,4.933]}},{"type":"Feature","properties":{"name_en":"Libreville","name_zh":"利伯维尔","iso3":"GAB","adm1_name":"Estuaire","scalerank":3},"geometry":{"type":"Point","coordinates":[9.458,0.385]}},{"type":"Feature","properties":{"name_en":"Visakhapatnam","name_zh":"维沙卡帕特南","iso3":"IND","adm1_name":"Andhra Pradesh","scalerank":3},"geometry":{"type":"Point","coordinates":[83.22,17.683]}},{"type":"Feature","properties":{"name_en":"Suva","name_zh":"苏瓦","iso3":"FJI","adm1_name":"Central","scalerank":3},"geometry":{"type":"Point","coordinates":[178.442,-18.133]}},{"type":"Feature","properties":{"name_en":"Port-Gentil","name_zh":"让蒂尔港","iso3":"GAB","adm1_name":"Ogooué-Maritime","scalerank":3},"geometry":{"type":"Point","coordinates":[8.78,-0.72]}},{"type":"Feature","properties":{"name_en":"Timbuktu","name_zh":"通布图","iso3":"MLI","adm1_name":"Timbuktu","scalerank":3},"geometry":{"type":"Point","coordinates":[-3.017,16.767]}},{"type":"Feature","properties":{"name_en":"Punta Arenas","name_zh":"蓬塔阿雷纳斯","iso3":"CHL","adm1_name":"Magallanes y Antártica Chilena","scalerank":3},"geometry":{"type":"Point","coordinates":[-70.94,-53.165]}},{"type":"Feature","properties":{"name_en":"Iquique","name_zh":"伊基克","iso3":"CHL","adm1_name":"Tarapacá","scalerank":3},"geometry":{"type":"Point","coordinates":[-70.13,-20.25]}},{"type":"Feature","properties":{"name_en":"Antofagasta","name_zh":"安托法加斯塔","iso3":"CHL","adm1_name":"Antofagasta","scalerank":3},"geometry":{"type":"Point","coordinates":[-70.4,-23.65]}},{"type":"Feature","properties":{"name_en":"Valparaíso","name_zh":"瓦尔帕莱索","iso3":"CHL","adm1_name":"Valparaíso","scalerank":3},"geometry":{"type":"Point","coordinates":[-71.617,-33.048]}},{"type":"Feature","properties":{"name_en":"Valdivia","name_zh":"瓦尔迪维亚","iso3":"CHL","adm1_name":"Los Ríos","scalerank":3},"geometry":{"type":"Point","coordinates":[-73.233,-39.822]}},{"type":"Feature","properties":{"name_en":"Concepción","name_zh":"康塞普西翁","iso3":"CHL","adm1_name":"Bío-Bío","scalerank":3},"geometry":{"type":"Point","coordinates":[-73.05,-36.83]}},{"type":"Feature","properties":{"name_en":"Puerto Montt","name_zh":"蒙特港","iso3":"CHL","adm1_name":"Los Lagos","scalerank":3},"geometry":{"type":"Point","coordinates":[-72.93,-41.47]}},{"type":"Feature","properties":{"name_en":"Nuuk","name_zh":"努克","iso3":"GRL","adm1_name":"Kommuneqarfik Sermersooq","scalerank":3},"geometry":{"type":"Point","coordinates":[-51.733,64.198]}},{"type":"Feature","properties":{"name_en":"Nouakchott","name_zh":"努瓦克肖特","iso3":"MRT","adm1_name":"Nouakchott","scalerank":3},"geometry":{"type":"Point","coordinates":[-15.975,18.086]}},{"type":"Feature","properties":{"name_en":"Bamako","name_zh":"巴马科","iso3":"MLI","adm1_name":"Bamako","scalerank":3},"geometry":{"type":"Point","coordinates":[-8.002,12.652]}},{"type":"Feature","properties":{"name_en":"Atar","name_zh":"阿塔尔","iso3":"MRT","adm1_name":"Adrar","scalerank":3},"geometry":{"type":"Point","coordinates":[-13.05,20.517]}},{"type":"Feature","properties":{"name_en":"Djenné","name_zh":"杰内","iso3":"MLI","adm1_name":"Mopti","scalerank":3},"geometry":{"type":"Point","coordinates":[-4.55,13.9]}},{"type":"Feature","properties":{"name_en":"Sabha","name_zh":"塞卜哈","iso3":"LBY","adm1_name":"Sabha","scalerank":3},"geometry":{"type":"Point","coordinates":[14.433,27.033]}},{"type":"Feature","properties":{"name_en":"Benghazi","name_zh":"班加西","iso3":"LBY","adm1_name":"Benghazi","scalerank":3},"geometry":{"type":"Point","coordinates":[20.065,32.119]}},{"type":"Feature","properties":{"name_en":"Thessaloniki","name_zh":"塞萨洛尼基","iso3":"GRC","adm1_name":"Kentriki Makedonia","scalerank":3},"geometry":{"type":"Point","coordinates":[22.883,40.698]}},{"type":"Feature","properties":{"name_en":"Beirut","name_zh":"贝鲁特","iso3":"LBN","adm1_name":"Beirut","scalerank":3},"geometry":{"type":"Point","coordinates":[35.508,33.874]}},{"type":"Feature","properties":{"name_en":"Tbilisi","name_zh":"第比利斯","iso3":"GEO","adm1_name":"Tbilisi","scalerank":3},"geometry":{"type":"Point","coordinates":[44.789,41.727]}},{"type":"Feature","properties":{"name_en":"Gondar","name_zh":"贡德尔","iso3":"ETH","adm1_name":"Amhara","scalerank":3},"geometry":{"type":"Point","coordinates":[37.46,12.61]}},{"type":"Feature","properties":{"name_en":"Nur-Sultan","name_zh":"努尔苏丹","iso3":"KAZ","adm1_name":"Aqmola","scalerank":3},"geometry":{"type":"Point","coordinates":[71.428,51.181]}},{"type":"Feature","properties":{"name_en":"Karaganda","name_zh":"卡拉干达","iso3":"KAZ","adm1_name":"Qaraghandy","scalerank":3},"geometry":{"type":"Point","coordinates":[73.115,49.885]}},{"type":"Feature","properties":{"name_en":"Almaty","name_zh":"阿拉木图","iso3":"KAZ","adm1_name":"Almaty","scalerank":3},"geometry":{"type":"Point","coordinates":[76.913,43.327]}},{"type":"Feature","properties":{"name_en":"Isfahan","name_zh":"伊斯法罕","iso3":"IRN","adm1_name":"Esfahan","scalerank":3},"geometry":{"type":"Point","coordinates":[51.698,32.702]}},{"type":"Feature","properties":{"name_en":"Shiraz","name_zh":"西菈子","iso3":"IRN","adm1_name":"Fars","scalerank":3},"geometry":{"type":"Point","coordinates":[52.568,29.632]}},{"type":"Feature","properties":{"name_en":"Amritsar","name_zh":"阿姆利则","iso3":"IND","adm1_name":"Punjab","scalerank":3},"geometry":{"type":"Point","coordinates":[74.868,31.642]}},{"type":"Feature","properties":{"name_en":"Varanasi","name_zh":"瓦兰希","iso3":"IND","adm1_name":"Uttar Pradesh","scalerank":3},"geometry":{"type":"Point","coordinates":[82.998,25.332]}},{"type":"Feature","properties":{"name_en":"Asansol","name_zh":"阿桑索尔","iso3":"IND","adm1_name":"West Bengal","scalerank":3},"geometry":{"type":"Point","coordinates":[86.981,23.685]}},{"type":"Feature","properties":{"name_en":"Bhilai","name_zh":"比莱","iso3":"IND","adm1_name":"Chhattisgarh","scalerank":3},"geometry":{"type":"Point","coordinates":[81.372,21.211]}},{"type":"Feature","properties":{"name_en":"Bhopal","name_zh":"博帕尔","iso3":"IND","adm1_name":"Madhya Pradesh","scalerank":3},"geometry":{"type":"Point","coordinates":[77.408,23.252]}},{"type":"Feature","properties":{"name_en":"Madurai","name_zh":"马杜赖","iso3":"IND","adm1_name":"Tamil Nadu","scalerank":3},"geometry":{"type":"Point","coordinates":[78.118,9.922]}},{"type":"Feature","properties":{"name_en":"Coimbatore","name_zh":"科伊巴拓雷","iso3":"IND","adm1_name":"Tamil Nadu","scalerank":3},"geometry":{"type":"Point","coordinates":[76.948,11.002]}},{"type":"Feature","properties":{"name_en":"Vientiane","name_zh":"万象","iso3":"LAO","adm1_name":"Vientiane [prefecture]","scalerank":3},"geometry":{"type":"Point","coordinates":[102.6,17.967]}},{"type":"Feature","properties":{"name_en":"Brazzaville","name_zh":"布拉柴维尔","iso3":"COG","adm1_name":"Pool","scalerank":3},"geometry":{"type":"Point","coordinates":[15.283,-4.257]}},{"type":"Feature","properties":{"name_en":"Conakry","name_zh":"科纳克里","iso3":"GIN","adm1_name":"Conakry","scalerank":3},"geometry":{"type":"Point","coordinates":[-13.682,9.533]}},{"type":"Feature","properties":{"name_en":"Yamoussoukro","name_zh":"亚穆苏克罗","iso3":"CIV","adm1_name":"Lacs","scalerank":3},"geometry":{"type":"Point","coordinates":[-5.276,6.818]}},{"type":"Feature","properties":{"name_en":"Cruzeiro do Sul","name_zh":"南克魯賽羅","iso3":"BRA","adm1_name":"Acre","scalerank":3},"geometry":{"type":"Point","coordinates":[-72.67,-7.63]}},{"type":"Feature","properties":{"name_en":"Leticia","name_zh":"莱蒂西亚","iso3":"COL","adm1_name":"Amazonas","scalerank":3},"geometry":{"type":"Point","coordinates":[-69.955,-4.201]}},{"type":"Feature","properties":{"name_en":"Manaus","name_zh":"马瑙斯","iso3":"BRA","adm1_name":"Amazonas","scalerank":3},"geometry":{"type":"Point","coordinates":[-60.002,-3.098]}},{"type":"Feature","properties":{"name_en":"Caxias","name_zh":"卡希亚斯","iso3":"BRA","adm1_name":"Maranh","scalerank":3},"geometry":{"type":"Point","coordinates":[-43.35,-4.833]}},{"type":"Feature","properties":{"name_en":"Santarém","name_zh":"圣塔伦","iso3":"BRA","adm1_name":"Pará","scalerank":3},"geometry":{"type":"Point","coordinates":[-54.7,-2.433]}},{"type":"Feature","properties":{"name_en":"Marabá","name_zh":"马拉巴","iso3":"BRA","adm1_name":"Pará","scalerank":3},"geometry":{"type":"Point","coordinates":[-49.116,-5.35]}},{"type":"Feature","properties":{"name_en":"Vilhena","name_zh":"维列纳","iso3":"BRA","adm1_name":"Rondônia","scalerank":3},"geometry":{"type":"Point","coordinates":[-60.117,-12.717]}},{"type":"Feature","properties":{"name_en":"Ji-Paraná","name_zh":"日帕拉纳","iso3":"BRA","adm1_name":"Rondinia","scalerank":3},"geometry":{"type":"Point","coordinates":[-61.967,-10.833]}},{"type":"Feature","properties":{"name_en":"Campo Grande","name_zh":"大坎普","iso3":"BRA","adm1_name":"Mato Grosso do Sul","scalerank":3},"geometry":{"type":"Point","coordinates":[-54.619,-20.448]}},{"type":"Feature","properties":{"name_en":"Florianópolis","name_zh":"弗洛里亚诺波利斯","iso3":"BRA","adm1_name":"Santa Catarina","scalerank":3},"geometry":{"type":"Point","coordinates":[-48.522,-27.578]}},{"type":"Feature","properties":{"name_en":"Feira de Santana","name_zh":"费拉迪圣安娜","iso3":"BRA","adm1_name":"Bahia","scalerank":3},"geometry":{"type":"Point","coordinates":[-38.97,-12.25]}},{"type":"Feature","properties":{"name_en":"Winnipeg","name_zh":"温尼伯","iso3":"CAN","adm1_name":"Manitoba","scalerank":3},"geometry":{"type":"Point","coordinates":[-97.166,49.883]}},{"type":"Feature","properties":{"name_en":"Churchill","name_zh":"邱吉尔","iso3":"CAN","adm1_name":"Manitoba","scalerank":3},"geometry":{"type":"Point","coordinates":[-94.166,58.766]}},{"type":"Feature","properties":{"name_en":"Regina","name_zh":"里贾纳","iso3":"CAN","adm1_name":"Saskatchewan","scalerank":3},"geometry":{"type":"Point","coordinates":[-104.617,50.45]}},{"type":"Feature","properties":{"name_en":"Saskatoon","name_zh":"萨斯卡通","iso3":"CAN","adm1_name":"Saskatchewan","scalerank":3},"geometry":{"type":"Point","coordinates":[-106.67,52.17]}},{"type":"Feature","properties":{"name_en":"Calgary","name_zh":"卡尔加里","iso3":"CAN","adm1_name":"Alberta","scalerank":3},"geometry":{"type":"Point","coordinates":[-114.082,51.085]}},{"type":"Feature","properties":{"name_en":"Prince Rupert","name_zh":"鲁珀特王子港","iso3":"CAN","adm1_name":"British Columbia","scalerank":3},"geometry":{"type":"Point","coordinates":[-130.33,54.317]}},{"type":"Feature","properties":{"name_en":"Victoria","name_zh":"维多利亚","iso3":"CAN","adm1_name":"British Columbia","scalerank":3},"geometry":{"type":"Point","coordinates":[-123.35,48.433]}},{"type":"Feature","properties":{"name_en":"Arctic Bay","name_zh":"北極灣","iso3":"CAN","adm1_name":"Nunavut","scalerank":3},"geometry":{"type":"Point","coordinates":[-85.167,73.033]}},{"type":"Feature","properties":{"name_en":"Resolute","name_zh":"雷索卢特","iso3":"CAN","adm1_name":"Nunavut","scalerank":3},"geometry":{"type":"Point","coordinates":[-94.9,74.683]}},{"type":"Feature","properties":{"name_en":"Naujaat","name_zh":"努雅特","iso3":"CAN","adm1_name":"Nunavut","scalerank":3},"geometry":{"type":"Point","coordinates":[-86.283,66.529]}},{"type":"Feature","properties":{"name_en":"Yellowknife","name_zh":"黄刀镇","iso3":"CAN","adm1_name":"Northwest Territories","scalerank":3},"geometry":{"type":"Point","coordinates":[-114.397,62.442]}},{"type":"Feature","properties":{"name_en":"Fort Good Hope","name_zh":"德望堡","iso3":"CAN","adm1_name":"Northwest Territories","scalerank":3},"geometry":{"type":"Point","coordinates":[-128.633,66.267]}},{"type":"Feature","properties":{"name_en":"Whitehorse","name_zh":"白马","iso3":"CAN","adm1_name":"Yukon","scalerank":3},"geometry":{"type":"Point","coordinates":[-135.05,60.717]}},{"type":"Feature","properties":{"name_en":"Boa Vista","name_zh":"博阿维斯塔","iso3":"BRA","adm1_name":"Roraima","scalerank":3},"geometry":{"type":"Point","coordinates":[-60.666,2.816]}},{"type":"Feature","properties":{"name_en":"Macapá","name_zh":"马卡帕","iso3":"BRA","adm1_name":"Amapá","scalerank":3},"geometry":{"type":"Point","coordinates":[-51.05,0.033]}},{"type":"Feature","properties":{"name_en":"Ottawa","name_zh":"渥太华","iso3":"CAN","adm1_name":"Ontario","scalerank":3},"geometry":{"type":"Point","coordinates":[-75.702,45.419]}},{"type":"Feature","properties":{"name_en":"Fort Severn","name_zh":"塞文堡","iso3":"CAN","adm1_name":"Ontario","scalerank":3},"geometry":{"type":"Point","coordinates":[-87.65,55.983]}},{"type":"Feature","properties":{"name_en":"Thunder Bay","name_zh":"桑德贝","iso3":"CAN","adm1_name":"Ontario","scalerank":3},"geometry":{"type":"Point","coordinates":[-89.275,48.446]}},{"type":"Feature","properties":{"name_en":"Quebec City","name_zh":"魁北克","iso3":"CAN","adm1_name":"Québec","scalerank":3},"geometry":{"type":"Point","coordinates":[-71.246,46.84]}},{"type":"Feature","properties":{"name_en":"Halifax","name_zh":"哈利法克斯","iso3":"CAN","adm1_name":"Nova Scotia","scalerank":3},"geometry":{"type":"Point","coordinates":[-63.6,44.65]}},{"type":"Feature","properties":{"name_en":"St. John's","name_zh":"圣约翰斯","iso3":"CAN","adm1_name":"Newfoundland and Labrador","scalerank":3},"geometry":{"type":"Point","coordinates":[-52.681,47.585]}},{"type":"Feature","properties":{"name_en":"Nain","name_zh":"奈恩","iso3":"CAN","adm1_name":"Newfoundland and Labrador","scalerank":3},"geometry":{"type":"Point","coordinates":[-61.686,56.547]}},{"type":"Feature","properties":{"name_en":"Charlottetown","name_zh":"夏洛特顿","iso3":"CAN","adm1_name":"Prince Edward Island","scalerank":3},"geometry":{"type":"Point","coordinates":[-63.131,46.249]}},{"type":"Feature","properties":{"name_en":"N'Délé","name_zh":"恩代萊","iso3":"CAF","adm1_name":"Bamingui-Bangoran","scalerank":3},"geometry":{"type":"Point","coordinates":[20.653,8.409]}},{"type":"Feature","properties":{"name_en":"Belgrade","name_zh":"贝尔格莱德","iso3":"SRB","adm1_name":"Grad Beograd","scalerank":3},"geometry":{"type":"Point","coordinates":[20.466,44.821]}},{"type":"Feature","properties":{"name_en":"Obo","name_zh":"奥博","iso3":"CAF","adm1_name":"Haut-Mbomou","scalerank":3},"geometry":{"type":"Point","coordinates":[26.5,5.4]}},{"type":"Feature","properties":{"name_en":"Bandar Seri Begawan","name_zh":"斯里巴加湾","iso3":"BRN","adm1_name":"Brunei and Muara","scalerank":3},"geometry":{"type":"Point","coordinates":[114.933,4.883]}},{"type":"Feature","properties":{"name_en":"Puerto Deseado","name_zh":"德塞阿多港","iso3":"ARG","adm1_name":"Santa Cruz","scalerank":3},"geometry":{"type":"Point","coordinates":[-65.9,-47.75]}},{"type":"Feature","properties":{"name_en":"Río Gallegos","name_zh":"里奥加耶戈斯","iso3":"ARG","adm1_name":"Santa Cruz","scalerank":3},"geometry":{"type":"Point","coordinates":[-69.217,-51.633]}},{"type":"Feature","properties":{"name_en":"Comodoro Rivadavia","name_zh":"里瓦达维亚海军准将城","iso3":"ARG","adm1_name":"Chubut","scalerank":3},"geometry":{"type":"Point","coordinates":[-67.5,-45.87]}},{"type":"Feature","properties":{"name_en":"Mendoza","name_zh":"门多萨","iso3":"ARG","adm1_name":"Mendoza","scalerank":3},"geometry":{"type":"Point","coordinates":[-68.819,-32.881]}},{"type":"Feature","properties":{"name_en":"Sucre","name_zh":"苏克雷","iso3":"BOL","adm1_name":"Chuquisaca","scalerank":3},"geometry":{"type":"Point","coordinates":[-65.26,-19.041]}},{"type":"Feature","properties":{"name_en":"Riberalta","name_zh":"里韦拉尔塔","iso3":"BOL","adm1_name":"El Beni","scalerank":3},"geometry":{"type":"Point","coordinates":[-66.1,-10.983]}},{"type":"Feature","properties":{"name_en":"Bahía Blanca","name_zh":"布兰卡港","iso3":"ARG","adm1_name":"Ciudad de Buenos Aires","scalerank":3},"geometry":{"type":"Point","coordinates":[-62.265,-38.74]}},{"type":"Feature","properties":{"name_en":"Mar del Plata","name_zh":"马德普拉塔","iso3":"ARG","adm1_name":"Ciudad de Buenos Aires","scalerank":3},"geometry":{"type":"Point","coordinates":[-57.58,-38.0]}},{"type":"Feature","properties":{"name_en":"Córdoba","name_zh":"科尔多瓦","iso3":"ARG","adm1_name":"Córdoba","scalerank":3},"geometry":{"type":"Point","coordinates":[-64.184,-31.398]}},{"type":"Feature","properties":{"name_en":"Posadas","name_zh":"波萨达斯","iso3":"ARG","adm1_name":"Misiones","scalerank":3},"geometry":{"type":"Point","coordinates":[-55.885,-27.358]}},{"type":"Feature","properties":{"name_en":"Belmopan","name_zh":"贝尔墨邦","iso3":"BLZ","adm1_name":"Cayo","scalerank":3},"geometry":{"type":"Point","coordinates":[-88.767,17.252]}},{"type":"Feature","properties":{"name_en":"Bangui","name_zh":"班吉","iso3":"CAF","adm1_name":"Bangui","scalerank":3},"geometry":{"type":"Point","coordinates":[18.558,4.367]}},{"type":"Feature","properties":{"name_en":"Maroua","name_zh":"马鲁阿","iso3":"CMR","adm1_name":"Extrême-Nord","scalerank":3},"geometry":{"type":"Point","coordinates":[14.325,10.596]}},{"type":"Feature","properties":{"name_en":"Yaoundé","name_zh":"雅温得","iso3":"CMR","adm1_name":"Centre","scalerank":3},"geometry":{"type":"Point","coordinates":[11.515,3.869]}},{"type":"Feature","properties":{"name_en":"Tirana","name_zh":"地拉那","iso3":"ALB","adm1_name":"Durrës","scalerank":3},"geometry":{"type":"Point","coordinates":[19.819,41.328]}},{"type":"Feature","properties":{"name_en":"Yerevan","name_zh":"埃里温","iso3":"ARM","adm1_name":"Erevan","scalerank":3},"geometry":{"type":"Point","coordinates":[44.512,40.183]}},{"type":"Feature","properties":{"name_en":"Baku","name_zh":"巴库","iso3":"AZE","adm1_name":"Baki","scalerank":3},"geometry":{"type":"Point","coordinates":[49.86,40.397]}},{"type":"Feature","properties":{"name_en":"Kandahar","name_zh":"坎大哈","iso3":"AFG","adm1_name":"Kandahar","scalerank":3},"geometry":{"type":"Point","coordinates":[65.695,31.61]}},{"type":"Feature","properties":{"name_en":"Phnom Penh","name_zh":"金边","iso3":"KHM","adm1_name":"Phnom Penh","scalerank":3},"geometry":{"type":"Point","coordinates":[104.915,11.552]}},{"type":"Feature","properties":{"name_en":"Menongue","name_zh":"梅农盖","iso3":"AGO","adm1_name":"Cuando Cubango","scalerank":3},"geometry":{"type":"Point","coordinates":[17.7,-14.667]}},{"type":"Feature","properties":{"name_en":"Huambo","name_zh":"万博","iso3":"AGO","adm1_name":"Huambo","scalerank":3},"geometry":{"type":"Point","coordinates":[15.758,-12.748]}},{"type":"Feature","properties":{"name_en":"La Paz","name_zh":"拉巴斯","iso3":"BOL","adm1_name":"La Paz","scalerank":3},"geometry":{"type":"Point","coordinates":[-68.152,-16.496]}},{"type":"Feature","properties":{"name_en":"Santa Cruz de la Sierra","name_zh":"圣克鲁斯","iso3":"BOL","adm1_name":"Santa Cruz","scalerank":3},"geometry":{"type":"Point","coordinates":[-63.228,-17.752]}},{"type":"Feature","properties":{"name_en":"Oran","name_zh":"瓦赫兰","iso3":"DZA","adm1_name":"Oran","scalerank":3},"geometry":{"type":"Point","coordinates":[-0.622,35.712]}},{"type":"Feature","properties":{"name_en":"Cotonou","name_zh":"科托努","iso3":"BEN","adm1_name":"Ouémé","scalerank":3},"geometry":{"type":"Point","coordinates":[2.404,6.363]}},{"type":"Feature","properties":{"name_en":"Tamanrasset","name_zh":"塔曼拉塞特","iso3":"DZA","adm1_name":"Tamanghasset","scalerank":3},"geometry":{"type":"Point","coordinates":[5.523,22.785]}},{"type":"Feature","properties":{"name_en":"Ghardaia","name_zh":"盖尔达耶","iso3":"DZA","adm1_name":"Ghardaaa","scalerank":3},"geometry":{"type":"Point","coordinates":[3.67,32.49]}},{"type":"Feature","properties":{"name_en":"Sofia","name_zh":"索非亚","iso3":"BGR","adm1_name":"Grad Sofiya","scalerank":3},"geometry":{"type":"Point","coordinates":[23.315,42.685]}},{"type":"Feature","properties":{"name_en":"Minsk","name_zh":"明斯克","iso3":"BLR","adm1_name":"Minsk","scalerank":3},"geometry":{"type":"Point","coordinates":[27.565,53.902]}},{"type":"Feature","properties":{"name_en":"Thimphu","name_zh":"廷布","iso3":"BTN","adm1_name":"Thimphu","scalerank":3},"geometry":{"type":"Point","coordinates":[89.639,27.473]}},{"type":"Feature","properties":{"name_en":"Gaborone","name_zh":"嘉柏隆里","iso3":"BWA","adm1_name":"South-East","scalerank":3},"geometry":{"type":"Point","coordinates":[25.912,-24.646]}},{"type":"Feature","properties":{"name_en":"Darwin","name_zh":"达尔文","iso3":"AUS","adm1_name":"Northern Territory","scalerank":3},"geometry":{"type":"Point","coordinates":[130.85,-12.425]}},{"type":"Feature","properties":{"name_en":"Alice Springs","name_zh":"爱丽斯泉","iso3":"AUS","adm1_name":"Northern Territory","scalerank":3},"geometry":{"type":"Point","coordinates":[133.88,-23.701]}},{"type":"Feature","properties":{"name_en":"Canberra","name_zh":"堪培拉","iso3":"AUS","adm1_name":"Australian Capital Territory","scalerank":3},"geometry":{"type":"Point","coordinates":[149.129,-35.283]}},{"type":"Feature","properties":{"name_en":"Newcastle","name_zh":"纽卡斯尔","iso3":"AUS","adm1_name":"New South Wales","scalerank":3},"geometry":{"type":"Point","coordinates":[151.77,-32.93]}},{"type":"Feature","properties":{"name_en":"Adelaide","name_zh":"阿德莱德","iso3":"AUS","adm1_name":"South Australia","scalerank":3},"geometry":{"type":"Point","coordinates":[138.598,-34.933]}},{"type":"Feature","properties":{"name_en":"Townsville","name_zh":"汤斯维尔","iso3":"AUS","adm1_name":"Queensland","scalerank":3},"geometry":{"type":"Point","coordinates":[146.77,-19.25]}},{"type":"Feature","properties":{"name_en":"Brisbane","name_zh":"布里斯班","iso3":"AUS","adm1_name":"Queensland","scalerank":3},"geometry":{"type":"Point","coordinates":[153.033,-27.453]}},{"type":"Feature","properties":{"name_en":"Hobart","name_zh":"霍巴特","iso3":"AUS","adm1_name":"Tasmania","scalerank":3},"geometry":{"type":"Point","coordinates":[147.295,-42.85]}},{"type":"Feature","properties":{"name_en":"Ouagadougou","name_zh":"瓦加杜古","iso3":"BFA","adm1_name":"Kadiogo","scalerank":3},"geometry":{"type":"Point","coordinates":[-1.527,12.372]}},{"type":"Feature","properties":{"name_en":"Sarajevo","name_zh":"萨拉热窝","iso3":"BIH","adm1_name":"Sarajevo","scalerank":3},"geometry":{"type":"Point","coordinates":[18.383,43.85]}},{"type":"Feature","properties":{"name_en":"Naypyidaw","name_zh":"奈比多","iso3":"MMR","adm1_name":"Mandalay","scalerank":3},"geometry":{"type":"Point","coordinates":[96.117,19.769]}},{"type":"Feature","properties":{"name_en":"San Juan","name_zh":"圣胡安","iso3":"PRI","adm1_name":"","scalerank":3},"geometry":{"type":"Point","coordinates":[-66.13,18.44]}},{"type":"Feature","properties":{"name_en":"Stanley","name_zh":"斯坦利","iso3":"FLK","adm1_name":"","scalerank":3},"geometry":{"type":"Point","coordinates":[-57.85,-51.7]}},{"type":"Feature","properties":{"name_en":"Hamilton","name_zh":"哈密尔顿","iso3":"BMU","adm1_name":"","scalerank":3},"geometry":{"type":"Point","coordinates":[-64.784,32.294]}},{"type":"Feature","properties":{"name_en":"Nuku'alofa","name_zh":"努库阿洛法","iso3":"TON","adm1_name":"","scalerank":3},"geometry":{"type":"Point","coordinates":[-175.221,-21.139]}},{"type":"Feature","properties":{"name_en":"Hargeisa","name_zh":"哈尔格萨","iso3":"SOL","adm1_name":"","scalerank":3},"geometry":{"type":"Point","coordinates":[44.065,9.56]}},{"type":"Feature","properties":{"name_en":"Victoria","name_zh":"維多利亞","iso3":"SYC","adm1_name":"","scalerank":3},"geometry":{"type":"Point","coordinates":[55.45,-4.617]}},{"type":"Feature","properties":{"name_en":"São Tomé","name_zh":"圣多美","iso3":"STP","adm1_name":"","scalerank":3},"geometry":{"type":"Point","coordinates":[6.73,0.337]}},{"type":"Feature","properties":{"name_en":"Apia","name_zh":"阿皮亚","iso3":"WSM","adm1_name":"","scalerank":3},"geometry":{"type":"Point","coordinates":[-171.769,-13.836]}},{"type":"Feature","properties":{"name_en":"Valletta","name_zh":"瓦莱塔","iso3":"MLT","adm1_name":"","scalerank":3},"geometry":{"type":"Point","coordinates":[14.515,35.9]}},{"type":"Feature","properties":{"name_en":"Malé","name_zh":"马累","iso3":"MDV","adm1_name":"","scalerank":3},"geometry":{"type":"Point","coordinates":[73.509,4.172]}},{"type":"Feature","properties":{"name_en":"Jerusalem","name_zh":"耶路撒冷","iso3":"ISR","adm1_name":"Jerusalem","scalerank":3},"geometry":{"type":"Point","coordinates":[35.207,31.778]}},{"type":"Feature","properties":{"name_en":"Praia","name_zh":"培亞","iso3":"CPV","adm1_name":"","scalerank":3},"geometry":{"type":"Point","coordinates":[-23.517,14.917]}},{"type":"Feature","properties":{"name_en":"Nassau","name_zh":"拿骚","iso3":"BHS","adm1_name":"","scalerank":3},"geometry":{"type":"Point","coordinates":[-77.35,25.083]}},{"type":"Feature","properties":{"name_en":"Nicosia","name_zh":"尼科西亚","iso3":"CYP","adm1_name":"","scalerank":3},"geometry":{"type":"Point","coordinates":[33.367,35.167]}},{"type":"Feature","properties":{"name_en":"Kaohsiung","name_zh":"高雄","iso3":"TWN","adm1_name":"Kaohsiung City","scalerank":3},"geometry":{"type":"Point","coordinates":[120.267,22.633]}},{"type":"Feature","properties":{"name_en":"Wellington","name_zh":"惠灵顿","iso3":"NZL","adm1_name":"Manawatu-Wanganui","scalerank":3},"geometry":{"type":"Point","coordinates":[174.777,-41.292]}},{"type":"Feature","properties":{"name_en":"Christchurch","name_zh":"克赖斯特彻奇","iso3":"NZL","adm1_name":"Canterbury","scalerank":3},"geometry":{"type":"Point","coordinates":[172.63,-43.535]}},{"type":"Feature","properties":{"name_en":"Shenzhen","name_zh":"深圳","iso3":"CHN","adm1_name":"Guangdong","scalerank":2},"geometry":{"type":"Point","coordinates":[114.061,22.548]}},{"type":"Feature","properties":{"name_en":"Zibo","name_zh":"淄博","iso3":"CHN","adm1_name":"Shandong","scalerank":2},"geometry":{"type":"Point","coordinates":[117.996,36.821]}},{"type":"Feature","properties":{"name_en":"Minneapolis","name_zh":"明尼阿波利斯","iso3":"USA","adm1_name":"Minnesota","scalerank":2},"geometry":{"type":"Point","coordinates":[-93.254,44.982]}},{"type":"Feature","properties":{"name_en":"Honolulu","name_zh":"檀香山","iso3":"USA","adm1_name":"Hawaii","scalerank":2},"geometry":{"type":"Point","coordinates":[-157.858,21.303]}},{"type":"Feature","properties":{"name_en":"Seattle","name_zh":"西雅图","iso3":"USA","adm1_name":"Washington","scalerank":2},"geometry":{"type":"Point","coordinates":[-122.315,47.6]}},{"type":"Feature","properties":{"name_en":"Phoenix","name_zh":"菲尼克斯","iso3":"USA","adm1_name":"Arizona","scalerank":2},"geometry":{"type":"Point","coordinates":[-112.067,33.448]}},{"type":"Feature","properties":{"name_en":"San Diego","name_zh":"圣迭戈","iso3":"USA","adm1_name":"California","scalerank":2},"geometry":{"type":"Point","coordinates":[-117.151,32.719]}},{"type":"Feature","properties":{"name_en":"St. Louis","name_zh":"圣路易斯","iso3":"USA","adm1_name":"Missouri","scalerank":2},"geometry":{"type":"Point","coordinates":[-90.242,38.637]}},{"type":"Feature","properties":{"name_en":"New Orleans","name_zh":"新奥尔良","iso3":"USA","adm1_name":"Louisiana","scalerank":2},"geometry":{"type":"Point","coordinates":[-90.088,29.969]}},{"type":"Feature","properties":{"name_en":"Dallas","name_zh":"达拉斯","iso3":"USA","adm1_name":"Texas","scalerank":2},"geometry":{"type":"Point","coordinates":[-96.795,32.772]}},{"type":"Feature","properties":{"name_en":"Maracaibo","name_zh":"马拉开波","iso3":"VEN","adm1_name":"Zulia","scalerank":2},"geometry":{"type":"Point","coordinates":[-71.662,10.732]}},{"type":"Feature","properties":{"name_en":"Boston","name_zh":"波士顿","iso3":"USA","adm1_name":"Massachusetts","scalerank":2},"geometry":{"type":"Point","coordinates":[-71.072,42.332]}},{"type":"Feature","properties":{"name_en":"Tampa","name_zh":"坦帕","iso3":"USA","adm1_name":"Florida","scalerank":2},"geometry":{"type":"Point","coordinates":[-82.461,27.949]}},{"type":"Feature","properties":{"name_en":"Philadelphia","name_zh":"费城","iso3":"USA","adm1_name":"Pennsylvania","scalerank":2},"geometry":{"type":"Point","coordinates":[-75.18,39.946]}},{"type":"Feature","properties":{"name_en":"Detroit","name_zh":"底特律","iso3":"USA","adm1_name":"Michigan","scalerank":2},"geometry":{"type":"Point","coordinates":[-83.051,42.334]}},{"type":"Feature","properties":{"name_en":"Anchorage","name_zh":"安克雷奇","iso3":"USA","adm1_name":"Alaska","scalerank":2},"geometry":{"type":"Point","coordinates":[-149.887,61.214]}},{"type":"Feature","properties":{"name_en":"Hanoi","name_zh":"河内","iso3":"VNM","adm1_name":"Thái Nguyên","scalerank":2},"geometry":{"type":"Point","coordinates":[105.848,21.035]}},{"type":"Feature","properties":{"name_en":"Ho Chi Minh City","name_zh":"胡志明","iso3":"VNM","adm1_name":"H? Chí Minh city","scalerank":2},"geometry":{"type":"Point","coordinates":[106.703,10.762]}},{"type":"Feature","properties":{"name_en":"Ankara","name_zh":"安卡拉","iso3":"TUR","adm1_name":"Ankara","scalerank":2},"geometry":{"type":"Point","coordinates":[32.862,39.929]}},{"type":"Feature","properties":{"name_en":"Budapest","name_zh":"布达佩斯","iso3":"HUN","adm1_name":"Budapest","scalerank":2},"geometry":{"type":"Point","coordinates":[19.081,47.502]}},{"type":"Feature","properties":{"name_en":"Sanaa","name_zh":"萨那","iso3":"YEM","adm1_name":"Amanat Al Asimah","scalerank":2},"geometry":{"type":"Point","coordinates":[44.205,15.357]}},{"type":"Feature","properties":{"name_en":"Barcelona","name_zh":"巴塞罗那","iso3":"ESP","adm1_name":"Cataluña","scalerank":2},"geometry":{"type":"Point","coordinates":[2.181,41.385]}},{"type":"Feature","properties":{"name_en":"Bucharest","name_zh":"布加勒斯特","iso3":"ROU","adm1_name":"Bucharest","scalerank":2},"geometry":{"type":"Point","coordinates":[26.098,44.435]}},{"type":"Feature","properties":{"name_en":"Aleppo","name_zh":"阿勒颇","iso3":"SYR","adm1_name":"Aleppo (Halab)","scalerank":2},"geometry":{"type":"Point","coordinates":[37.168,36.232]}},{"type":"Feature","properties":{"name_en":"Damascus","name_zh":"大马士革","iso3":"SYR","adm1_name":"Damascus","scalerank":2},"geometry":{"type":"Point","coordinates":[36.298,33.502]}},{"type":"Feature","properties":{"name_en":"Zürich","name_zh":"苏黎世","iso3":"CHE","adm1_name":"Zürich","scalerank":2},"geometry":{"type":"Point","coordinates":[8.548,47.382]}},{"type":"Feature","properties":{"name_en":"Lisbon","name_zh":"里斯本","iso3":"PRT","adm1_name":"Lisboa","scalerank":2},"geometry":{"type":"Point","coordinates":[-9.147,38.725]}},{"type":"Feature","properties":{"name_en":"Khartoum","name_zh":"喀土穆","iso3":"SDN","adm1_name":"Khartoum","scalerank":2},"geometry":{"type":"Point","coordinates":[32.532,15.59]}},{"type":"Feature","properties":{"name_en":"Jeddah","name_zh":"吉达","iso3":"SAU","adm1_name":"Makkah","scalerank":2},"geometry":{"type":"Point","coordinates":[39.217,21.519]}},{"type":"Feature","properties":{"name_en":"Mecca","name_zh":"麦加","iso3":"SAU","adm1_name":"Makkah","scalerank":2},"geometry":{"type":"Point","coordinates":[39.818,21.432]}},{"type":"Feature","properties":{"name_en":"Oslo","name_zh":"奥斯陆","iso3":"NOR","adm1_name":"Oslo","scalerank":2},"geometry":{"type":"Point","coordinates":[10.748,59.919]}},{"type":"Feature","properties":{"name_en":"Lahore","name_zh":"拉合尔","iso3":"PAK","adm1_name":"Punjab","scalerank":2},"geometry":{"type":"Point","coordinates":[74.348,31.562]}},{"type":"Feature","properties":{"name_en":"Karachi","name_zh":"卡拉奇","iso3":"PAK","adm1_name":"Sind","scalerank":2},"geometry":{"type":"Point","coordinates":[66.988,24.872]}},{"type":"Feature","properties":{"name_en":"Durban","name_zh":"德班","iso3":"ZAF","adm1_name":"KwaZulu-Natal","scalerank":2},"geometry":{"type":"Point","coordinates":[31.011,-29.861]}},{"type":"Feature","properties":{"name_en":"Saint Petersburg","name_zh":"圣彼得堡","iso3":"RUS","adm1_name":"City of St. Petersburg","scalerank":2},"geometry":{"type":"Point","coordinates":[30.314,59.941]}},{"type":"Feature","properties":{"name_en":"Guadalajara","name_zh":"瓜达拉哈拉","iso3":"MEX","adm1_name":"Jalisco","scalerank":2},"geometry":{"type":"Point","coordinates":[-103.332,20.672]}},{"type":"Feature","properties":{"name_en":"Puebla City","name_zh":"普埃布拉","iso3":"MEX","adm1_name":"Puebla","scalerank":2},"geometry":{"type":"Point","coordinates":[-98.204,19.033]}},{"type":"Feature","properties":{"name_en":"Kano","name_zh":"卡诺","iso3":"NGA","adm1_name":"Kano","scalerank":2},"geometry":{"type":"Point","coordinates":[8.518,12.002]}},{"type":"Feature","properties":{"name_en":"Warsaw","name_zh":"华沙","iso3":"POL","adm1_name":"Masovian","scalerank":2},"geometry":{"type":"Point","coordinates":[21.005,52.231]}},{"type":"Feature","properties":{"name_en":"Pyongyang","name_zh":"平壤","iso3":"PRK","adm1_name":"P'yongyang","scalerank":2},"geometry":{"type":"Point","coordinates":[125.753,39.021]}},{"type":"Feature","properties":{"name_en":"Dar es Salaam","name_zh":"三蘭港","iso3":"TZA","adm1_name":"Dar-Es-Salaam","scalerank":2},"geometry":{"type":"Point","coordinates":[39.266,-6.798]}},{"type":"Feature","properties":{"name_en":"Medan","name_zh":"棉兰","iso3":"IDN","adm1_name":"Sumatera Utara","scalerank":2},"geometry":{"type":"Point","coordinates":[98.648,3.582]}},{"type":"Feature","properties":{"name_en":"Dublin","name_zh":"都柏林","iso3":"IRL","adm1_name":"Dublin","scalerank":2},"geometry":{"type":"Point","coordinates":[-6.257,53.347]}},{"type":"Feature","properties":{"name_en":"Monrovia","name_zh":"蒙罗维亚","iso3":"LBR","adm1_name":"Montserrado","scalerank":2},"geometry":{"type":"Point","coordinates":[-10.8,6.315]}},{"type":"Feature","properties":{"name_en":"Naples","name_zh":"那不勒斯","iso3":"ITA","adm1_name":"Campania","scalerank":2},"geometry":{"type":"Point","coordinates":[14.243,40.842]}},{"type":"Feature","properties":{"name_en":"Milan","name_zh":"米兰","iso3":"ITA","adm1_name":"Lombardia","scalerank":2},"geometry":{"type":"Point","coordinates":[9.203,45.472]}},{"type":"Feature","properties":{"name_en":"Kuala Lumpur","name_zh":"吉隆坡","iso3":"MYS","adm1_name":"Selangor","scalerank":2},"geometry":{"type":"Point","coordinates":[101.689,3.14]}},{"type":"Feature","properties":{"name_en":"Lanzhou","name_zh":"兰州","iso3":"CHN","adm1_name":"Gansu","scalerank":2},"geometry":{"type":"Point","coordinates":[103.79,36.058]}},{"type":"Feature","properties":{"name_en":"Nanning","name_zh":"南宁","iso3":"CHN","adm1_name":"Guangxi","scalerank":2},"geometry":{"type":"Point","coordinates":[108.318,22.822]}},{"type":"Feature","properties":{"name_en":"Guiyang","name_zh":"贵阳","iso3":"CHN","adm1_name":"Guizhou","scalerank":2},"geometry":{"type":"Point","coordinates":[106.718,26.582]}},{"type":"Feature","properties":{"name_en":"Chongqing","name_zh":"重庆","iso3":"CHN","adm1_name":"Chongqing","scalerank":2},"geometry":{"type":"Point","coordinates":[106.593,29.567]}},{"type":"Feature","properties":{"name_en":"Fuzhou","name_zh":"福州","iso3":"CHN","adm1_name":"Fujian","scalerank":2},"geometry":{"type":"Point","coordinates":[119.298,26.082]}},{"type":"Feature","properties":{"name_en":"Guangzhou","name_zh":"广州","iso3":"CHN","adm1_name":"Guangdong","scalerank":2},"geometry":{"type":"Point","coordinates":[113.262,23.125]}},{"type":"Feature","properties":{"name_en":"Dongguan","name_zh":"东莞","iso3":"CHN","adm1_name":"Guangdong","scalerank":2},"geometry":{"type":"Point","coordinates":[113.75,23.022]}},{"type":"Feature","properties":{"name_en":"Bandung","name_zh":"万隆","iso3":"IDN","adm1_name":"Jawa Barat","scalerank":2},"geometry":{"type":"Point","coordinates":[107.568,-6.948]}},{"type":"Feature","properties":{"name_en":"Surabaya","name_zh":"泗水","iso3":"IDN","adm1_name":"Jawa Timur","scalerank":2},"geometry":{"type":"Point","coordinates":[112.749,-7.247]}},{"type":"Feature","properties":{"name_en":"Guayaquil","name_zh":"瓜亚基尔","iso3":"ECU","adm1_name":"Guayas","scalerank":2},"geometry":{"type":"Point","coordinates":[-79.922,-2.218]}},{"type":"Feature","properties":{"name_en":"Medellin","name_zh":"麦德林","iso3":"COL","adm1_name":"Antioquia","scalerank":2},"geometry":{"type":"Point","coordinates":[-75.577,6.277]}},{"type":"Feature","properties":{"name_en":"Cali","name_zh":"卡利","iso3":"COL","adm1_name":"Valle del Cauca","scalerank":2},"geometry":{"type":"Point","coordinates":[-76.502,3.402]}},{"type":"Feature","properties":{"name_en":"Havana","name_zh":"哈瓦那","iso3":"CUB","adm1_name":"Ciudad de la Habana","scalerank":2},"geometry":{"type":"Point","coordinates":[-82.366,23.134]}},{"type":"Feature","properties":{"name_en":"Alexandria","name_zh":"亚历山大港","iso3":"EGY","adm1_name":"Al Iskandariyah","scalerank":2},"geometry":{"type":"Point","coordinates":[29.948,31.202]}},{"type":"Feature","properties":{"name_en":"Frankfurt","name_zh":"美因河畔法兰克福","iso3":"DEU","adm1_name":"Hessen","scalerank":2},"geometry":{"type":"Point","coordinates":[8.675,50.1]}},{"type":"Feature","properties":{"name_en":"Hamburg","name_zh":"汉堡","iso3":"DEU","adm1_name":"Hamburg","scalerank":2},"geometry":{"type":"Point","coordinates":[9.998,53.552]}},{"type":"Feature","properties":{"name_en":"Munich","name_zh":"慕尼黑","iso3":"DEU","adm1_name":"Bayern","scalerank":2},"geometry":{"type":"Point","coordinates":[11.573,48.132]}},{"type":"Feature","properties":{"name_en":"Prague","name_zh":"布拉格","iso3":"CZE","adm1_name":"Prague","scalerank":2},"geometry":{"type":"Point","coordinates":[14.423,50.087]}},{"type":"Feature","properties":{"name_en":"Kuwait City","name_zh":"科威特城","iso3":"KWT","adm1_name":"Al Kuwayt","scalerank":2},"geometry":{"type":"Point","coordinates":[47.976,29.372]}},{"type":"Feature","properties":{"name_en":"Xi'an","name_zh":"西安","iso3":"CHN","adm1_name":"Shaanxi","scalerank":2},"geometry":{"type":"Point","coordinates":[108.893,34.277]}},{"type":"Feature","properties":{"name_en":"Taiyuan","name_zh":"太原","iso3":"CHN","adm1_name":"Shanxi","scalerank":2},"geometry":{"type":"Point","coordinates":[112.543,37.877]}},{"type":"Feature","properties":{"name_en":"Wuhan","name_zh":"武汉","iso3":"CHN","adm1_name":"Hubei","scalerank":2},"geometry":{"type":"Point","coordinates":[114.268,30.582]}},{"type":"Feature","properties":{"name_en":"Changsha","name_zh":"长沙","iso3":"CHN","adm1_name":"Hunan","scalerank":2},"geometry":{"type":"Point","coordinates":[112.968,28.202]}},{"type":"Feature","properties":{"name_en":"Kunming","name_zh":"昆明","iso3":"CHN","adm1_name":"Yunnan","scalerank":2},"geometry":{"type":"Point","coordinates":[102.697,25.043]}},{"type":"Feature","properties":{"name_en":"Zhengzhou","name_zh":"郑州","iso3":"CHN","adm1_name":"Henan","scalerank":2},"geometry":{"type":"Point","coordinates":[113.663,34.757]}},{"type":"Feature","properties":{"name_en":"Shenyang","name_zh":"沈阳","iso3":"CHN","adm1_name":"Liaoning","scalerank":2},"geometry":{"type":"Point","coordinates":[123.448,41.807]}},{"type":"Feature","properties":{"name_en":"Jinan","name_zh":"济南","iso3":"CHN","adm1_name":"Shandong","scalerank":2},"geometry":{"type":"Point","coordinates":[116.993,36.677]}},{"type":"Feature","properties":{"name_en":"Tianjin","name_zh":"天津","iso3":"CHN","adm1_name":"Tianjin","scalerank":2},"geometry":{"type":"Point","coordinates":[117.197,39.083]}},{"type":"Feature","properties":{"name_en":"Nanchang","name_zh":"南昌","iso3":"CHN","adm1_name":"Jiangxi","scalerank":2},"geometry":{"type":"Point","coordinates":[115.878,28.682]}},{"type":"Feature","properties":{"name_en":"Nanjing","name_zh":"南京","iso3":"CHN","adm1_name":"Jiangsu","scalerank":2},"geometry":{"type":"Point","coordinates":[118.778,32.052]}},{"type":"Feature","properties":{"name_en":"Hangzhou","name_zh":"杭州","iso3":"CHN","adm1_name":"Zhejiang","scalerank":2},"geometry":{"type":"Point","coordinates":[120.168,30.252]}},{"type":"Feature","properties":{"name_en":"Hiroshima","name_zh":"广岛","iso3":"JPN","adm1_name":"Hiroshima","scalerank":2},"geometry":{"type":"Point","coordinates":[132.441,34.39]}},{"type":"Feature","properties":{"name_en":"Changchun","name_zh":"长春","iso3":"CHN","adm1_name":"Jilin","scalerank":2},"geometry":{"type":"Point","coordinates":[125.338,43.867]}},{"type":"Feature","properties":{"name_en":"Baotou","name_zh":"包头","iso3":"CHN","adm1_name":"Nei Mongol","scalerank":2},"geometry":{"type":"Point","coordinates":[109.82,40.654]}},{"type":"Feature","properties":{"name_en":"Harbin","name_zh":"哈尔滨","iso3":"CHN","adm1_name":"Heilongjiang","scalerank":2},"geometry":{"type":"Point","coordinates":[126.648,45.752]}},{"type":"Feature","properties":{"name_en":"Sapporo","name_zh":"札幌","iso3":"JPN","adm1_name":"Hokkaido","scalerank":2},"geometry":{"type":"Point","coordinates":[141.338,43.077]}},{"type":"Feature","properties":{"name_en":"Santo Domingo","name_zh":"圣多明哥","iso3":"DOM","adm1_name":"Distrito Nacional","scalerank":2},"geometry":{"type":"Point","coordinates":[-69.93,18.471]}},{"type":"Feature","properties":{"name_en":"Accra","name_zh":"阿克拉","iso3":"GHA","adm1_name":"Greater Accra","scalerank":2},"geometry":{"type":"Point","coordinates":[-0.219,5.552]}},{"type":"Feature","properties":{"name_en":"Delhi","name_zh":"德里","iso3":"IND","adm1_name":"Delhi","scalerank":2},"geometry":{"type":"Point","coordinates":[77.228,28.672]}},{"type":"Feature","properties":{"name_en":"Hyderabad","name_zh":"海德拉巴","iso3":"IND","adm1_name":"Telangana","scalerank":2},"geometry":{"type":"Point","coordinates":[78.478,17.402]}},{"type":"Feature","properties":{"name_en":"Pune","name_zh":"浦那","iso3":"IND","adm1_name":"Maharashtra","scalerank":2},"geometry":{"type":"Point","coordinates":[73.852,18.516]}},{"type":"Feature","properties":{"name_en":"Nagpur","name_zh":"纳格普尔","iso3":"IND","adm1_name":"Maharashtra","scalerank":2},"geometry":{"type":"Point","coordinates":[79.088,21.172]}},{"type":"Feature","properties":{"name_en":"Tripoli","name_zh":"的黎波里","iso3":"LBY","adm1_name":"Tajura' wa an Nawahi al Arba","scalerank":2},"geometry":{"type":"Point","coordinates":[13.18,32.892]}},{"type":"Feature","properties":{"name_en":"Tel Aviv","name_zh":"特拉维夫","iso3":"ISR","adm1_name":"Tel Aviv","scalerank":2},"geometry":{"type":"Point","coordinates":[34.768,32.082]}},{"type":"Feature","properties":{"name_en":"Helsinki","name_zh":"赫尔辛基","iso3":"FIN","adm1_name":"Southern Finland","scalerank":2},"geometry":{"type":"Point","coordinates":[24.932,60.164]}},{"type":"Feature","properties":{"name_en":"Mashhad","name_zh":"马什哈德","iso3":"IRN","adm1_name":"Razavi Khorasan","scalerank":2},"geometry":{"type":"Point","coordinates":[59.568,36.272]}},{"type":"Feature","properties":{"name_en":"Jaipur","name_zh":"斋浦尔","iso3":"IND","adm1_name":"Rajasthan","scalerank":2},"geometry":{"type":"Point","coordinates":[75.808,26.923]}},{"type":"Feature","properties":{"name_en":"Kanpur","name_zh":"坎普尔","iso3":"IND","adm1_name":"Uttar Pradesh","scalerank":2},"geometry":{"type":"Point","coordinates":[80.318,26.462]}},{"type":"Feature","properties":{"name_en":"Patna","name_zh":"巴特那","iso3":"IND","adm1_name":"Bihar","scalerank":2},"geometry":{"type":"Point","coordinates":[85.128,25.627]}},{"type":"Feature","properties":{"name_en":"Chennai","name_zh":"金奈","iso3":"IND","adm1_name":"Tamil Nadu","scalerank":2},"geometry":{"type":"Point","coordinates":[80.278,13.092]}},{"type":"Feature","properties":{"name_en":"Ahmedabad","name_zh":"阿麼达巴德","iso3":"IND","adm1_name":"Dadra and Nagar Haveli","scalerank":2},"geometry":{"type":"Point","coordinates":[72.578,23.032]}},{"type":"Feature","properties":{"name_en":"Surat","name_zh":"苏拉特","iso3":"IND","adm1_name":"Dadra and Nagar Haveli","scalerank":2},"geometry":{"type":"Point","coordinates":[72.838,21.202]}},{"type":"Feature","properties":{"name_en":"Copenhagen","name_zh":"哥本哈根","iso3":"DNK","adm1_name":"Hovedstaden","scalerank":2},"geometry":{"type":"Point","coordinates":[12.562,55.681]}},{"type":"Feature","properties":{"name_en":"Abidjan","name_zh":"阿比让","iso3":"CIV","adm1_name":"Lagunes","scalerank":2},"geometry":{"type":"Point","coordinates":[-4.02,5.323]}},{"type":"Feature","properties":{"name_en":"Belém","name_zh":"贝伦","iso3":"BRA","adm1_name":"Pará","scalerank":2},"geometry":{"type":"Point","coordinates":[-48.482,-1.448]}},{"type":"Feature","properties":{"name_en":"Brasília","name_zh":"巴西利亚","iso3":"BRA","adm1_name":"Distrito Federal","scalerank":2},"geometry":{"type":"Point","coordinates":[-47.918,-15.781]}},{"type":"Feature","properties":{"name_en":"Porto Alegre","name_zh":"阿雷格里港","iso3":"BRA","adm1_name":"Rio Grande do Sul","scalerank":2},"geometry":{"type":"Point","coordinates":[-51.202,-30.048]}},{"type":"Feature","properties":{"name_en":"Curitiba","name_zh":"库里奇巴","iso3":"BRA","adm1_name":"Paraná","scalerank":2},"geometry":{"type":"Point","coordinates":[-49.322,-25.418]}},{"type":"Feature","properties":{"name_en":"Fortaleza","name_zh":"福塔雷萨","iso3":"BRA","adm1_name":"Ceará","scalerank":2},"geometry":{"type":"Point","coordinates":[-38.582,-3.748]}},{"type":"Feature","properties":{"name_en":"Salvador","name_zh":"萨尔瓦多","iso3":"BRA","adm1_name":"Bahia","scalerank":2},"geometry":{"type":"Point","coordinates":[-38.482,-12.968]}},{"type":"Feature","properties":{"name_en":"Edmonton","name_zh":"埃德蒙顿","iso3":"CAN","adm1_name":"Alberta","scalerank":2},"geometry":{"type":"Point","coordinates":[-113.502,53.552]}},{"type":"Feature","properties":{"name_en":"Montreal","name_zh":"蒙特利尔","iso3":"CAN","adm1_name":"Québec","scalerank":2},"geometry":{"type":"Point","coordinates":[-73.585,45.502]}},{"type":"Feature","properties":{"name_en":"Goiânia","name_zh":"戈亚尼亚","iso3":"BRA","adm1_name":"Goiás","scalerank":2},"geometry":{"type":"Point","coordinates":[-49.302,-16.718]}},{"type":"Feature","properties":{"name_en":"Recife","name_zh":"累西腓","iso3":"BRA","adm1_name":"Pernambuco","scalerank":2},"geometry":{"type":"Point","coordinates":[-34.909,-8.061]}},{"type":"Feature","properties":{"name_en":"Brussels","name_zh":"布鲁塞尔","iso3":"BEL","adm1_name":"Brussels","scalerank":2},"geometry":{"type":"Point","coordinates":[4.331,50.835]}},{"type":"Feature","properties":{"name_en":"Dhaka","name_zh":"达卡","iso3":"BGD","adm1_name":"Dhaka","scalerank":2},"geometry":{"type":"Point","coordinates":[90.407,23.725]}},{"type":"Feature","properties":{"name_en":"Luanda","name_zh":"罗安达","iso3":"AGO","adm1_name":"Luanda","scalerank":2},"geometry":{"type":"Point","coordinates":[13.232,-8.836]}},{"type":"Feature","properties":{"name_en":"Algiers","name_zh":"阿尔及尔","iso3":"DZA","adm1_name":"Alger","scalerank":2},"geometry":{"type":"Point","coordinates":[3.049,36.765]}},{"type":"Feature","properties":{"name_en":"Chattogram","name_zh":"吉大港","iso3":"BGD","adm1_name":"Chittagong","scalerank":2},"geometry":{"type":"Point","coordinates":[91.798,22.332]}},{"type":"Feature","properties":{"name_en":"Perth","name_zh":"珀斯","iso3":"AUS","adm1_name":"Western Australia","scalerank":2},"geometry":{"type":"Point","coordinates":[115.838,-31.953]}},{"type":"Feature","properties":{"name_en":"Yangon","name_zh":"仰光","iso3":"MMR","adm1_name":"Yangon","scalerank":2},"geometry":{"type":"Point","coordinates":[96.165,16.785]}},{"type":"Feature","properties":{"name_en":"San Francisco","name_zh":"旧金山","iso3":"USA","adm1_name":"California","scalerank":1},"geometry":{"type":"Point","coordinates":[-122.4,37.784]}},{"type":"Feature","properties":{"name_en":"Denver","name_zh":"丹佛","iso3":"USA","adm1_name":"Colorado","scalerank":1},"geometry":{"type":"Point","coordinates":[-104.986,39.741]}},{"type":"Feature","properties":{"name_en":"Houston","name_zh":"休斯敦","iso3":"USA","adm1_name":"Texas","scalerank":1},"geometry":{"type":"Point","coordinates":[-95.348,29.741]}},{"type":"Feature","properties":{"name_en":"Miami","name_zh":"迈阿密","iso3":"USA","adm1_name":"Florida","scalerank":1},"geometry":{"type":"Point","coordinates":[-80.226,25.79]}},{"type":"Feature","properties":{"name_en":"Atlanta","name_zh":"亚特兰大","iso3":"USA","adm1_name":"Georgia","scalerank":1},"geometry":{"type":"Point","coordinates":[-84.368,33.739]}},{"type":"Feature","properties":{"name_en":"Chicago","name_zh":"芝加哥","iso3":"USA","adm1_name":"Illinois","scalerank":1},"geometry":{"type":"Point","coordinates":[-87.635,41.848]}},{"type":"Feature","properties":{"name_en":"Caracas","name_zh":"加拉加斯","iso3":"VEN","adm1_name":"Distrito Capital","scalerank":1},"geometry":{"type":"Point","coordinates":[-66.919,10.503]}},{"type":"Feature","properties":{"name_en":"Kyiv","name_zh":"基辅","iso3":"UKR","adm1_name":"Kiev","scalerank":1},"geometry":{"type":"Point","coordinates":[30.515,50.435]}},{"type":"Feature","properties":{"name_en":"Dubai","name_zh":"迪拜","iso3":"ARE","adm1_name":"Dubay","scalerank":1},"geometry":{"type":"Point","coordinates":[55.287,25.215]}},{"type":"Feature","properties":{"name_en":"Tashkent","name_zh":"塔什干","iso3":"UZB","adm1_name":"Tashkent","scalerank":1},"geometry":{"type":"Point","coordinates":[69.269,41.304]}},{"type":"Feature","properties":{"name_en":"Madrid","name_zh":"马德里","iso3":"ESP","adm1_name":"Comunidad de Madrid","scalerank":1},"geometry":{"type":"Point","coordinates":[-3.685,40.402]}},{"type":"Feature","properties":{"name_en":"Geneva","name_zh":"日内瓦","iso3":"CHE","adm1_name":"Genève","scalerank":1},"geometry":{"type":"Point","coordinates":[6.14,46.21]}},{"type":"Feature","properties":{"name_en":"Stockholm","name_zh":"斯德哥尔摩","iso3":"SWE","adm1_name":"Stockholm","scalerank":1},"geometry":{"type":"Point","coordinates":[18.066,59.324]}},{"type":"Feature","properties":{"name_en":"Bangkok","name_zh":"曼谷","iso3":"THA","adm1_name":"Bangkok Metropolis","scalerank":1},"geometry":{"type":"Point","coordinates":[100.515,13.752]}},{"type":"Feature","properties":{"name_en":"Lima","name_zh":"利马","iso3":"PER","adm1_name":"Lima","scalerank":1},"geometry":{"type":"Point","coordinates":[-77.052,-12.046]}},{"type":"Feature","properties":{"name_en":"Dakar","name_zh":"达喀尔","iso3":"SEN","adm1_name":"Dakar","scalerank":1},"geometry":{"type":"Point","coordinates":[-17.475,14.718]}},{"type":"Feature","properties":{"name_en":"Johannesburg","name_zh":"约翰内斯堡","iso3":"ZAF","adm1_name":"Gauteng","scalerank":1},"geometry":{"type":"Point","coordinates":[28.028,-26.168]}},{"type":"Feature","properties":{"name_en":"Amsterdam","name_zh":"阿姆斯特丹","iso3":"NLD","adm1_name":"Noord-Holland","scalerank":1},"geometry":{"type":"Point","coordinates":[4.915,52.352]}},{"type":"Feature","properties":{"name_en":"Casablanca","name_zh":"卡萨布兰卡","iso3":"MAR","adm1_name":"Grand Casablanca","scalerank":1},"geometry":{"type":"Point","coordinates":[-7.618,33.602]}},{"type":"Feature","properties":{"name_en":"Seoul","name_zh":"首尔","iso3":"KOR","adm1_name":"Seoul","scalerank":1},"geometry":{"type":"Point","coordinates":[126.998,37.568]}},{"type":"Feature","properties":{"name_en":"Manila","name_zh":"马尼拉","iso3":"PHL","adm1_name":"Metropolitan Manila","scalerank":1},"geometry":{"type":"Point","coordinates":[120.98,14.606]}},{"type":"Feature","properties":{"name_en":"Monterrey","name_zh":"蒙特雷","iso3":"MEX","adm1_name":"Nuevo León","scalerank":1},"geometry":{"type":"Point","coordinates":[-100.332,25.672]}},{"type":"Feature","properties":{"name_en":"Berlin","name_zh":"柏林","iso3":"DEU","adm1_name":"Berlin","scalerank":1},"geometry":{"type":"Point","coordinates":[13.4,52.524]}},{"type":"Feature","properties":{"name_en":"Ürümqi","name_zh":"乌鲁木齐","iso3":"CHN","adm1_name":"Xinjiang Uygur","scalerank":1},"geometry":{"type":"Point","coordinates":[87.573,43.807]}},{"type":"Feature","properties":{"name_en":"Chengdu","name_zh":"成都","iso3":"CHN","adm1_name":"Sichuan","scalerank":1},"geometry":{"type":"Point","coordinates":[104.068,30.672]}},{"type":"Feature","properties":{"name_en":"Osaka","name_zh":"大阪","iso3":"JPN","adm1_name":"Osaka","scalerank":1},"geometry":{"type":"Point","coordinates":[135.504,34.691]}},{"type":"Feature","properties":{"name_en":"Kinshasa","name_zh":"金沙萨","iso3":"COD","adm1_name":"Kinshasa City","scalerank":1},"geometry":{"type":"Point","coordinates":[15.313,-4.328]}},{"type":"Feature","properties":{"name_en":"New Delhi","name_zh":"新德里","iso3":"IND","adm1_name":"Delhi","scalerank":1},"geometry":{"type":"Point","coordinates":[77.2,28.6]}},{"type":"Feature","properties":{"name_en":"Bengaluru","name_zh":"班加罗尔","iso3":"IND","adm1_name":"Karnataka","scalerank":1},"geometry":{"type":"Point","coordinates":[77.558,12.972]}},{"type":"Feature","properties":{"name_en":"Athens","name_zh":"雅典","iso3":"GRC","adm1_name":"Attiki","scalerank":1},"geometry":{"type":"Point","coordinates":[23.731,37.985]}},{"type":"Feature","properties":{"name_en":"Baghdad","name_zh":"巴格达","iso3":"IRQ","adm1_name":"Baghdad","scalerank":1},"geometry":{"type":"Point","coordinates":[44.392,33.341]}},{"type":"Feature","properties":{"name_en":"Addis Ababa","name_zh":"亚的斯亚贝巴","iso3":"ETH","adm1_name":"Addis Ababa","scalerank":1},"geometry":{"type":"Point","coordinates":[38.698,9.035]}},{"type":"Feature","properties":{"name_en":"Tehran","name_zh":"德黑兰","iso3":"IRN","adm1_name":"Tehran","scalerank":1},"geometry":{"type":"Point","coordinates":[51.422,35.674]}},{"type":"Feature","properties":{"name_en":"Vancouver","name_zh":"温哥华","iso3":"CAN","adm1_name":"British Columbia","scalerank":1},"geometry":{"type":"Point","coordinates":[-123.124,49.275]}},{"type":"Feature","properties":{"name_en":"Toronto","name_zh":"多伦多","iso3":"CAN","adm1_name":"Ontario","scalerank":1},"geometry":{"type":"Point","coordinates":[-79.389,43.665]}},{"type":"Feature","properties":{"name_en":"Buenos Aires","name_zh":"布宜诺斯艾利斯","iso3":"ARG","adm1_name":"Ciudad de Buenos Aires","scalerank":1},"geometry":{"type":"Point","coordinates":[-58.433,-34.611]}},{"type":"Feature","properties":{"name_en":"Kabul","name_zh":"喀布尔","iso3":"AFG","adm1_name":"Kabul","scalerank":1},"geometry":{"type":"Point","coordinates":[69.181,34.519]}},{"type":"Feature","properties":{"name_en":"Vienna","name_zh":"维也纳","iso3":"AUT","adm1_name":"Wien","scalerank":1},"geometry":{"type":"Point","coordinates":[16.365,48.202]}},{"type":"Feature","properties":{"name_en":"Melbourne","name_zh":"墨尔本","iso3":"AUS","adm1_name":"Victoria","scalerank":1},"geometry":{"type":"Point","coordinates":[144.973,-37.818]}},{"type":"Feature","properties":{"name_en":"Taipei","name_zh":"台北","iso3":"TWN","adm1_name":"Taipei City","scalerank":1},"geometry":{"type":"Point","coordinates":[121.568,25.036]}},{"type":"Feature","properties":{"name_en":"Auckland","name_zh":"奥克兰都会区","iso3":"NZL","adm1_name":"Auckland","scalerank":1},"geometry":{"type":"Point","coordinates":[174.763,-36.848]}},{"type":"Feature","properties":{"name_en":"Los Angeles","name_zh":"洛杉矶","iso3":"USA","adm1_name":"California","scalerank":0},"geometry":{"type":"Point","coordinates":[-118.232,34.049]}},{"type":"Feature","properties":{"name_en":"Washington","name_zh":"华盛顿哥伦比亚特区","iso3":"USA","adm1_name":"District of Columbia","scalerank":0},"geometry":{"type":"Point","coordinates":[-77.011,38.901]}},{"type":"Feature","properties":{"name_en":"New York City","name_zh":"纽约","iso3":"USA","adm1_name":"New York","scalerank":0},"geometry":{"type":"Point","coordinates":[-73.996,40.722]}},{"type":"Feature","properties":{"name_en":"London","name_zh":"伦敦","iso3":"GBR","adm1_name":"Westminster","scalerank":0},"geometry":{"type":"Point","coordinates":[-0.119,51.502]}},{"type":"Feature","properties":{"name_en":"Istanbul","name_zh":"伊斯坦布尔","iso3":"TUR","adm1_name":"Istanbul","scalerank":0},"geometry":{"type":"Point","coordinates":[28.974,41.018]}},{"type":"Feature","properties":{"name_en":"Riyadh","name_zh":"利雅德","iso3":"SAU","adm1_name":"Ar Riyad","scalerank":0},"geometry":{"type":"Point","coordinates":[46.72,24.634]}},{"type":"Feature","properties":{"name_en":"Cape Town","name_zh":"开普敦","iso3":"ZAF","adm1_name":"Western Cape","scalerank":0},"geometry":{"type":"Point","coordinates":[18.433,-33.918]}},{"type":"Feature","properties":{"name_en":"Moscow","name_zh":"莫斯科","iso3":"RUS","adm1_name":"Moskva","scalerank":0},"geometry":{"type":"Point","coordinates":[37.614,55.754]}},{"type":"Feature","properties":{"name_en":"Mexico City","name_zh":"墨西哥城","iso3":"MEX","adm1_name":"Distrito Federal","scalerank":0},"geometry":{"type":"Point","coordinates":[-99.133,19.444]}},{"type":"Feature","properties":{"name_en":"Lagos","name_zh":"拉各斯","iso3":"NGA","adm1_name":"Lagos","scalerank":0},"geometry":{"type":"Point","coordinates":[3.39,6.445]}},{"type":"Feature","properties":{"name_en":"Rome","name_zh":"罗马","iso3":"ITA","adm1_name":"Lazio","scalerank":0},"geometry":{"type":"Point","coordinates":[12.481,41.898]}},{"type":"Feature","properties":{"name_en":"Beijing","name_zh":"北京","iso3":"CHN","adm1_name":"Beijing","scalerank":0},"geometry":{"type":"Point","coordinates":[116.394,39.902]}},{"type":"Feature","properties":{"name_en":"Nairobi","name_zh":"内罗毕","iso3":"KEN","adm1_name":"Nairobi","scalerank":0},"geometry":{"type":"Point","coordinates":[36.815,-1.281]}},{"type":"Feature","properties":{"name_en":"Jakarta","name_zh":"雅加达","iso3":"IDN","adm1_name":"Jakarta Raya","scalerank":0},"geometry":{"type":"Point","coordinates":[106.827,-6.172]}},{"type":"Feature","properties":{"name_en":"Bogotá","name_zh":"波哥大","iso3":"COL","adm1_name":"Bogota","scalerank":0},"geometry":{"type":"Point","coordinates":[-74.085,4.598]}},{"type":"Feature","properties":{"name_en":"Cairo","name_zh":"开罗","iso3":"EGY","adm1_name":"Al Qahirah","scalerank":0},"geometry":{"type":"Point","coordinates":[31.248,30.052]}},{"type":"Feature","properties":{"name_en":"Shanghai","name_zh":"上海","iso3":"CHN","adm1_name":"Shanghai","scalerank":0},"geometry":{"type":"Point","coordinates":[121.435,31.218]}},{"type":"Feature","properties":{"name_en":"Tokyo","name_zh":"东京","iso3":"JPN","adm1_name":"Tokyo","scalerank":0},"geometry":{"type":"Point","coordinates":[139.749,35.687]}},{"type":"Feature","properties":{"name_en":"Mumbai","name_zh":"孟买","iso3":"IND","adm1_name":"Maharashtra","scalerank":0},"geometry":{"type":"Point","coordinates":[72.876,19.068]}},{"type":"Feature","properties":{"name_en":"Paris","name_zh":"巴黎","iso3":"FRA","adm1_name":"Île-de-France","scalerank":0},"geometry":{"type":"Point","coordinates":[2.353,48.858]}},{"type":"Feature","properties":{"name_en":"Santiago","name_zh":"圣地亚哥","iso3":"CHL","adm1_name":"Región Metropolitana de Santiago","scalerank":0},"geometry":{"type":"Point","coordinates":[-70.651,-33.44]}},{"type":"Feature","properties":{"name_en":"Kolkata","name_zh":"加尔各答","iso3":"IND","adm1_name":"West Bengal","scalerank":0},"geometry":{"type":"Point","coordinates":[88.369,22.57]}},{"type":"Feature","properties":{"name_en":"Rio de Janeiro","name_zh":"里约热内卢","iso3":"BRA","adm1_name":"Rio de Janeiro","scalerank":0},"geometry":{"type":"Point","coordinates":[-43.212,-22.907]}},{"type":"Feature","properties":{"name_en":"São Paulo","name_zh":"圣保罗","iso3":"BRA","adm1_name":"São Paulo","scalerank":0},"geometry":{"type":"Point","coordinates":[-46.627,-23.557]}},{"type":"Feature","properties":{"name_en":"Sydney","name_zh":"悉尼","iso3":"AUS","adm1_name":"New South Wales","scalerank":0},"geometry":{"type":"Point","coordinates":[151.213,-33.871]}},{"type":"Feature","properties":{"name_en":"Singapore","name_zh":"新加坡","iso3":"SGP","adm1_name":"","scalerank":0},"geometry":{"type":"Point","coordinates":[103.854,1.295]}},{"type":"Feature","properties":{"name_en":"Hong Kong","name_zh":"香港","iso3":"HKG","adm1_name":"","scalerank":0},"geometry":{"type":"Point","coordinates":[114.183,22.307]}}]}
